ID,Material,Unidades fabricadas
5,500063,414
140,500063,462
42,500063,552
101,500063,450
84,500261,354
71,500466,224
186,500519,412
107,500849,7230
85,500849,304
144,500849,400
29,500849,962
145,500849,208
77,500849,700
92,500849,4392
9,500849,4056
49,500849,4626
90,500849,1152
75,500849,3804
42,500849,1264
102,500849,904
76,500849,4208
123,500849,240
141,500849,14088
210,500849,328
55,500861,708
211,500861,246
138,500861,1992
71,500879,272
115,500879,208
20,500883,714
84,500883,1280
212,506274,180
107,506275,2648
29,506275,738
61,506275,720
123,506275,264
141,506275,4672
86,506552,454
72,506552,1540
123,506791,638
84,506824,358
25,507129,582
5,507298,830
92,507298,216
212,507298,330
107,507390,5902
85,507390,486
5,507390,6128
6,507390,4122
29,507390,826
77,507390,1638
92,507390,2102
138,507390,1996
49,507390,3570
134,507390,1910
75,507390,2282
78,507390,1200
42,507390,2026
76,507390,2976
123,507390,798
141,507390,2450
213,507390,104
85,507402,208
5,507402,1718
59,507402,228
77,507402,1102
49,507402,840
75,507402,2182
42,507402,1128
102,507402,444
123,507402,1256
123,518161,252
67,518423,224
20,518423,1040
182,518423,2858
4,518423,1142
84,518423,3502
214,518423,742
107,518716,5100
5,518716,476
68,518716,1628
29,518716,200
77,518716,7672
49,518716,606
134,518716,764
90,518716,2110
75,518716,280
42,518716,2704
102,518716,300
76,518716,12162
123,518716,1362
141,518716,15758
215,518716,348
107,518717,1920
85,518717,1152
5,518717,396
216,518717,196
29,518717,234
77,518717,3566
92,518717,3418
74,518717,306
134,518717,600
75,518717,2738
42,518717,1328
102,518717,554
76,518717,4534
217,518717,350
212,518717,200
49,518718,520
134,518718,280
141,518718,1094
218,518926,544
102,518926,198
86,518937,856
72,518937,1416
57,518937,450
98,519050,1524
144,519050,1884
186,519050,694
187,519050,906
110,519050,2056
211,519050,690
109,519050,324
138,519050,1008
164,519050,2924
90,519050,14104
48,519050,1416
107,519933,10370
5,519933,628
29,519933,476
77,519933,1098
92,519933,472
49,519933,5658
75,519933,1694
101,519933,1188
57,519933,384
76,519933,9092
123,519933,708
141,519933,10884
186,521484,198
138,521484,306
74,521484,270
115,521484,240
77,521935,108
49,521935,1906
134,521935,952
42,521935,1496
219,521935,222
107,521936,22178
85,521936,224
29,521936,216
61,521936,3748
49,521936,2204
134,521936,834
164,521936,2666
72,521936,4058
75,521936,1470
42,521936,1860
102,521936,3150
101,521936,348
76,521936,15946
123,521936,1788
141,521936,2220
212,521936,98
219,521936,374
107,521940,1956
134,521940,822
72,521940,3230
42,521940,198
218,521940,900
76,521940,6888
141,521940,4788
144,521983,712
110,521983,2110
211,521983,1708
109,521983,936
77,521983,336
138,521983,2776
164,521983,1800
115,521983,544
90,521983,18754
48,521983,2512
25,521991,3300
6,521991,1432
67,521991,3042
9,521991,868
147,521991,5694
160,521991,4840
107,522647,4308
144,522647,216
109,522647,1284
77,522647,1454
92,522647,176
134,522647,2264
72,522647,260
90,522647,1596
75,522647,2746
42,522647,2004
102,522647,676
141,522647,2942
220,522647,276
107,522648,4276
140,522648,1584
145,522648,1236
77,522648,1062
49,522648,260
164,522648,930
72,522648,1406
90,522648,306
218,522648,2130
102,522648,456
101,522648,588
76,522648,782
217,522648,432
220,522648,364
212,522648,120
219,522648,108
146,523197,644
67,523197,5510
182,523197,8872
10,523197,1722
72,523197,3216
35,523237,724
212,523249,558
69,523648,18294
189,523648,2918
86,524021,974
72,524021,312
58,524021,818
92,524119,198
123,524119,296
35,524632,552
33,524632,208
25,525486,700
120,525486,2700
221,525486,1112
222,525486,600
47,525486,1722
195,525486,3212
218,525865,1110
69,526425,618
189,526425,832
29,526460,888
69,526474,2752
107,526495,1788
77,526495,1570
92,526495,816
61,526495,1908
42,526495,2016
101,526495,1986
76,526495,5284
123,526495,1682
141,526495,1044
69,526627,5870
5,526785,412
6,526785,876
29,526785,384
202,526785,238
92,526785,1644
49,526785,1124
75,526785,1092
42,526785,4006
101,526785,888
144,526792,1154
25,526875,360
187,526875,264
93,526875,600
223,526875,744
78,526875,1572
35,527017,320
86,527070,288
72,527070,1240
5,527133,1312
5,527607,920
49,527607,542
75,527607,484
123,527607,1200
107,527723,3996
5,527723,4444
145,527723,4334
71,527723,204
49,527723,560
75,527723,1244
101,527723,3836
141,527723,3408
217,527723,270
212,527723,232
219,527723,174
5,527728,1958
211,527759,892
115,527759,1654
217,527759,810
220,527759,100
212,527759,192
2,527781,384
224,527781,500
5,528177,530
22,528205,3452
35,528205,988
77,528219,526
92,528219,2372
218,528219,2196
141,528219,1758
225,528745,996
226,528745,4548
28,528745,750
98,529178,418
29,529792,1026
72,529792,288
42,529792,828
5,529793,336
126,529793,470
57,529793,208
227,529943,2582
187,529943,200
189,530290,1482
32,530508,624
228,530508,240
123,530567,264
144,530697,1098
186,530697,800
110,530697,720
138,530697,3798
164,530697,390
90,530697,20078
125,530697,648
48,530697,1162
146,530877,250
66,530879,302
120,530924,264
64,530924,360
17,530924,352
47,530924,610
157,530924,256
155,530924,240
78,530924,2312
159,530924,212
2,531119,792
35,531119,768
212,531513,120
69,532297,638
77,533478,190
49,533478,230
71,533618,1200
90,533618,228
35,533884,942
33,533884,752
61,534458,462
25,534904,1176
66,534904,864
143,534904,1120
32,534904,728
112,534904,628
138,534904,230
229,534904,400
228,534904,1022
108,534904,804
125,534904,716
71,534999,246
230,535019,336
3,535019,352
59,535019,224
216,535019,768
169,535019,1612
12,535019,576
126,535019,256
22,535058,6274
35,535058,620
226,535058,198
25,535765,1782
28,535812,1364
33,535812,1514
69,535892,2742
202,535990,912
9,535990,1028
147,535990,1388
25,536466,1364
39,536466,612
231,536466,248
226,536466,3636
232,536466,804
28,536466,1104
144,536507,2852
186,536507,4728
187,536507,660
110,536507,1600
109,536507,1446
77,536507,480
138,536507,6870
90,536507,23440
48,536507,2024
233,536508,618
110,536508,252
211,536508,936
109,536508,1546
164,536508,1222
90,536508,15304
48,536508,208
70,536575,1590
46,536575,792
166,536575,6920
67,536720,1306
75,536720,2454
220,536720,534
212,536720,216
213,536720,622
107,536724,3836
85,536724,1240
77,536724,780
49,536724,1208
72,536724,1528
90,536724,2856
42,536724,1548
102,536724,1532
101,536724,2204
76,536724,4432
160,536724,308
123,536724,934
107,536727,2776
92,536727,506
90,536727,2788
75,536727,1348
102,536727,442
101,536727,390
76,536727,1128
98,536825,640
234,536825,2440
120,536825,2432
110,536825,13254
109,536825,15430
138,536825,2214
88,536825,400
164,536825,8414
235,536825,1920
115,536825,2660
90,536825,5342
48,536825,19220
53,536825,966
188,536826,2808
50,536826,720
98,536826,1254
62,536826,1700
117,536826,3432
106,536826,1224
187,536826,1240
110,536826,15492
109,536826,14498
88,536826,510
164,536826,4172
115,536826,4052
90,536826,3204
48,536826,9410
52,536826,2064
1,536883,1668
69,536883,1508
151,536883,2392
58,536883,972
71,536897,252
231,537107,452
235,537136,462
143,537157,3010
120,537157,796
236,537157,1528
51,537157,640
84,537157,318
125,537157,1754
233,537209,1096
21,537209,906
46,537209,452
236,537209,1132
124,537209,264
96,537209,2618
8,537209,270
228,537209,1710
237,537209,660
155,537209,692
159,537209,640
122,537209,652
62,537463,234
45,537463,384
47,537463,740
78,537463,348
34,537474,1224
132,537474,2352
139,537474,1618
96,537474,1176
107,537497,4152
5,537497,6770
77,537497,1012
72,537497,9588
75,537497,1562
42,537497,296
102,537497,920
101,537497,588
76,537497,2964
123,537497,1592
141,537497,5282
227,537611,10154
76,537866,1122
217,537866,490
210,537866,468
98,538063,230
109,538063,432
235,538063,912
220,538075,120
46,538184,474
22,538233,3246
35,538233,762
186,538234,468
211,538234,1044
71,538234,1364
138,538234,774
115,538234,418
90,538234,950
187,538350,438
107,538472,1238
85,538472,1968
5,538472,9852
29,538472,400
92,538472,204
49,538472,800
42,538472,720
218,538472,304
102,538472,300
101,538472,1278
76,538472,2682
123,538472,1728
107,538571,3618
67,538571,564
71,538571,486
202,538571,200
77,538571,280
92,538571,408
138,538571,4384
232,538571,1118
49,538571,224
72,538571,6518
115,538571,280
90,538571,1904
75,538571,3860
147,538571,3460
42,538571,2684
101,538571,250
76,538571,5260
123,538571,1400
141,538571,3382
22,538828,856
227,538995,656
62,539131,572
109,539131,580
98,539336,368
234,539336,868
144,539336,3226
62,539336,1848
110,539336,5772
109,539336,4538
138,539336,2314
88,539336,2556
164,539336,5092
90,539336,1560
48,539336,2834
238,539537,110
107,539552,2112
29,539552,2096
92,539552,1716
134,539552,364
72,539552,4074
90,539552,1418
40,539552,244
42,539552,328
218,539552,1992
101,539552,1820
141,539552,1752
92,539553,246
101,539553,1620
107,539554,1272
77,539554,312
49,539554,1310
101,539554,522
25,539560,378
44,539560,688
57,539560,1224
49,539581,600
134,539581,312
150,539692,432
239,539763,920
62,539771,1154
235,539771,736
6,539989,858
80,539989,1656
67,539989,512
71,539989,296
61,539989,262
57,539989,2682
160,539989,1032
92,540037,1860
76,540037,1492
145,540084,660
123,540084,720
19,540170,4164
229,540170,426
219,540242,360
19,540261,576
219,540733,410
213,540735,120
92,540758,208
72,540758,288
110,540894,3640
109,540894,234
164,540894,738
80,540915,176
187,540915,192
71,540915,1008
138,540915,380
115,540915,364
212,540915,100
219,540915,492
215,540915,100
138,540916,200
90,540916,540
217,540916,110
33,540959,806
32,540992,1160
45,540992,672
47,540992,846
199,540992,536
66,540995,3458
191,540995,1386
32,540995,12384
222,540995,858
93,540995,9444
162,540995,676
229,540995,488
228,540995,480
108,540995,830
150,540995,160
235,540995,2264
47,540995,1380
157,540995,2710
122,540995,9080
32,541035,440
223,541035,1280
157,541035,300
32,541259,578
93,541259,5028
64,541259,260
195,541259,426
81,541259,756
187,541364,360
74,541696,902
115,541696,270
90,541696,1676
104,541734,1500
61,541734,972
147,541734,976
40,541734,1832
160,541734,280
219,541734,200
33,541753,604
107,541888,1824
49,541888,2326
134,541888,442
76,541888,2176
5,541998,1988
29,541998,648
10,541998,1092
92,541998,2034
49,541998,4996
72,541998,688
115,541998,260
90,541998,3168
75,541998,2686
42,541998,660
102,541998,1592
76,541998,3462
123,541998,3632
5,542180,1990
77,542180,248
92,542180,3080
75,542180,832
49,542190,566
211,542337,324
71,542337,444
6,542435,2580
40,542435,220
219,542435,224
146,542436,760
67,542436,336
92,542437,256
134,542437,282
72,542437,3990
76,542437,5482
212,542437,180
219,542437,408
62,542438,2492
72,542438,1518
75,542438,208
57,542438,338
141,542438,1494
10,542440,2798
49,542440,308
75,542440,2496
42,542440,1358
215,542440,336
233,542864,1528
66,542864,2944
62,542864,284
32,542864,2378
187,542864,1016
221,542864,210
236,542864,776
129,542864,280
142,542864,624
47,542864,544
157,542864,468
125,542864,2190
77,543029,408
92,543029,216
49,543029,224
85,543303,426
186,543303,522
187,543303,798
68,543303,2820
29,543303,228
92,543303,1416
134,543303,1858
90,543303,1242
76,543303,1648
123,543303,442
110,543343,504
109,543343,300
106,543348,224
110,543348,892
48,543348,1320
53,543348,240
21,543397,726
59,543397,334
99,543397,726
216,543397,318
51,543397,268
139,543397,296
128,543397,644
126,543397,692
37,543397,856
217,543397,260
20,543408,10050
182,543408,1292
19,543408,966
10,543408,874
71,543504,522
138,543504,238
142,543920,840
138,543920,420
90,543920,1710
109,543936,360
48,543936,970
9,544162,510
61,544162,952
160,544162,908
5,544194,368
231,544426,1336
33,544426,1686
66,544458,314
107,544458,2020
85,544458,2220
140,544458,1146
202,544458,440
92,544458,410
134,544458,1338
75,544458,3520
133,544458,832
42,544458,986
37,544458,810
101,544458,2218
141,544458,4980
74,544490,400
115,544490,1564
186,544491,412
71,544491,642
138,544491,636
140,544662,548
95,544679,424
32,544679,208
55,544679,350
112,544679,298
229,544679,526
228,544679,410
155,544679,252
66,544684,2038
191,544684,2390
38,544684,594
235,544684,1410
125,544684,534
39,544761,2946
51,544770,320
124,544770,656
223,544770,500
107,544915,1364
5,544915,2568
92,544915,280
101,544915,720
147,544917,260
160,544917,1064
20,545034,3348
182,545034,3556
84,545034,192
19,545034,876
160,545034,2262
90,545035,2246
226,545159,372
188,545475,650
110,545475,924
109,545475,2440
164,545475,646
48,545475,2704
67,545667,914
1,545667,2288
61,545667,666
40,545667,2310
58,545667,528
6,546026,288
67,546026,440
40,546026,212
142,546048,680
127,546048,496
90,546048,1942
125,546048,788
143,546057,460
120,546057,272
229,546057,322
85,546080,192
25,546084,524
151,546084,208
146,546136,250
39,546154,1492
231,546154,1310
70,546154,230
62,546154,6244
94,546154,1316
199,546176,664
195,546176,280
84,546177,200
125,546185,234
195,546185,266
75,546230,380
107,546239,2170
191,546239,730
186,546239,500
29,546239,1516
77,546239,520
92,546239,2240
74,546239,542
49,546239,3368
134,546239,180
72,546239,540
75,546239,592
147,546239,1200
42,546239,4252
76,546239,3342
123,546239,1116
166,546261,528
57,546261,540
186,546320,246
77,546320,908
92,546320,252
138,546320,264
74,546320,324
101,546320,952
160,546320,1578
123,546320,1142
186,546322,212
202,546322,376
49,546322,416
123,546322,432
62,546339,352
48,546339,1344
144,546341,168
71,546612,4124
115,546612,962
90,546612,224
219,546612,88
213,546612,2990
186,546613,1476
187,546613,294
211,546613,692
138,546613,180
74,546613,1576
90,546613,4956
20,546653,3008
182,546653,3910
84,546653,6652
19,546653,798
67,546654,520
20,546654,8016
182,546654,4476
110,546654,876
84,546654,3744
19,546654,748
182,546655,1600
191,546677,2084
46,546677,656
142,546677,624
47,546677,800
235,546687,560
67,546772,424
160,546772,632
6,546773,1794
84,546773,276
10,546773,848
90,546773,1156
147,546773,1460
40,546773,304
160,546773,300
77,546796,252
44,546852,706
75,546887,220
42,546887,400
102,546887,208
25,546899,256
146,546899,2276
32,546899,2314
47,546899,826
195,546899,472
217,547082,430
219,547082,1168
25,547173,3386
98,547173,324
144,547173,1080
106,547173,242
46,547173,8042
110,547173,1820
109,547173,3830
164,547173,3490
90,547173,6872
48,547173,600
186,547182,360
102,547182,988
141,547182,4512
166,547261,676
72,547261,8090
57,547261,1790
58,547261,5710
44,547271,1264
70,547271,1872
46,547271,406
166,547271,3248
82,547271,264
140,547276,834
92,547316,246
42,547316,618
6,547333,948
27,547333,1360
67,547333,1284
202,547333,236
61,547333,810
40,547333,582
57,547333,932
160,547333,470
217,547333,112
85,547345,334
92,547345,398
42,547345,206
217,547345,96
213,547345,294
92,547346,276
28,547500,3506
44,547765,222
143,547826,512
47,547826,240
109,548304,7218
164,548304,2180
90,548304,6830
57,548357,780
186,548410,432
138,548410,336
74,548410,1054
90,548410,1180
90,548411,228
227,548414,4252
71,548426,416
84,548609,938
57,548609,880
191,548668,1550
62,548668,1062
78,548668,1948
6,548783,3102
46,548783,1256
182,548783,1328
6,548859,404
32,548950,2596
77,548950,1514
92,548950,918
72,548950,572
42,548950,2462
141,548950,4180
186,549257,440
71,549257,420
212,549257,564
186,549264,500
46,549300,3644
140,549300,248
42,549340,312
75,549342,438
75,549343,220
67,549358,506
32,549397,2158
221,549397,972
236,549397,284
93,549397,776
162,549397,226
131,549397,558
150,549397,800
235,549397,790
157,549397,1638
155,549397,2098
159,549397,550
81,549397,624
66,549403,954
191,549403,858
146,549403,462
32,549403,4932
236,549403,320
110,549403,860
71,549403,772
223,549403,1538
235,549403,1226
125,549403,684
186,549559,476
71,549559,280
138,549559,1098
71,549565,330
74,549565,246
2,549581,492
22,549581,12934
35,549581,3182
25,549666,6510
44,549666,1520
136,549666,3080
3,549666,308
121,549666,3262
0,549666,8266
38,549666,8896
123,549716,1752
77,549813,258
92,549813,274
2,549818,1152
22,549818,1572
77,549861,900
92,549861,630
49,549861,200
42,549879,432
101,549879,510
46,549889,246
143,549892,600
62,549892,630
221,549892,364
51,549892,480
78,549892,396
71,550007,214
74,550015,304
109,550027,308
144,550029,234
88,550029,360
25,550066,642
72,550066,1660
57,550066,816
217,550066,960
220,550066,188
219,550066,100
94,550074,1194
39,550203,466
231,550203,210
28,550203,502
70,550239,536
140,550239,352
82,550239,370
44,550243,656
46,550243,466
166,550243,1016
160,550313,276
219,550313,510
5,550399,986
75,550399,836
42,550399,1472
101,550399,1008
23,550574,1930
7,550574,1272
21,550574,714
97,550574,216
90,550574,1536
91,550574,816
115,550609,266
57,550609,918
34,550753,656
236,550753,300
112,550753,610
25,550768,756
95,550768,386
67,551010,346
69,551095,518
151,551095,498
72,551095,866
57,551095,256
58,551095,912
3,551106,668
29,551199,282
49,551199,538
145,551213,450
202,551213,672
92,551213,2080
74,551213,2146
134,551213,618
42,551213,2380
217,551213,970
25,551393,6358
146,551393,216
43,551393,5874
3,551393,4474
20,551393,1678
0,551393,6770
4,551393,16764
231,551535,514
235,551549,820
105,551651,448
191,551652,300
157,551652,542
72,551744,2800
58,551744,1618
106,551802,248
235,551802,1104
69,551822,20486
189,551822,696
151,551822,3374
85,552117,224
182,552117,2378
84,552117,288
202,552117,1470
77,552117,560
92,552117,312
72,552120,528
49,552127,282
67,552132,1584
62,552163,6562
228,552381,344
2,552458,762
22,552458,1670
186,552479,686
9,552531,492
6,552532,844
72,552631,780
57,552631,1926
69,552704,1748
23,552739,640
21,552739,4490
216,552739,1180
169,552739,744
17,552739,654
56,552739,284
97,552739,936
150,552739,392
126,552739,1344
65,552739,392
160,552739,936
217,552747,604
219,552748,570
225,552806,240
232,552806,420
0,552812,1004
182,552972,280
84,552972,612
120,553074,1680
104,553074,4310
67,553074,12542
84,553074,1304
145,553074,516
202,553074,902
10,553074,3846
9,553074,2372
61,553074,8068
147,553074,4642
57,553074,2586
160,553074,614
58,553074,3734
49,553092,1128
77,553094,1364
85,553099,1170
29,553099,1186
92,553099,198
49,553099,998
72,553099,1668
42,553099,1302
49,553100,382
134,553100,1308
75,553100,222
77,553101,1394
92,553101,1448
17,553101,596
49,553101,244
90,553101,1048
75,553101,648
101,553110,240
76,553110,1890
115,553196,670
43,553440,450
62,553440,112
0,553440,1852
56,553440,364
25,553477,528
233,553477,694
66,553477,854
32,553477,786
236,553477,1086
19,553477,4816
138,553477,1364
229,553477,1052
157,553477,838
125,553477,5266
54,553477,1156
32,553495,430
110,553495,474
235,553495,266
125,553495,208
25,553639,288
58,553639,250
2,553641,1230
22,553641,224
66,554119,468
191,554119,772
32,554119,2550
142,554119,1158
71,554119,540
223,554119,868
108,554119,2314
90,554119,1152
77,554301,368
90,554301,286
92,554304,216
85,554425,234
85,554427,216
77,554516,2040
42,554516,502
123,554516,212
186,554572,648
227,554572,5512
146,554784,264
70,554784,588
46,554784,2962
140,554784,646
82,554784,4002
102,554885,210
66,554905,1466
62,554905,416
127,554905,344
228,554905,410
125,554905,550
46,554925,954
58,554925,2580
110,554961,224
90,554961,1626
187,554963,642
211,554963,700
71,554963,864
115,554963,2632
90,554963,1554
71,554965,794
71,554967,612
9,554967,214
115,554967,940
186,554968,204
74,554968,250
115,554968,456
109,554993,784
90,554993,832
25,555059,3668
3,555059,4708
121,555059,640
0,555059,4728
38,555059,6690
25,555100,1860
43,555100,2696
3,555100,3692
121,555100,272
32,555100,2192
0,555100,2364
4,555100,7588
9,555100,938
56,555100,3038
31,555100,2352
214,555100,240
191,555172,368
120,555172,1314
32,555172,1334
229,555172,336
47,555172,688
157,555172,582
90,555172,508
78,555172,848
125,555172,654
25,555177,782
221,555177,226
217,555184,344
219,555184,198
8,555219,240
46,555278,264
82,555278,944
71,555309,444
74,555309,220
134,555309,1058
42,555309,792
20,555342,6220
182,555342,1446
66,555394,916
191,555394,3328
146,555394,1288
0,555394,578
186,555626,324
90,555626,1204
71,555627,904
90,555627,5704
219,555627,528
240,555627,240
227,555629,31028
186,555646,2006
55,555646,894
187,555646,2088
211,555646,1200
71,555646,736
241,555646,520
138,555646,7772
74,555646,680
115,555646,1066
90,555646,3442
98,555880,2280
144,555880,460
117,555880,4660
88,555880,8784
90,555880,1008
23,555930,6840
7,555930,3340
21,555930,4708
68,555930,4476
169,555930,180
12,555930,3680
37,555930,1480
61,555931,616
40,555931,372
25,555968,1184
231,555968,568
69,555968,1556
226,555968,2372
232,555968,1290
28,555968,1252
202,555992,396
92,555992,216
72,555992,860
32,556046,1628
228,556046,630
96,556056,408
235,556056,714
109,556092,720
90,556092,1584
48,556092,880
186,556099,1508
211,556099,3080
138,556099,2924
74,556099,660
115,556099,5580
90,556099,1114
31,556099,400
187,556123,208
74,556123,698
115,556123,208
186,556126,384
71,556126,592
138,556126,1032
70,556164,368
131,556178,526
9,556429,390
104,556430,1060
10,556430,1736
9,556430,270
107,556570,6696
85,556570,516
29,556570,4800
92,556570,280
138,556570,1216
134,556570,280
75,556570,636
42,556570,590
218,556570,360
102,556570,2116
101,556570,2696
76,556570,1116
123,556570,1248
110,556636,542
109,556636,1100
138,556636,6992
164,556636,872
48,556636,6370
92,556640,276
23,556654,570
59,556654,984
216,556654,504
97,556654,420
213,556654,312
85,556720,396
49,556720,1650
75,556720,636
42,556720,1170
102,556720,868
29,556750,2836
92,556750,2424
123,556750,280
29,556753,2356
134,556753,1554
90,556753,2480
25,556777,1510
107,556826,1476
5,556826,952
216,556826,260
77,556826,2354
92,556826,486
49,556826,2178
134,556826,1582
75,556826,1000
102,556826,1930
101,556826,1708
123,556826,918
109,556913,1238
48,556913,738
110,556950,954
90,556950,744
151,556976,536
112,557217,334
159,557217,516
115,557331,1404
90,557331,4334
23,557444,3290
21,557444,5946
68,557444,4188
126,557444,480
186,557537,460
187,557537,194
71,557537,500
138,557537,4042
74,557537,952
90,557537,1934
43,557557,810
59,557557,552
4,557557,1468
148,557557,1530
112,557557,544
163,557557,950
84,557557,416
130,557557,380
24,557557,504
186,557660,756
187,557660,808
71,557660,210
138,557660,800
125,557660,242
202,557813,196
191,557873,304
112,557873,720
71,557873,562
140,558130,678
21,558157,1788
67,558169,404
75,558169,516
147,558169,1694
160,558169,1406
151,558196,5466
186,558277,392
227,558277,5378
186,558302,1064
110,558304,480
109,558304,666
48,558304,576
188,558328,550
98,558328,750
110,558328,594
109,558328,928
164,558328,202
61,558372,420
40,558372,1016
40,558377,256
120,558392,1292
32,558392,552
236,558392,1408
64,558392,1730
159,558392,732
217,558536,120
58,558538,312
217,558538,228
25,558609,700
143,558609,968
47,558609,250
25,558619,3882
146,558619,2480
132,558619,280
120,558619,2164
32,558619,822
84,558619,936
138,558619,2172
45,558619,2058
47,558619,456
199,558619,906
195,558619,1692
186,558638,392
211,558638,256
71,558638,954
108,558638,702
74,558638,1802
115,558638,990
90,558638,558
95,558664,1758
21,558664,6130
32,558664,2974
236,558664,6138
51,558664,372
124,558664,3784
93,558664,2802
162,558664,2480
64,558664,3776
228,558664,1748
150,558664,170
235,558664,6538
122,558664,6062
232,558867,1036
22,558998,236
106,559031,6676
41,559098,1376
90,559098,380
110,559121,720
177,559343,490
119,559343,344
131,559343,240
232,559343,378
17,559343,1112
49,559343,1876
126,559343,936
89,559343,2884
25,559344,2216
26,559344,1008
7,559344,2498
21,559344,2294
32,559344,456
99,559344,894
68,559344,5716
17,559344,1040
65,559344,1272
89,559344,392
25,559508,638
66,559508,880
120,559508,1828
32,559508,2702
84,559508,588
223,559508,270
235,559508,1474
90,559508,580
199,559508,520
125,559508,428
140,559514,2968
162,559514,1984
25,559571,2134
230,559571,210
6,559571,996
10,559571,608
242,559571,240
9,559571,542
147,559571,1654
40,559571,1084
151,559583,6272
58,559583,2196
85,559622,396
72,559622,624
75,559622,616
35,559625,1492
61,559629,334
40,559629,272
243,559629,1766
85,559878,240
120,559878,276
75,559878,252
218,559878,504
202,559879,458
101,559879,1406
160,559879,416
123,559879,322
71,559939,702
10,559939,846
9,559939,3400
107,559962,15326
85,559962,546
5,559962,1346
23,559962,580
29,559962,504
145,559962,2286
77,559962,1010
138,559962,198
134,559962,1182
72,559962,1142
90,559962,1974
218,559962,736
102,559962,1202
76,559962,4400
141,559962,6838
76,560086,1578
107,560095,1632
145,560095,358
42,560095,560
236,560112,752
115,560112,714
95,560116,834
244,560116,1280
32,560116,1592
236,560116,352
124,560116,640
131,560116,542
228,560116,2210
150,560116,444
122,560116,980
81,560116,762
140,560156,234
236,560156,744
112,560156,428
25,560194,834
124,560194,1008
93,560194,504
162,560194,680
159,560194,324
122,560194,860
9,560255,3546
25,560268,1100
44,560268,258
151,560268,372
58,560268,3392
182,560329,8414
84,560329,688
10,560329,408
19,560398,1330
9,560469,3894
71,560470,1346
9,560470,4328
72,560470,1448
110,560482,192
211,560482,432
90,560482,1020
141,560490,1144
186,560594,200
187,560594,396
74,560595,636
90,560595,658
115,560601,320
138,560602,1264
108,560602,546
115,560602,1158
90,560602,1616
219,560602,228
69,560612,1342
72,560612,720
57,560612,376
58,560612,266
71,560659,2018
115,560659,1116
90,560659,6300
219,560659,364
107,560704,948
191,560704,1358
32,560704,940
93,560704,1488
138,560704,552
159,560704,260
85,560743,264
29,560743,1836
42,560743,506
215,560743,444
66,560774,3848
32,560774,660
228,560774,446
66,560775,5690
32,560775,1232
55,560775,480
236,560775,288
142,560775,640
45,560775,774
235,560775,1572
66,560776,780
211,560776,840
228,560776,510
27,560808,276
55,560808,4090
129,560808,440
38,560808,412
88,560808,420
186,560919,328
227,560919,5256
6,560950,1608
61,560950,832
19,560956,1870
25,560978,1270
74,560978,276
70,561090,590
132,561220,344
129,561284,250
223,561284,312
90,561284,594
195,561284,808
231,561320,688
70,561320,3026
85,561363,830
5,561363,474
77,561363,1454
134,561363,400
72,561363,1262
85,561364,504
141,561364,1212
59,561510,204
65,561510,1502
227,561596,31170
6,561743,3574
67,561743,1428
71,561743,406
10,561743,3340
61,561743,7454
115,561743,786
147,561743,1686
40,561743,5426
235,561788,714
92,561854,764
25,561908,5018
21,561908,4214
32,561908,510
221,561908,862
236,561908,1008
0,561908,846
112,561908,2768
93,561908,4404
19,561908,3326
228,561908,3464
108,561908,3746
235,561908,8568
47,561908,8778
78,561908,1956
125,561908,3542
122,561908,4804
140,561960,542
124,561960,180
93,561960,408
223,561960,784
34,561961,676
140,561961,576
228,561961,820
78,561961,252
236,561962,248
235,561962,330
159,561962,440
93,561965,476
223,561965,384
159,561965,946
122,561965,720
48,561965,904
236,561967,944
93,561967,568
125,561967,846
122,561967,712
188,561982,1616
41,561982,1332
62,561982,450
107,562048,1554
23,562048,816
29,562048,528
138,562048,950
115,562048,336
90,562048,276
75,562048,224
123,562048,288
219,562051,348
1,562054,1622
85,562059,360
186,562059,290
92,562059,1596
134,562059,1422
10,562061,2800
66,562072,210
34,562072,984
143,562072,3544
120,562072,2264
80,562072,1448
32,562072,1952
236,562072,914
84,562072,2600
93,562072,304
228,562072,1042
191,562142,922
90,562142,870
199,562142,340
131,562155,584
109,562167,532
90,562167,224
110,562175,736
71,562175,352
138,562175,522
74,562175,2558
115,562175,252
90,562175,6456
231,562176,12706
225,562176,754
224,562176,1904
28,562176,936
211,562194,208
71,562194,448
74,562194,310
115,562194,736
211,562251,828
164,562251,1456
26,562255,876
85,562275,250
77,562275,326
49,562275,274
72,562275,554
77,562288,386
49,562288,264
107,562291,3664
77,562291,324
92,562291,1308
49,562291,702
72,562291,1104
75,562291,462
76,562291,2384
141,562291,1428
217,562291,336
92,562293,1164
138,562294,640
75,562374,1140
5,562384,338
202,562384,942
77,562384,2970
92,562384,554
74,562384,396
134,562384,728
42,562384,484
218,562384,2780
102,562384,378
101,562384,256
57,562384,1296
76,562384,1340
123,562384,396
242,562388,484
61,562388,256
102,562389,1808
123,562389,174
141,562389,1572
22,562396,270
35,562396,290
104,562429,264
55,562450,424
138,562450,480
115,562450,874
191,562491,1632
95,562491,740
32,562491,1260
51,562491,1182
96,562491,1138
228,562491,1404
155,562491,826
199,562491,352
122,562491,1364
43,562548,1266
4,562548,556
69,562606,4200
151,562606,2560
225,562692,1256
232,562692,2428
224,562692,350
211,562700,1248
71,562700,1240
74,562700,616
115,562700,320
112,562729,1880
78,562729,864
125,562729,430
8,562746,320
52,562746,340
85,562756,364
211,562756,198
233,562792,518
66,562792,380
191,562792,330
146,562792,1012
112,562792,736
125,562792,570
67,562885,722
182,562885,2508
84,562885,3310
3,562902,1202
121,562902,1222
0,562902,1752
110,562902,530
211,562902,1552
56,562902,886
72,562902,1552
233,562926,520
143,562926,920
244,562926,360
32,562926,3226
221,562926,900
236,562926,2472
51,562926,1260
124,562926,472
142,562926,496
112,562926,296
93,562926,6234
131,562926,1392
64,562926,252
228,562926,1270
235,562926,1068
90,562926,1646
75,562926,432
155,562926,238
159,562926,246
122,562926,3296
55,562998,1932
119,562998,1482
31,562998,1642
17,563005,680
211,563016,720
115,563016,756
50,563028,648
110,563028,1740
109,563028,768
48,563028,528
44,563200,316
70,563200,732
166,563200,600
82,563200,672
25,563229,216
44,563229,1898
151,563229,622
29,563234,208
92,563234,352
32,563285,634
139,563285,316
96,563285,956
131,563285,198
228,563285,800
44,563301,420
166,563301,2576
5,563336,898
77,563336,1032
218,563336,568
101,563336,1452
217,563336,90
213,563359,288
67,563452,670
107,563459,1894
17,563509,1720
52,563549,294
20,563612,922
84,563612,192
25,563615,1054
66,563615,5022
143,563615,1816
244,563615,392
32,563615,6202
187,563615,584
236,563615,916
51,563615,664
129,563615,796
71,563615,294
223,563615,348
131,563615,622
127,563615,438
228,563615,6988
45,563615,2322
235,563615,898
90,563615,240
159,563615,396
125,563615,8856
62,563689,360
105,563732,624
129,563749,560
236,563759,448
78,563759,544
199,563759,246
44,563781,288
82,563782,360
98,563843,1512
234,563843,6144
106,563843,16112
8,563843,3656
88,563843,560
235,563843,760
53,563843,480
186,563850,220
49,563850,1486
85,563864,640
146,563864,994
29,563864,1874
211,563864,210
138,563864,288
134,563864,328
90,563864,684
101,563864,1332
109,563921,544
235,563921,552
186,564027,344
115,564027,424
226,564056,1432
28,564056,1090
96,564077,658
144,564139,476
90,564139,1326
144,564140,3596
186,564140,2084
187,564140,1272
110,564140,920
109,564140,288
90,564140,7634
48,564168,200
25,564196,2910
230,564196,366
67,564196,1498
217,564196,1120
212,564196,584
219,564196,348
27,564276,1058
80,564276,2086
178,564276,396
55,564276,6060
142,564276,3072
8,564276,1882
127,564276,1118
38,564276,1024
142,564279,450
111,564279,1152
25,564288,1254
4,564288,3246
38,564288,3254
56,564288,1758
92,564292,480
56,564292,1242
65,564292,684
89,564292,1670
10,564323,420
6,564324,204
231,564401,834
28,564401,856
32,564412,660
187,564412,1150
94,564412,1474
112,564412,600
228,564412,534
150,564412,898
23,564485,1772
26,564485,204
7,564485,3094
21,564485,4120
216,564485,300
169,564485,406
77,564495,1686
92,564495,572
49,564495,1428
72,564495,896
228,564519,490
25,564556,1690
231,564556,2146
69,564556,6672
226,564556,3086
224,564556,566
28,564556,592
35,564613,960
115,564694,414
186,564699,2028
71,564699,1534
138,564699,1970
74,564699,3300
115,564699,730
107,564746,2630
144,564746,234
29,564746,512
109,564746,1848
92,564746,540
49,564746,1564
134,564746,764
72,564746,1240
75,564746,324
102,564746,1146
101,564746,444
76,564746,2404
67,564783,546
10,564783,366
61,564783,624
147,564783,1028
9,564791,324
232,564791,792
40,564791,1398
10,564831,1160
90,564904,688
92,564905,220
23,564999,6588
3,564999,588
21,564999,7654
99,564999,896
68,564999,2100
169,564999,424
163,564999,944
205,564999,904
17,564999,736
126,564999,384
91,564999,1034
23,565022,868
21,565022,1628
68,565022,216
227,565059,11020
23,565077,1652
7,565077,692
21,565077,680
169,565077,220
65,565077,1090
91,565077,616
26,565091,580
21,565091,1510
59,565091,232
17,565091,1440
80,565138,1366
21,565138,1356
59,565138,904
68,565138,5180
235,565160,528
66,565161,240
62,565161,874
115,565163,710
90,565163,2442
233,565188,660
143,565188,240
27,565188,280
45,565188,1536
24,565188,364
125,565188,1444
143,565189,358
145,565280,1860
67,565284,1926
40,565284,212
92,565345,216
49,565345,336
42,565345,938
202,565346,1248
115,565346,632
102,565346,264
29,565376,576
134,565376,2166
76,565376,1830
22,565397,228
226,565397,802
6,565407,6102
67,565407,7840
84,565407,3214
61,565407,2160
147,565407,4662
40,565407,2100
160,565407,2930
187,565417,1020
71,565417,1368
138,565417,2444
115,565417,572
90,565417,2158
188,565418,300
110,565418,1316
109,565418,734
5,565502,1636
6,565507,962
67,565507,352
242,565507,428
147,565507,740
98,565597,876
144,565597,360
211,565597,1440
138,565597,2532
164,565597,866
90,565597,11852
48,565597,374
25,565628,470
1,565628,672
67,565639,400
182,565639,468
160,565639,2398
182,565640,964
9,565640,710
40,565640,2608
132,565651,306
23,565860,1678
59,565860,544
9,565860,382
56,565860,360
65,565860,462
7,565861,1982
99,565861,1136
84,565861,1600
130,565861,1180
163,565862,504
24,565862,1800
122,565862,766
21,565864,936
17,565864,544
65,565864,1812
37,565864,260
26,565865,460
80,565865,526
59,565865,210
56,565865,570
31,565865,1556
24,565865,978
136,565882,840
3,565882,292
0,565882,588
189,565882,1256
43,565954,1628
227,565954,13326
59,565966,4140
84,565966,200
17,565966,1598
38,565966,1720
56,565966,988
25,565967,1196
21,565967,2388
169,565967,1006
37,565967,1284
151,566024,400
1,566032,400
41,566060,854
62,566060,298
239,566060,400
188,566061,224
41,566061,1208
144,566061,468
62,566061,720
27,566064,750
109,566064,720
90,566064,864
2,566095,256
67,566132,3452
10,566132,2220
242,566132,596
9,566132,212
61,566132,1348
245,566132,494
40,566132,2184
243,566132,314
160,566132,650
225,566251,2542
25,566254,504
211,566278,216
9,566278,670
186,566285,202
187,566285,390
220,566285,192
71,566286,612
90,566286,586
231,566341,492
28,566341,522
33,566341,1584
232,566382,1764
25,566390,422
43,566390,228
121,566390,304
4,566390,360
130,566390,200
91,566390,1016
37,566390,298
43,566434,212
26,566434,1162
0,566434,490
4,566434,340
45,566434,1998
24,566434,476
219,566445,64
39,566463,760
225,566463,600
28,566463,434
49,566481,484
42,566481,1608
217,566481,1602
25,566486,2710
44,566486,5826
69,566486,1578
58,566486,10590
72,566505,1810
85,566506,444
77,566570,256
74,566570,210
134,566570,240
32,566591,948
159,566591,210
92,566624,778
134,566624,960
75,566624,564
42,566624,1476
218,566624,276
102,566624,464
101,566624,1844
76,566624,760
123,566624,1138
141,566624,1452
182,566626,2024
147,566628,912
40,566628,784
212,566629,186
6,566752,572
9,566752,220
160,566752,220
186,566862,856
9,566862,256
72,566862,288
61,566872,1290
147,566872,678
39,566888,696
85,566892,940
92,566892,258
134,566892,256
72,566892,262
123,566892,240
6,566893,826
10,566893,768
147,566893,466
57,566893,380
144,566992,200
110,566992,4518
109,566992,4634
9,566992,1472
61,566992,1440
164,566992,1980
90,566992,6676
48,566992,720
144,566993,654
109,566993,1650
164,566993,812
132,566998,1032
32,566998,468
112,566998,492
85,567019,256
29,567019,2608
145,567019,504
92,567019,200
138,567019,456
49,567019,1470
134,567019,192
72,567019,3624
75,567019,2840
101,567019,408
123,567019,1952
98,567040,414
117,567040,360
129,567043,572
142,567043,714
67,567059,360
138,567059,264
9,567059,330
186,567064,520
92,567064,750
49,567065,2664
55,567131,1202
187,567131,552
211,567131,768
71,567131,450
115,567131,510
90,567131,3518
85,567151,216
5,567151,386
92,567151,880
9,567211,374
90,567211,700
212,567211,180
213,567211,198
25,567218,900
69,567218,1522
151,567218,456
9,567224,684
9,567228,1550
107,567234,1708
43,567352,700
4,567352,3380
148,567352,2888
25,567396,800
34,567396,2550
59,567396,264
19,567414,1676
229,567414,330
143,567526,336
188,567595,9718
50,567595,972
144,567595,336
62,567595,364
187,567616,384
138,567616,928
238,567616,102
21,567639,1728
124,567639,504
45,567639,506
131,567641,420
120,567644,594
112,567644,762
125,567644,1350
66,567645,2244
45,567645,894
72,567645,456
60,567656,396
166,567656,1282
82,567656,2368
146,567692,800
132,567721,276
120,567721,206
236,567721,1444
228,567721,5212
47,567721,2496
199,567721,756
195,567721,798
46,567740,1018
28,567740,1502
77,567774,1380
177,567823,320
67,567863,1836
69,567894,800
67,567957,1614
182,567957,560
84,567957,1478
19,567957,706
10,567957,852
217,567957,126
219,567957,192
0,568028,4198
38,568028,5630
188,568038,1232
41,568038,5736
62,568038,1444
47,568038,476
125,568038,352
107,568092,1332
5,568092,1580
92,568092,816
75,568092,620
92,568094,258
101,568094,192
236,568096,602
62,568166,17934
21,568192,2076
99,568192,378
0,568194,2144
71,568295,334
138,568295,1246
90,568295,1532
188,568325,884
144,568325,672
110,568325,3164
211,568325,1890
138,568325,3216
164,568325,2382
90,568325,4430
48,568325,1280
144,568326,624
187,568326,3318
110,568326,1202
71,568326,2312
88,568326,1524
90,568326,2772
48,568326,588
136,568346,684
0,568346,1658
23,568348,1758
21,568348,612
68,568348,4970
37,568348,298
85,568368,204
92,568368,198
231,568402,986
28,568402,256
95,568407,200
32,568407,1068
236,568407,4168
139,568407,3270
124,568407,3024
93,568407,3648
64,568407,1348
228,568407,9280
150,568407,804
122,568407,396
81,568407,2258
115,568423,228
202,568742,420
9,568742,424
160,568742,294
60,568953,436
69,568953,7356
145,568954,804
90,568954,250
75,568954,1488
123,568954,1116
82,568954,280
141,568954,2580
146,568960,732
120,568960,468
188,568963,260
41,568963,900
188,568964,560
62,568964,216
120,568969,480
236,568969,784
68,568969,198
96,568969,792
93,568969,472
51,568970,534
139,568970,714
211,568970,264
235,568970,336
25,569023,1138
66,569023,624
32,569023,352
236,569023,1100
139,569023,680
228,569023,638
155,569023,812
159,569023,224
122,569023,1202
54,569023,446
69,569028,344
110,569138,606
93,569138,1188
47,569138,818
235,569153,580
115,569153,220
80,569154,328
229,569155,606
75,569155,240
25,569176,966
146,569176,440
32,569176,980
47,569176,536
78,569176,216
80,569206,1512
32,569206,3084
94,569206,1488
139,569206,292
150,569206,264
122,569206,1998
244,569228,714
32,569228,1140
46,569228,660
124,569228,1872
162,569228,870
228,569228,2808
159,569228,912
32,569229,2520
236,569229,2664
51,569229,420
139,569229,2352
124,569229,1028
93,569229,816
162,569229,584
122,569229,1500
49,569270,622
186,569305,846
187,569305,830
211,569305,804
222,569305,600
71,569305,3340
138,569305,2490
74,569305,4180
115,569305,4054
90,569305,7320
72,569315,816
195,569315,264
62,569389,248
52,569389,260
27,569413,872
2,569422,1446
231,569422,7172
28,569422,11514
55,569435,998
9,569462,400
5,569463,1006
202,569463,1126
92,569463,284
102,569463,350
25,569473,1520
169,569473,1962
126,569473,648
106,569485,924
23,569492,1960
0,569492,1140
126,569492,1810
136,569503,20184
3,569503,4672
121,569503,6036
0,569503,7082
225,569503,6470
151,569503,2836
231,569508,1240
225,569508,708
28,569508,660
225,569510,912
232,569510,2896
224,569510,642
21,569532,2348
128,569532,492
9,569532,858
148,569533,592
119,569533,264
7,569559,1432
128,569559,1320
97,569559,216
65,569559,530
25,569560,4014
39,569560,2562
3,569560,3154
163,569560,2678
130,569560,270
12,569560,2076
213,569593,318
25,569595,456
23,569595,928
59,569595,248
69,569636,1010
227,569652,8052
144,569664,216
115,569664,460
90,569664,1078
186,569665,452
211,569665,612
71,569665,1752
115,569665,226
138,569666,864
115,569666,408
90,569666,676
74,569667,308
90,569667,210
186,569680,468
187,569680,238
211,569680,266
138,569680,3034
9,569680,1790
115,569680,390
25,569691,620
66,569691,8586
186,569691,1430
55,569691,1540
111,569691,4780
19,569691,1974
49,569706,570
25,569729,880
66,569729,348
62,569729,546
32,569729,912
221,569729,1846
84,569729,248
229,569729,192
228,569729,460
125,569729,1104
122,569729,546
109,569765,276
109,569771,376
70,569791,422
69,569791,816
151,569791,7452
69,569802,1270
58,569802,722
243,569823,292
62,569840,528
110,569860,1664
164,569860,1264
48,569860,300
75,569889,290
123,569889,1196
186,569895,432
211,569895,252
71,569895,5614
138,569895,5398
74,569895,324
115,569895,2838
90,569895,4854
23,569908,2014
21,569908,4486
99,569908,1816
68,569908,1012
97,569908,208
126,569908,2562
24,569908,2488
91,569908,914
6,569909,1092
49,569909,264
134,569909,4564
90,569909,982
42,569909,666
102,569909,768
110,569941,650
109,569941,1320
146,569990,2080
143,569990,532
32,569990,1580
236,569990,624
29,569990,744
228,569990,1596
47,569990,932
159,569990,260
122,569990,478
9,570079,748
217,570092,144
220,570092,336
67,570146,770
6,570152,312
104,570152,170
40,570164,1144
21,570188,264
186,570212,830
187,570212,996
211,570212,864
138,570212,330
90,570212,486
23,570257,2168
26,570257,210
7,570257,3838
21,570257,2738
169,570257,1048
128,570257,532
97,570257,288
182,570338,890
120,570358,1900
25,570374,2102
125,570374,414
6,570470,2024
67,570470,200
9,570470,1982
61,570470,2074
147,570470,992
160,570470,1474
25,570472,344
6,570472,3664
84,570472,838
9,570472,2332
61,570472,1802
32,570499,414
124,570499,1200
110,570518,356
109,570518,240
164,570518,400
187,570524,936
138,570524,770
138,570532,210
90,570532,400
66,570533,500
120,570533,344
55,570533,608
45,570533,970
110,570536,236
40,570543,1140
211,570544,380
92,570544,446
76,570544,726
148,570611,1668
25,570641,616
6,570641,622
40,570641,3758
160,570641,3392
25,570659,7188
23,570659,1520
26,570659,200
21,570659,5054
216,570659,434
169,570659,500
148,570659,200
119,570659,636
163,570659,5224
128,570659,510
17,570659,1020
38,570659,5308
97,570659,236
12,570659,12364
134,570659,1504
31,570659,470
24,570659,7274
91,570659,1962
37,570659,1432
89,570659,1616
95,570799,242
64,570799,960
3,570867,2244
62,570867,2262
121,570867,904
0,570867,3650
4,570867,5440
56,570867,1858
47,570867,252
23,570870,2928
3,570870,1748
21,570870,3946
169,570870,844
72,570870,854
126,570870,860
24,570870,372
65,570870,424
26,570894,738
99,570894,1074
56,570894,1056
24,570894,1062
23,570895,1188
128,570895,600
232,570895,804
26,570896,1128
4,570896,630
188,570938,120
66,570938,676
41,570938,1096
88,570938,480
188,570939,884
98,570939,448
235,570939,1410
92,570953,798
219,570953,576
85,570971,1100
115,570971,1296
72,570973,204
217,570983,312
66,570995,796
132,570995,422
235,570995,600
90,570995,442
39,571014,1072
27,571014,584
3,571014,558
59,571014,1712
4,571014,576
163,571014,1008
84,571014,1596
130,571014,760
24,571014,1572
85,571044,406
212,571044,296
151,571045,1644
231,571089,368
186,571180,2378
187,571180,506
211,571180,1384
71,571180,1662
138,571180,5758
9,571180,1248
74,571180,1168
115,571180,3106
90,571180,2316
219,571180,184
233,571183,492
32,571183,408
145,571183,600
64,571183,340
228,571183,224
150,571183,838
244,571184,248
115,571203,280
211,571208,1744
71,571208,2140
62,571226,1176
66,571235,316
5,571284,6452
29,571284,232
92,571284,4124
74,571284,212
49,571284,340
75,571284,1038
40,571284,2250
42,571284,926
102,571284,1798
101,571284,216
123,571284,2550
107,571286,6008
85,571286,1706
5,571286,1992
29,571286,210
49,571286,952
72,571286,1518
115,571286,344
75,571286,216
42,571286,802
101,571286,792
215,571286,114
92,571306,804
69,571346,352
70,571347,226
1,571347,742
69,571347,690
151,571347,2476
58,571347,1284
35,571403,208
146,571496,4398
186,571496,220
120,571496,1508
62,571496,7870
84,571496,2342
195,571496,6418
202,571499,1260
101,571499,460
76,571499,1274
217,571499,400
219,571499,708
213,571499,120
67,571516,448
9,571516,528
40,571516,1188
67,571517,664
9,571517,240
40,571517,1948
186,571527,582
187,571527,310
115,571527,622
106,571560,126
186,571703,384
90,571703,300
90,571705,580
138,571713,440
74,571713,416
160,571728,1128
86,571730,220
72,571730,5034
58,571730,1218
82,571730,850
220,571730,200
219,571730,174
120,571805,614
94,571805,1730
123,571812,412
231,571827,988
33,571827,1284
143,571832,1204
97,571832,584
155,571832,736
125,571832,1060
121,571844,960
236,571861,628
229,571861,1248
78,571861,1376
38,571862,570
58,571862,472
23,571868,916
147,571868,186
20,571878,5998
182,571878,3484
84,571878,4908
19,571878,2552
217,571878,66
246,571895,148
23,571917,14834
26,571917,618
7,571917,8188
21,571917,38498
99,571917,3032
216,571917,2836
68,571917,12918
169,571917,306
0,571917,2262
162,571917,588
128,571917,216
232,571917,1028
17,571917,3030
97,571917,496
90,571917,1320
126,571917,488
24,571917,3330
65,571917,1148
91,571917,3598
218,571917,384
89,571917,896
116,571917,1116
217,571917,892
219,571917,568
213,571917,310
25,571918,3698
21,571918,5506
55,571918,408
128,571918,340
97,571918,958
126,571918,3632
24,571918,750
65,571918,5920
37,571918,948
89,571918,928
233,571944,1050
32,571944,620
78,571944,288
39,571955,368
231,571955,272
225,571955,666
232,571955,6494
224,571955,882
216,571956,844
219,571962,132
39,572024,9272
22,572024,672
225,572024,1606
232,572024,2986
224,572024,382
47,572114,144
226,572140,236
90,572239,256
72,572251,1642
58,572251,480
6,572280,408
60,572295,204
1,572295,1056
69,572295,6046
151,572295,1864
58,572295,1562
7,572365,1744
21,572365,1006
216,572365,1736
29,572379,988
92,572392,1048
25,572457,406
163,572457,1252
38,572457,1212
25,572469,520
146,572469,222
236,572469,1300
94,572469,856
131,572469,206
157,572469,252
162,572492,600
150,572492,254
81,572492,582
25,572559,796
32,572559,1766
236,572559,612
96,572559,1968
235,572559,2352
157,572559,1566
231,572572,490
71,572595,436
219,572608,120
234,572635,956
106,572635,480
59,572654,396
56,572654,288
89,572654,752
160,572662,1184
5,572666,564
49,572688,1092
86,572694,996
1,572694,2106
151,572694,4836
72,572694,5900
57,572694,904
58,572694,784
169,572716,870
217,572716,822
231,572727,256
35,572727,674
28,572727,942
117,572761,828
88,572761,972
98,572775,978
27,572775,1480
80,572775,344
178,572775,672
55,572775,792
4,572775,216
111,572775,1248
97,572775,592
66,572797,1156
23,572797,490
51,572797,840
122,572797,744
136,572877,1058
38,572877,1024
8,572878,1380
43,572935,720
26,572935,240
3,572935,900
59,572935,1600
84,572935,1120
9,572935,456
244,572942,432
21,572942,478
126,572942,564
217,572942,204
23,572969,4380
7,572969,2396
21,572969,20156
68,572969,3974
169,572969,208
119,572969,518
128,572969,220
56,572969,396
126,572969,564
97,572975,1558
12,572975,984
65,572975,834
26,572987,252
216,572987,1242
119,572987,440
47,573002,840
92,573075,246
5,573078,546
107,573080,1640
62,573101,252
110,573101,228
109,573101,222
164,573101,396
139,573112,1370
162,573112,392
131,573112,208
228,573112,7892
150,573112,384
122,573112,4696
141,573112,3464
95,573115,1304
236,573115,792
124,573115,3084
108,573115,1032
157,573115,588
155,573115,540
44,573167,664
164,573172,252
68,573274,762
169,573274,540
56,573274,1864
65,573274,732
77,573305,240
42,573305,258
102,573305,492
138,573306,1078
42,573306,384
29,573309,622
4,573309,920
77,573309,670
138,573309,2352
49,573309,340
90,573309,2328
218,573309,2260
72,573311,1020
147,573311,346
9,573320,390
49,573320,288
90,573320,160
123,573320,240
85,573334,2640
43,573334,776
27,573334,1784
211,573334,1110
145,573334,1488
77,573334,190
92,573334,1104
138,573334,664
134,573334,2040
72,573334,1734
75,573334,4658
42,573334,554
218,573334,1716
102,573334,1350
101,573334,1030
76,573334,2302
141,573334,8584
61,573374,732
147,573374,744
215,573374,120
25,573379,5210
58,573467,180
29,573472,920
145,573472,842
74,573472,776
49,573472,2232
134,573472,518
90,573472,946
42,573472,456
101,573472,866
76,573472,1856
144,573532,1136
187,573532,1386
109,573532,3476
138,573532,260
115,573532,1372
90,573532,17386
48,573532,2840
5,573536,238
49,573536,390
5,573537,240
115,573537,300
106,573567,2462
8,573567,792
53,573567,702
98,573571,5530
117,573571,7172
88,573571,3916
85,573622,324
71,573622,348
151,573625,1740
58,573625,738
20,573702,6214
182,573702,4576
84,573702,2206
4,573711,1400
225,573732,828
232,573732,886
25,573741,1044
44,573741,1288
38,573741,1498
25,573749,946
4,573749,1256
84,573749,212
130,573749,214
20,573767,576
4,573767,1730
229,573767,928
214,573767,482
32,573824,384
236,573824,224
131,573824,304
26,573852,1330
169,573852,456
25,573856,760
148,573856,1150
24,573856,924
21,573859,1944
76,573872,1088
62,573887,1920
110,573887,276
109,573887,888
164,573887,1880
48,573887,546
187,573896,204
211,573896,248
48,573896,408
57,573908,522
25,573910,1464
84,573910,714
151,573911,468
107,573919,4990
5,573919,3926
29,573919,676
241,573919,304
77,573919,680
92,573919,1590
61,573919,2598
49,573919,3004
72,573919,1326
115,573919,2412
90,573919,304
75,573919,504
42,573919,4962
218,573919,1080
102,573919,2592
101,573919,1678
57,573919,526
76,573919,6218
123,573919,1480
141,573919,6156
85,573920,240
74,573920,384
22,573924,1864
226,573924,2480
49,573961,318
191,573977,380
125,573977,686
48,573987,240
25,574002,1938
41,574002,2084
62,574002,4658
235,574002,212
72,574016,1998
145,574123,920
77,574145,1332
2,574188,3614
69,574188,408
25,574227,1652
86,574227,2336
1,574227,272
72,574227,6780
57,574227,4210
58,574227,380
95,574248,266
7,574248,930
145,574248,492
77,574248,740
134,574248,198
75,574248,384
42,574248,4870
102,574248,434
57,574248,342
123,574248,1008
9,574270,306
107,574271,4396
29,574271,4928
134,574271,1620
72,574271,528
115,574271,264
126,574271,462
75,574271,252
42,574271,1676
102,574271,1198
101,574271,1696
76,574271,1586
141,574271,2670
85,574274,360
99,574274,696
145,574274,810
77,574274,1702
75,574274,780
101,574274,432
58,574274,920
82,574435,234
32,574450,928
51,574450,328
124,574450,308
131,574450,516
51,574455,882
142,574455,200
8,574455,280
55,574460,898
142,574460,222
111,574460,830
247,574460,320
8,574460,1510
27,574519,990
80,574519,1162
178,574519,630
55,574519,1742
142,574519,1408
105,574519,848
217,574519,228
213,574519,420
6,574521,286
5,574523,302
20,574529,248
123,574531,1064
98,574560,4510
117,574560,3626
88,574560,666
125,574575,536
236,574583,550
4,574583,368
157,574583,302
117,574594,450
88,574594,2456
236,574614,632
4,574671,384
56,574693,1338
26,574719,408
68,574719,1364
12,574720,1604
163,574745,194
24,574745,732
25,574746,1548
3,574746,266
4,574746,1588
148,574746,824
84,574746,2288
130,574746,960
38,574746,1922
12,574746,2508
31,574746,1944
24,574746,528
91,574746,1912
89,574746,1872
164,574748,280
90,574748,280
69,574784,2828
189,574784,818
151,574784,1188
20,574843,1912
182,574843,2052
69,574849,7334
189,574849,420
49,574858,668
22,574878,616
35,574878,1192
29,574882,222
74,574882,622
202,574884,428
9,574884,360
160,574884,3228
6,574901,1478
67,574901,1864
202,574901,488
10,574901,662
40,574901,3440
57,574901,792
58,574901,880
230,574904,834
6,574904,1176
67,574904,780
29,574904,360
145,574904,1024
202,574904,584
61,574904,432
40,574904,288
57,574904,2158
58,574904,2676
67,574905,296
145,574905,1150
202,574905,274
61,574905,280
72,574905,1084
57,574905,638
25,574906,1072
67,574906,680
29,574906,230
145,574906,1130
202,574906,1496
10,574906,176
61,574906,360
57,574906,478
160,574906,708
6,574907,1270
67,574907,504
29,574907,688
10,574907,1180
9,574907,1422
61,574907,1030
57,574907,1972
58,574907,554
43,574924,378
120,574924,616
62,574924,4506
0,574924,2850
4,574924,500
63,574925,1188
0,574925,2354
4,574925,1200
163,574925,904
232,574925,240
38,574925,894
6,575001,862
107,575004,1740
5,575004,5422
187,575004,310
77,575004,272
92,575004,550
49,575004,3616
97,575004,386
75,575004,1944
102,575004,196
76,575004,2318
123,575004,310
227,575009,3754
145,575022,854
202,575022,228
40,575022,2046
29,575053,334
17,575053,774
31,575053,1232
3,575054,204
0,575054,216
38,575054,1172
0,575057,2916
234,575074,4814
106,575074,4966
8,575074,1940
248,575074,1446
117,575075,1064
88,575075,756
217,575082,300
234,575101,986
27,575101,6860
80,575101,812
55,575101,6148
129,575101,1390
142,575101,4176
8,575101,648
138,575101,588
38,575101,1328
90,575101,1760
233,575127,716
32,575127,3164
25,575128,1020
236,575128,348
93,575128,792
191,575129,920
236,575129,1554
223,575129,260
228,575129,2228
107,575159,3186
5,575159,1286
21,575159,1612
29,575159,1072
77,575159,1476
92,575159,2364
49,575159,368
42,575159,280
218,575159,1532
101,575159,452
76,575159,1006
159,575218,192
122,575218,5024
81,575218,1068
68,575258,836
97,575258,1736
37,575258,214
23,575268,554
169,575268,448
128,575268,1362
17,575268,924
126,575268,1876
91,575268,814
23,575270,8046
7,575270,5748
21,575270,15114
59,575270,240
99,575270,452
68,575270,3432
169,575270,408
128,575270,1170
17,575270,464
97,575270,220
37,575270,2232
23,575271,8852
26,575271,324
7,575271,5788
21,575271,19136
59,575271,368
99,575271,1382
216,575271,1040
68,575271,4168
128,575271,540
9,575271,224
232,575271,836
97,575271,1946
126,575271,940
24,575271,332
65,575271,1088
37,575271,2768
25,575272,1600
23,575272,21238
7,575272,4806
21,575272,46832
59,575272,308
99,575272,2026
216,575272,324
68,575272,4550
169,575272,1116
119,575272,888
93,575272,5832
128,575272,2508
17,575272,612
97,575272,360
126,575272,662
91,575272,1540
212,575272,230
9,575320,912
2,575347,4958
217,575374,216
219,575374,104
213,575374,200
202,575386,412
44,575395,750
69,575395,10464
189,575395,2640
151,575395,1756
58,575395,240
217,575395,150
60,575396,216
69,575396,19932
189,575396,1906
151,575396,2250
58,575396,2290
74,575428,434
115,575428,234
90,575428,390
25,575514,702
72,575514,2376
122,575514,1124
76,575514,1608
107,575766,11332
85,575766,1478
5,575766,288
71,575766,684
77,575766,216
10,575766,4138
92,575766,688
138,575766,676
74,575766,224
61,575766,1018
90,575766,1834
42,575766,774
101,575766,454
76,575766,5132
160,575766,1170
123,575766,1712
217,575766,794
212,575766,288
210,575766,2192
146,575795,846
143,575795,780
62,575795,578
46,575795,520
195,575795,4980
25,575796,3282
146,575796,1290
62,575796,1336
46,575796,2960
47,575796,1090
195,575796,288
39,575826,2428
225,575826,1764
232,575826,2480
224,575826,288
23,575840,1966
21,575840,1512
126,575840,912
23,575879,410
169,575879,220
23,575880,1370
21,575880,808
59,575880,308
99,575880,840
128,575880,906
228,575880,1258
56,575880,1340
37,575880,536
76,575880,360
210,575880,264
25,575899,2178
26,575899,914
20,575899,410
216,575899,2704
236,575899,328
169,575899,656
148,575899,300
130,575899,568
56,575899,2978
31,575899,2368
65,575899,3676
214,575899,508
37,575899,2148
89,575899,4232
186,575925,1508
187,575925,468
138,575925,792
115,575925,5650
90,575925,10870
10,575940,252
6,575950,470
84,575950,402
61,575950,456
234,576022,504
106,576022,2458
52,576022,2836
25,576024,874
0,576024,284
107,576043,1620
85,576043,456
5,576043,1378
77,576043,1590
92,576043,248
49,576043,1232
72,576043,432
126,576043,352
75,576043,966
24,576043,576
42,576043,878
218,576043,622
101,576043,1138
76,576043,2114
141,576043,2892
110,576051,672
109,576051,450
22,576053,390
144,576060,1316
109,576060,576
138,576060,2116
164,576060,974
90,576060,16674
109,576061,160
77,576061,938
49,576061,3294
164,576061,540
90,576061,646
75,576061,472
42,576061,660
76,576061,6658
123,576061,1554
231,576072,348
28,576072,274
33,576072,1324
2,576106,8408
39,576106,3620
22,576106,15104
232,576106,806
249,576107,474
23,576147,384
211,576147,224
75,576147,308
186,576182,2478
187,576182,2846
71,576182,3992
127,576182,384
74,576182,3656
115,576182,8506
90,576182,3168
125,576182,652
187,576183,224
71,576183,748
138,576183,912
115,576183,2070
90,576183,3682
138,576188,240
90,576188,1138
85,576251,622
145,576251,654
71,576251,904
92,576251,280
72,576251,1464
90,576251,2726
75,576251,798
123,576251,646
141,576251,13410
212,576251,120
25,576253,5632
151,576253,906
185,576253,796
58,576253,4010
219,576253,102
25,576257,336
43,576285,1922
27,576285,594
121,576285,720
4,576285,860
43,576286,3692
26,576286,900
121,576286,1200
4,576286,2634
71,576286,878
56,576286,1056
85,576302,1060
49,576302,220
90,576302,2800
42,576302,2288
76,576302,6650
29,576304,964
85,576313,712
77,576313,1750
134,576313,398
72,576313,1072
75,576313,1428
42,576313,1284
101,576313,574
29,576316,858
92,576316,198
90,576316,520
67,576319,1106
211,576319,856
202,576319,352
10,576319,1744
9,576319,218
61,576319,2742
147,576319,200
160,576319,216
58,576322,3446
25,576360,2060
44,576360,10928
69,576360,46024
189,576360,4744
151,576360,4244
34,576453,4790
23,576453,39002
43,576453,336
26,576453,2040
7,576453,10000
0,576453,10334
4,576453,4730
128,576453,824
56,576453,380
12,576453,6720
25,576455,4686
3,576455,2214
4,576455,1510
31,576455,308
133,576455,878
43,576456,3884
4,576456,1212
25,576480,656
26,576480,1336
121,576480,752
169,576480,808
0,576480,1344
84,576480,858
17,576480,1050
126,576480,508
24,576480,208
65,576480,1050
91,576480,1000
89,576480,1224
26,576490,824
169,576490,240
148,576490,340
17,576490,534
56,576490,642
31,576490,898
91,576490,636
37,576490,1440
21,576492,720
128,576492,288
38,576499,826
107,576571,1240
5,576571,2530
77,576571,2090
134,576571,1408
115,576571,216
75,576571,2028
42,576571,1172
76,576571,904
123,576571,442
141,576571,7174
49,576580,264
27,576595,1018
80,576595,340
55,576595,552
129,576595,864
142,576595,390
247,576595,696
8,576595,280
27,576597,1462
80,576597,204
55,576597,1308
8,576597,432
38,576597,720
125,576597,646
32,576607,336
93,576607,252
223,576607,252
228,576607,378
108,576607,860
235,576607,912
78,576607,1232
26,576697,898
59,576697,192
17,576697,1380
56,576697,1570
24,576697,572
0,576699,1354
85,576740,532
21,576740,6304
128,576740,2964
17,576740,2276
56,576740,710
97,576740,688
126,576740,1376
65,576740,1696
91,576740,2144
37,576740,1464
25,576745,2604
12,576745,1088
31,576745,672
91,576745,432
85,576749,1730
74,576749,848
49,576749,486
42,576749,756
76,576749,828
123,576749,3352
92,576750,270
49,576750,456
134,576750,382
90,576750,288
85,576751,416
3,576751,442
29,576751,1172
202,576751,500
49,576751,1662
115,576751,222
102,576751,498
77,576831,866
92,576831,628
101,576831,818
141,576831,5528
25,576832,3462
69,576832,6554
186,576856,3288
142,576856,464
71,576856,264
138,576856,3734
74,576856,1174
115,576856,3958
90,576856,13460
212,576856,906
46,576872,408
25,576902,548
146,576902,486
51,576902,338
47,576902,324
199,576917,1212
5,576938,980
7,576938,512
236,576938,312
92,576938,584
49,576938,516
75,576938,1086
101,576938,1040
186,576942,1008
71,576942,484
90,576942,868
187,576981,528
109,576981,1972
90,576981,1912
98,576982,448
144,576982,960
48,576982,714
144,576983,1508
187,576983,220
211,576983,252
109,576983,1428
138,576983,504
164,576983,1740
115,576983,1798
90,576983,13222
187,576984,344
12,576984,348
55,576985,500
187,576985,370
211,576985,224
138,576985,1900
74,576985,550
90,576985,628
138,576986,702
12,576986,398
1,576993,548
57,576993,920
58,576993,356
25,576998,2316
58,576998,210
20,577011,418
85,577018,1490
6,577018,2302
77,577018,312
134,577018,1028
90,577018,228
75,577018,596
101,577018,408
25,577020,1774
34,577020,876
23,577020,2456
7,577020,6386
21,577020,13344
59,577020,324
99,577020,260
216,577020,294
68,577020,18536
0,577020,1946
127,577020,1840
17,577020,1108
56,577020,792
72,577020,748
126,577020,1300
91,577020,4028
37,577020,2660
22,577040,1080
2,577043,480
22,577043,16722
35,577043,1646
28,577043,1194
39,577045,1036
225,577045,218
28,577045,1206
39,577101,1860
231,577101,270
28,577101,2754
33,577101,3066
186,577127,212
92,577127,436
90,577127,242
123,577127,460
39,577132,786
35,577132,680
225,577132,272
232,577132,536
151,577156,672
85,577163,900
25,577173,1410
57,577173,238
25,577176,700
86,577176,948
151,577176,2610
72,577176,4214
57,577176,700
58,577176,6016
5,577189,792
61,577189,874
120,577200,974
32,577200,748
46,577200,760
112,577200,1332
84,577200,2880
19,577200,608
45,577200,258
47,577200,1360
58,577200,434
44,577221,3072
70,577221,1044
94,577221,636
82,577221,176
62,577252,1140
235,577252,2920
235,577253,8810
211,577296,1522
115,577296,420
213,577300,110
225,577366,584
232,577366,18970
224,577366,1216
33,577366,454
220,577377,74
212,577377,60
219,577377,112
85,577380,766
2,577387,3348
144,577388,456
42,577388,224
5,577401,388
7,577401,480
77,577401,348
90,577401,240
101,577401,636
123,577401,1106
219,577401,120
220,577402,108
212,577402,114
219,577402,128
213,577402,96
46,577457,804
140,577457,306
157,577457,614
92,577458,252
26,577469,3032
4,577469,5136
24,577469,1858
89,577469,5366
25,577470,2114
43,577470,1946
121,577470,2124
0,577470,10740
4,577470,4626
84,577470,2048
130,577470,2108
38,577470,2664
31,577470,882
25,577479,434
7,577479,1770
119,577479,518
12,577479,2804
234,577544,2122
106,577544,4710
8,577544,364
248,577544,972
56,577596,1156
21,577607,1272
55,577607,836
99,577607,1232
43,577608,1704
12,577608,1218
89,577608,2542
25,577609,744
121,577609,994
84,577609,204
31,577609,1528
23,577636,2466
7,577636,480
21,577636,2440
59,577636,814
20,577636,588
99,577636,320
169,577636,928
148,577636,288
119,577636,540
241,577636,924
138,577636,272
130,577636,684
17,577636,616
56,577636,884
126,577636,1086
24,577636,998
37,577636,834
124,577668,336
131,577668,680
23,577677,1980
21,577677,2910
216,577677,514
17,577677,484
97,577677,840
126,577677,350
37,577677,300
28,577724,200
25,577726,954
32,577726,1648
124,577726,1710
25,577753,2502
143,577753,1400
120,577753,12782
32,577753,672
236,577753,5482
131,577753,224
228,577753,1172
47,577753,2196
78,577753,1244
199,577753,9108
195,577753,1590
25,577768,1088
67,577768,260
72,577768,5148
147,577768,5808
40,577768,6608
58,577768,3594
72,577773,226
123,577773,430
93,577813,714
150,577813,252
51,577814,168
229,577814,614
150,577815,498
195,577815,576
25,577828,616
5,577828,3036
211,577828,372
77,577828,896
92,577828,660
49,577828,238
90,577828,576
235,577849,1020
195,577849,342
66,577850,432
125,577850,1398
145,577885,1638
107,577891,616
134,577891,250
22,577906,4724
231,577906,3990
232,577906,722
231,577907,214
226,577907,802
9,577924,5482
147,577930,240
107,577942,7624
7,577942,3572
21,577942,5680
1,577942,6064
29,577942,242
77,577942,4878
92,577942,408
9,577942,384
49,577942,2872
72,577942,2976
90,577942,7686
75,577942,2532
42,577942,1392
218,577942,3328
102,577942,280
101,577942,444
57,577942,3808
76,577942,17816
123,577942,684
141,577942,3944
138,577946,834
74,577946,302
115,577946,312
164,577949,558
74,577953,240
72,578073,1656
57,578073,1502
58,578074,748
145,578076,572
92,578076,228
49,578076,604
218,578076,764
101,578076,320
123,578076,2102
29,578077,1508
92,578077,398
49,578077,336
90,578077,260
102,578077,360
123,578077,1982
32,578095,10178
46,578095,3492
131,578095,210
74,578095,994
159,578095,456
32,578096,854
139,578096,1040
124,578096,2292
74,578096,982
78,578096,944
122,578096,2382
81,578096,1848
107,578102,752
42,578102,372
76,578102,1200
107,578130,5702
85,578130,792
145,578130,320
71,578130,1110
77,578130,1834
92,578130,670
138,578130,3408
232,578130,480
61,578130,1080
115,578130,300
218,578130,4412
101,578130,2380
76,578130,6010
141,578130,3672
107,578132,26800
85,578132,1598
186,578132,360
216,578132,280
145,578132,912
241,578132,656
77,578132,1618
92,578132,1206
49,578132,742
72,578132,13796
115,578132,472
90,578132,1074
75,578132,1366
102,578132,858
101,578132,580
76,578132,14720
141,578132,13406
217,578132,90
212,578132,888
219,578132,744
85,578167,360
42,578167,252
6,578212,1122
242,578212,856
38,578212,764
250,578212,652
243,578212,528
160,578212,892
186,578218,210
71,578218,340
241,578218,1124
138,578218,2480
90,578218,1036
219,578218,388
101,578220,216
39,578266,472
225,578266,5814
232,578266,2462
43,578291,1340
0,578291,1354
4,578291,1048
232,578291,1968
31,578291,1808
214,578291,1530
84,578298,324
10,578298,960
5,578299,3902
29,578299,780
77,578299,1404
92,578299,3554
134,578299,352
115,578299,1298
90,578299,1002
75,578299,462
42,578299,466
101,578299,792
57,578299,288
123,578299,640
212,578299,120
41,578390,734
98,578390,1794
234,578390,560
248,578390,1482
213,578411,70
98,578429,1788
234,578429,1184
106,578429,1976
248,578429,756
235,578429,820
25,578476,1802
23,578476,1228
21,578476,2274
68,578487,714
65,578487,394
95,578488,2040
169,578488,240
228,578488,840
72,578488,418
159,578488,196
125,578488,328
6,578605,644
104,578605,608
67,578605,6294
10,578605,4082
138,578605,1608
61,578605,3766
90,578605,256
147,578605,5876
40,578605,3900
243,578605,1374
160,578605,18086
6,578607,824
67,578607,2350
61,578607,1152
250,578607,988
147,578607,2452
40,578607,1720
160,578607,3692
52,578638,716
58,578799,480
211,578806,200
70,578844,208
69,578844,1234
151,578844,2668
1,578851,3674
69,578851,6782
151,578851,4786
109,578853,210
164,578853,380
48,578853,360
29,578877,204
211,578877,810
145,578877,1790
202,578877,682
10,578877,3212
92,578877,2484
9,578877,920
74,578877,226
49,578877,1282
134,578877,4800
72,578877,8732
90,578877,588
75,578877,1202
42,578877,972
101,578877,2302
66,578908,316
32,578908,336
221,578908,896
129,578908,492
131,578908,1810
228,578908,450
6,578950,932
189,579001,184
25,579004,2096
69,579004,544
151,579004,264
44,579005,804
69,579005,1720
189,579005,816
151,579005,3342
5,579015,288
77,579015,4512
92,579015,2250
74,579015,1246
49,579015,5784
134,579015,1432
72,579015,2948
90,579015,1618
75,579015,828
42,579015,984
102,579015,916
123,579015,588
212,579015,300
107,579016,1424
145,579016,720
49,579016,946
101,579016,432
123,579016,894
141,579016,2016
107,579018,1278
74,579018,668
42,579018,438
85,579021,1056
23,579021,3048
29,579021,5524
211,579021,438
77,579021,1092
92,579021,4012
49,579021,676
134,579021,328
72,579021,4104
42,579021,1442
57,579021,722
76,579021,3560
58,579021,1950
123,579021,492
141,579021,2330
25,579052,2054
44,579052,1506
69,579052,8478
151,579052,160
58,579052,600
84,579070,656
147,579070,1034
40,579070,776
120,579102,15274
62,579102,3516
234,579125,1480
27,579125,12456
80,579125,4126
178,579125,5268
55,579125,7294
187,579125,852
129,579125,4208
142,579125,1486
8,579125,1498
138,579125,1498
127,579125,1736
38,579125,1566
77,579214,792
75,579214,672
42,579214,952
6,579225,1172
40,579225,2140
220,579232,112
6,579234,2126
104,579234,282
67,579234,1054
211,579234,276
84,579234,208
10,579234,732
61,579234,472
34,579236,1202
23,579236,1834
27,579236,700
21,579236,4970
59,579236,1176
99,579236,966
216,579236,678
236,579236,612
169,579236,280
92,579236,1404
232,579236,1840
97,579236,1308
126,579236,1328
232,579242,2830
20,579244,104
234,579286,984
106,579286,4254
8,579286,1440
52,579286,364
234,579287,896
106,579287,5532
8,579287,900
98,579299,1468
80,579299,1644
117,579299,2094
105,579299,680
88,579299,4050
23,579323,6572
7,579323,260
21,579323,2570
59,579323,606
68,579323,1704
169,579323,2820
119,579323,660
128,579323,1574
138,579323,1908
17,579323,1704
56,579323,1736
126,579323,1022
65,579323,584
44,579361,2596
60,579361,2580
189,579361,1864
27,579449,258
228,579449,782
32,579456,1314
55,579456,456
108,579456,1598
191,579457,1068
32,579457,502
140,579457,322
236,579457,1320
111,579457,798
19,579457,1604
228,579457,438
125,579461,384
97,579478,1096
26,579482,664
148,579482,372
91,579482,854
74,579491,414
62,579583,736
32,579583,548
221,579583,544
222,579583,1040
157,579583,896
90,579583,940
2,579637,634
22,579637,1546
35,579637,790
69,579639,412
25,579691,642
120,579691,818
47,579691,450
147,579691,288
199,579691,970
95,579705,674
32,579705,1168
81,579705,334
25,579795,932
85,579796,462
92,579796,256
72,579796,492
75,579796,636
6,579807,2900
67,579807,644
202,579807,320
162,579807,400
10,579807,1480
9,579807,3804
61,579807,3394
147,579807,5248
40,579807,306
57,579807,440
160,579807,532
220,579807,88
85,579809,296
7,579809,4632
187,579809,480
29,579809,4978
145,579809,200
92,579809,2398
138,579809,2830
61,579809,1136
134,579809,272
72,579809,7972
75,579809,210
147,579809,4086
107,579850,6386
85,579850,428
5,579850,4164
68,579850,2312
29,579850,400
92,579850,824
61,579850,1086
49,579850,802
134,579850,1720
75,579850,2206
101,579850,4534
76,579850,5654
123,579850,2752
141,579850,4892
145,579855,248
9,579855,170
25,579858,1418
63,579860,1524
67,579860,1172
145,579860,288
147,579860,316
138,579887,764
74,579887,200
90,579887,922
187,579888,898
74,579888,240
186,579889,710
138,579889,214
74,579889,218
90,579889,660
107,579890,14564
211,579890,570
49,579890,698
72,579890,6378
75,579890,820
218,579890,466
102,579890,818
101,579890,1656
76,579890,4650
123,579890,2294
115,579891,1054
90,579891,760
10,579902,856
9,579902,1076
40,579902,412
160,579902,480
22,579934,2290
231,579934,5262
83,579934,316
224,579934,468
28,579934,2720
33,579934,4450
72,579957,338
151,579967,588
10,579975,1072
9,579975,456
211,579979,1568
40,579979,218
85,580065,660
145,580065,272
77,580065,420
75,580065,252
101,580065,924
23,580082,1944
3,580082,796
7,580082,1970
23,580090,14906
43,580090,1810
120,580090,3310
0,580090,8038
163,580090,2784
9,580090,3582
12,580090,296
44,580102,828
107,580118,1880
85,580118,200
7,580118,952
29,580118,228
77,580118,1554
92,580118,1488
61,580118,928
49,580118,3180
134,580118,3026
72,580118,2118
115,580118,270
126,580118,312
75,580118,288
42,580118,1332
218,580118,928
76,580118,1028
219,580119,530
219,580120,120
151,580126,1398
58,580126,2296
217,580126,168
219,580126,120
71,580142,220
217,580142,120
186,580150,250
115,580150,206
88,580165,3364
25,580176,520
61,580176,528
24,580176,1330
56,580188,1792
97,580188,146
8,580208,1704
52,580208,240
39,580220,5052
22,580220,1302
231,580220,542
232,580220,760
25,580254,488
169,580254,780
128,580254,196
17,580254,132
56,580254,374
25,580300,860
23,580300,14250
21,580300,10984
32,580300,492
59,580300,304
99,580300,3420
216,580300,842
68,580300,5652
0,580300,822
128,580300,768
56,580300,1206
97,580300,236
12,580300,1760
126,580300,748
65,580300,1516
91,580300,486
37,580300,1322
25,580349,1170
169,580349,980
97,580349,368
37,580349,490
233,580385,502
223,580385,208
228,580385,504
64,580402,346
108,580402,374
90,580402,750
138,580408,254
191,580413,888
32,580413,506
195,580413,564
132,580475,384
236,580475,416
4,580475,792
9,580475,864
45,580475,234
47,580475,2366
125,580475,780
6,580571,480
10,580571,724
71,580572,540
74,580572,392
76,580572,294
160,580572,724
85,580580,690
21,580580,852
134,580580,674
6,580587,822
67,580587,400
84,580587,1252
220,580587,258
47,580595,598
2,580597,1162
22,580597,920
35,580597,200
25,580607,240
95,580607,1056
32,580607,2686
140,580607,560
222,580607,426
145,580607,828
64,580607,622
228,580607,1224
108,580607,1132
157,580607,2998
8,580644,2008
105,580644,216
52,580644,3428
69,580664,2300
57,580664,1254
61,580665,4862
147,580665,630
40,580665,258
110,580696,14432
109,580696,3016
164,580696,342
48,580696,2396
25,580739,2306
1,580739,3392
189,580740,1274
6,580741,342
10,580741,896
61,580741,660
40,580741,374
110,580758,950
90,580758,1616
187,580761,728
138,580761,2548
74,580761,804
115,580761,5110
90,580761,4522
35,580763,1752
28,580763,308
40,580783,918
138,580851,864
90,580851,210
220,580851,112
212,580851,190
219,580851,104
144,580863,992
62,580863,816
109,580863,1552
138,580863,2320
74,580863,1416
90,580863,10102
48,580863,912
72,580895,1548
220,580895,696
9,580901,400
29,580954,228
77,580954,646
92,580954,740
134,580954,2972
123,580954,2958
141,580954,2334
219,580954,102
20,580956,13214
182,580956,1494
84,580956,4076
92,580964,492
25,580966,230
58,580966,492
6,580983,584
67,580983,480
20,580983,840
202,580983,1070
9,580983,674
160,580983,2428
177,580984,594
67,580984,238
9,580984,576
67,580985,464
182,580985,828
61,580985,444
90,580985,646
160,580985,1556
107,580991,5256
5,580991,2554
7,580991,870
29,580991,704
92,580991,628
102,580991,552
76,580991,630
141,580991,1528
10,580992,476
115,580994,400
75,580994,1298
141,580994,1944
25,581003,210
121,581003,622
0,581003,270
38,581003,1574
55,581050,2332
50,581076,696
98,581076,1998
109,581076,252
88,581076,954
55,581082,420
38,581082,630
80,581083,1964
55,581083,8882
111,581083,2746
8,581083,1072
217,581083,156
212,581083,232
29,581094,276
75,581094,600
42,581094,1462
102,581094,306
101,581094,408
123,581094,220
219,581094,588
215,581094,100
67,581106,546
182,581106,6062
10,581106,704
49,581110,220
186,581173,3266
84,581173,392
77,581173,1034
92,581173,670
49,581173,3454
134,581173,848
90,581173,204
75,581173,2266
218,581173,460
101,581173,3180
76,581173,6886
160,581173,1442
141,581173,5832
213,581173,110
7,581174,4686
67,581174,1608
29,581174,920
77,581174,848
92,581174,1440
49,581174,838
75,581174,1668
42,581174,2768
102,581174,208
101,581174,1008
123,581174,472
141,581174,7042
25,581175,2738
86,581175,646
72,581175,5706
57,581175,2126
58,581175,252
213,581188,40
23,581189,882
7,581189,1182
21,581189,2856
59,581189,876
68,581189,328
112,581189,1750
128,581189,742
228,581189,1512
9,581189,524
232,581189,2428
17,581189,1208
97,581189,270
31,581189,1396
65,581189,1066
91,581189,2022
37,581189,2176
23,581190,6708
26,581190,340
7,581190,7464
21,581190,9080
59,581190,1440
68,581190,5556
96,581190,1154
8,581190,350
128,581190,2344
232,581190,3212
17,581190,1780
126,581190,1710
24,581190,756
65,581190,456
21,581193,932
216,581193,886
68,581193,3344
126,581193,480
225,581196,844
232,581196,1892
25,581199,5506
23,581199,10646
7,581199,1716
21,581199,10740
169,581199,938
97,581199,264
126,581199,520
40,581199,1382
216,581209,914
17,581209,240
43,581251,1840
163,581251,1276
84,581251,1008
23,581253,1622
26,581253,1758
21,581253,2400
128,581253,224
17,581253,1570
97,581253,212
91,581253,2978
21,581270,1198
99,581270,1272
128,581270,426
97,581270,282
126,581270,180
91,581270,358
66,581318,888
120,581318,826
131,581318,172
108,581318,1124
159,581318,264
146,581319,1440
60,581319,666
62,581319,1434
19,581319,5544
95,581322,520
32,581322,1114
129,581322,446
139,581322,1824
19,581322,498
150,581322,640
235,581322,374
115,581322,496
78,581322,1334
163,581336,204
24,581336,912
186,581362,570
227,581362,1014
227,581367,34942
219,581379,296
222,581406,304
195,581406,576
223,581430,466
66,581461,480
117,581461,588
191,581499,472
159,581499,230
45,581500,2064
199,581500,890
125,581500,540
66,581513,658
191,581513,400
222,581513,248
138,581528,388
90,581528,888
6,581553,794
67,581553,5022
10,581553,1192
61,581553,1068
147,581553,916
57,581553,962
160,581553,216
63,581554,800
67,581554,6036
221,581554,1014
202,581554,1322
10,581554,7524
9,581554,8834
232,581554,828
245,581554,222
147,581554,1744
40,581554,9382
147,581555,1444
25,581623,1262
26,581623,514
59,581623,1272
37,581626,470
67,581634,1144
187,581635,300
77,581635,3592
92,581635,1454
49,581635,2606
72,581635,936
115,581635,496
42,581635,948
218,581635,1378
102,581635,208
101,581635,2610
89,581635,640
123,581635,192
67,581658,324
61,581658,2376
40,581658,732
85,581678,732
123,581678,1416
20,581704,336
10,581704,220
211,581796,1068
115,581796,234
25,581860,6516
44,581860,888
136,581860,1122
3,581860,1956
121,581860,456
0,581860,7860
38,581860,12104
30,581868,346
251,581868,144
72,581887,2270
57,581887,586
58,581887,336
5,581923,824
90,581923,638
75,581923,890
20,581928,3782
182,581928,384
84,581928,888
71,581935,1040
9,581935,10868
147,581935,3956
93,581983,726
127,581983,420
233,581996,812
221,581996,1080
235,581996,386
25,581998,5958
233,581998,2656
66,581998,2818
95,581998,1898
120,581998,486
21,581998,3770
32,581998,6804
236,581998,1964
96,581998,1084
71,581998,1552
8,581998,1500
228,581998,3212
45,581998,820
150,581998,340
235,581998,1978
155,581998,220
125,581998,6198
195,581998,600
25,581999,1086
66,581999,1030
34,581999,1382
191,581999,1062
32,581999,8612
124,581999,748
229,581999,3792
64,581999,576
228,581999,1208
235,581999,320
155,581999,208
125,581999,580
40,582012,284
160,582012,264
43,582038,352
3,582038,292
0,582038,214
24,582038,264
107,582049,2460
5,582049,4174
71,582049,518
92,582049,1952
61,582049,1612
49,582049,200
97,582049,638
72,582049,906
90,582049,372
75,582049,848
42,582049,1084
101,582049,264
76,582049,8674
141,582049,1468
234,582059,300
252,582059,200
27,582060,3546
52,582060,850
27,582066,558
7,582108,440
21,582108,340
236,582108,700
56,582108,220
126,582108,352
26,582113,1848
0,582113,1788
85,582123,568
5,582123,2062
77,582123,726
8,582123,536
138,582123,264
75,582123,522
123,582123,228
25,582149,1404
136,582149,1928
38,582149,684
7,582152,2472
216,582152,324
97,582152,812
146,582164,926
120,582164,546
51,582164,678
151,582176,1150
58,582176,824
25,582178,886
151,582178,1222
58,582178,1140
23,582196,3754
26,582196,1210
21,582196,19874
99,582196,396
216,582196,1580
236,582196,1440
68,582196,3370
169,582196,548
142,582196,898
211,582196,910
119,582196,1300
128,582196,1392
97,582196,370
126,582196,944
65,582196,782
37,582196,368
25,582234,510
58,582234,1020
5,582240,808
90,582240,664
29,582241,250
102,582241,628
23,582259,864
7,582259,766
21,582259,336
59,582259,370
99,582259,216
216,582259,306
169,582259,420
119,582259,940
131,582259,1008
128,582259,870
232,582259,258
56,582259,218
126,582259,260
91,582259,294
37,582259,948
210,582259,140
219,582305,320
43,582318,396
26,582318,2134
3,582318,1000
59,582318,2574
4,582318,2570
56,582318,1872
24,582318,1092
115,582348,202
215,582348,210
120,582430,210
7,582430,432
77,582430,364
77,582437,606
115,582437,266
42,582437,1202
218,582437,1110
76,582437,1200
123,582437,464
151,582461,4174
1,582465,402
58,582465,1214
67,582618,4030
145,582618,768
202,582618,800
64,582618,992
147,582618,986
160,582618,1282
219,582773,210
2,582796,1004
22,582796,8768
5,582811,656
49,582811,1244
102,582811,220
146,582998,1318
120,582998,402
62,582998,1268
140,582998,198
236,582998,2748
56,582998,396
235,582998,2192
47,582998,1280
24,582998,2568
78,582998,742
199,582998,256
125,582998,1224
54,582998,538
105,583008,728
223,583013,668
191,583021,732
120,583021,744
125,583021,1230
112,583025,240
195,583025,488
25,583035,6524
86,583035,480
151,583035,10436
72,583035,4840
57,583035,6478
232,583045,1978
224,583045,1196
6,583047,660
67,583047,822
20,583047,1472
10,583047,622
61,583047,2364
160,583047,8926
136,583049,994
38,583049,1576
130,583057,398
24,583057,654
210,583059,108
59,583077,512
119,583077,440
31,583077,1336
37,583077,1008
21,583103,2116
199,583133,280
232,583168,216
29,583209,328
211,583209,208
42,583269,606
75,583270,520
67,583277,570
61,583277,732
147,583277,948
160,583277,860
25,583280,958
46,583280,282
140,583280,464
1,583280,1504
72,583281,592
102,583288,200
101,583288,608
85,583291,360
29,583291,288
202,583291,416
77,583291,3124
92,583291,988
49,583291,1940
134,583291,1616
115,583291,2772
75,583291,644
42,583291,3368
218,583291,1050
102,583291,672
101,583291,1404
57,583291,2928
76,583291,624
123,583291,360
141,583291,1832
22,583294,1594
35,583294,904
249,583294,420
226,583294,390
224,583294,392
74,583316,236
211,583317,432
220,583317,320
187,583319,238
71,583319,350
90,583319,1570
27,583324,652
211,583324,1978
71,583324,498
74,583324,1122
115,583324,4184
90,583324,4936
109,583329,288
164,583329,1010
48,583329,476
142,583338,840
71,583338,1008
138,583338,660
220,583338,342
215,583338,180
202,583384,1854
10,583384,458
9,583384,1488
57,583384,1136
25,583395,568
23,583395,678
187,583395,234
77,583395,246
92,583395,984
72,583395,408
42,583395,702
218,583395,1708
102,583395,250
101,583395,672
123,583395,2976
5,583396,6210
77,583396,1050
9,583396,576
61,583396,1150
134,583396,372
115,583396,378
90,583396,364
75,583396,2042
42,583396,2494
102,583396,1548
101,583396,700
123,583396,1328
67,583397,866
202,583397,234
61,583397,5332
147,583397,850
85,583410,1280
145,583410,600
77,583410,1728
92,583410,768
9,583410,936
49,583410,840
72,583410,3214
75,583410,1546
42,583410,536
37,583410,320
101,583410,714
89,583410,560
123,583410,2028
230,583473,190
67,583473,218
40,583473,240
125,583473,364
85,583520,712
5,583520,586
92,583520,672
49,583520,1368
75,583520,216
107,583556,1286
217,583556,796
210,583556,210
75,583557,240
107,583558,51700
5,583558,3414
186,583558,4622
187,583558,3000
77,583558,2954
92,583558,756
74,583558,4520
49,583558,2080
115,583558,232
90,583558,282
42,583558,2312
218,583558,216
102,583558,3790
101,583558,2234
76,583558,6790
217,583558,536
220,583558,392
212,583558,736
219,583558,96
215,583558,308
186,583573,240
138,583573,220
115,583573,384
90,583573,426
32,583667,336
211,583667,576
108,583667,1240
235,583667,394
47,583667,728
25,583668,1792
95,583668,700
32,583668,2062
93,583668,1392
47,583668,1058
157,583668,978
122,583668,1824
26,583679,400
169,583679,588
56,583679,792
61,583679,792
148,583680,280
96,583680,216
24,583691,916
23,583704,1092
21,583704,3954
128,583704,564
65,583704,860
89,583704,780
27,583709,576
27,583712,748
88,583716,420
41,583731,320
164,583731,308
47,583731,456
4,583735,192
215,583735,108
23,583739,396
142,583739,522
91,583739,896
43,583743,378
3,583743,612
121,583743,288
59,583743,3662
236,583743,546
148,583743,360
24,583743,1116
219,583743,108
7,583757,2766
21,583757,4212
99,583757,864
126,583757,436
101,583757,898
21,583758,1914
102,583758,480
217,583761,120
23,583762,2070
26,583762,408
21,583762,5808
59,583762,262
99,583762,1656
216,583762,1108
68,583762,752
169,583762,462
142,583762,728
119,583762,384
128,583762,568
9,583762,1626
74,583762,1686
17,583762,426
56,583762,1536
97,583762,532
150,583762,1532
126,583762,1050
24,583762,902
65,583762,1072
42,583762,516
37,583762,1030
217,583762,208
220,583762,200
92,583815,420
134,583815,804
72,583815,1080
42,583815,1896
123,583815,918
20,583818,2890
58,583831,1220
221,583875,714
47,583875,744
157,583875,800
66,583919,11358
146,583919,1944
120,583919,2732
27,583919,3260
32,583919,6964
223,583919,512
138,583919,1216
235,583919,2730
47,583919,1980
90,583919,588
122,583919,2070
54,583919,2650
69,583921,4016
151,583921,3112
151,583924,460
212,583970,90
213,583970,440
90,584231,596
134,584242,210
72,584242,208
75,584242,282
71,584244,416
115,584244,378
90,584244,212
217,584360,90
213,584360,210
177,584366,612
84,584366,420
5,584376,686
71,584376,700
49,584376,532
23,584386,2178
26,584386,420
97,584386,684
126,584386,224
40,584390,378
90,584393,1148
234,584431,276
106,584431,360
8,584431,480
50,584432,360
117,584432,750
164,584432,672
217,584433,80
27,584457,4108
80,584457,880
55,584457,850
142,584457,1566
8,584457,450
127,584457,1616
27,584458,3712
80,584458,1370
178,584458,1040
55,584458,6408
142,584458,276
211,584458,228
111,584458,848
38,584458,2180
186,584485,1032
71,584485,2594
66,584514,1254
191,584514,378
120,584514,1448
62,584514,1224
39,584552,1164
17,584552,210
56,584552,228
37,584552,1368
215,584552,126
67,584639,1070
57,584639,416
160,584639,272
72,584641,258
58,584641,942
47,584653,656
47,584664,662
222,584665,232
45,584665,404
199,584665,880
82,584665,894
70,584682,1840
46,584682,896
212,584683,96
219,584683,144
2,584687,1990
39,584687,3562
22,584687,1504
225,584687,1890
232,584687,9456
224,584687,5906
28,584687,410
9,584740,282
95,584861,620
32,584861,336
140,584861,972
125,584861,572
23,584893,1478
59,584893,468
186,584919,3702
211,584919,346
71,584919,3906
138,584919,5918
115,584919,1424
90,584919,4506
212,584919,280
55,584920,926
187,584920,596
211,584920,1528
71,584920,216
138,584920,1850
115,584920,450
90,584920,846
49,584923,462
101,584923,256
90,584924,2028
187,584925,1864
138,584925,402
74,584925,216
115,584925,1830
90,584925,2352
85,584931,772
29,584931,2302
211,584931,432
134,584931,224
72,584931,1728
24,584931,614
67,584932,3876
4,584932,480
10,584932,848
61,584932,1202
147,584932,1156
40,584932,1114
107,584935,2448
85,584935,1704
5,584935,1024
29,584935,408
202,584935,408
77,584935,1192
49,584935,2148
134,584935,1150
42,584935,1312
218,584935,192
102,584935,2326
76,584935,2194
160,584935,216
123,584935,264
141,584935,2264
49,585057,88
134,585057,270
9,585074,1104
5,585081,2622
92,585081,492
75,585081,280
102,585081,658
101,585081,368
141,585081,1380
108,585106,1312
47,585106,294
97,585158,172
40,585158,1294
42,585158,272
85,585194,1072
236,585194,1008
150,585194,180
134,585194,308
90,585194,260
101,585194,1460
123,585194,2562
6,585209,3376
84,585209,2196
10,585209,880
9,585209,3408
61,585209,2500
147,585209,380
160,585209,11560
62,585236,360
132,585255,1026
195,585255,252
186,585278,228
138,585278,366
90,585278,398
9,585280,208
29,585287,2020
92,585287,196
9,585287,380
134,585287,192
101,585287,1338
23,585391,1140
216,585391,2472
128,585391,1152
98,585423,1672
235,585423,256
27,585439,832
55,585439,4944
129,585439,534
142,585439,330
111,585439,7424
38,585439,1722
25,585498,1128
136,585498,240
3,585498,2620
121,585498,234
0,585498,1922
38,585498,1852
21,585500,4106
99,585500,382
97,585500,1152
26,585508,488
120,585508,660
121,585508,246
0,585508,6726
4,585508,1024
148,585508,1814
84,585508,3910
56,585508,566
12,585508,3044
7,585509,2646
21,585509,6512
68,585509,3216
4,585509,1440
91,585509,630
39,585510,7648
224,585510,1182
23,585608,6148
26,585608,346
59,585608,342
99,585608,632
216,585608,632
68,585608,3258
0,585608,3984
9,585608,784
232,585608,4356
97,585608,712
31,585608,2474
65,585608,296
91,585608,1290
23,585631,4772
7,585631,17674
55,585631,386
21,585638,10176
216,585638,2216
169,585638,276
25,585640,2802
121,585640,1140
38,585640,12312
188,585643,1922
66,585643,468
41,585643,2248
98,585643,520
62,585643,726
110,585643,1064
109,585643,860
32,585668,1308
155,585668,240
41,585685,886
8,585706,712
105,585706,932
52,585706,2828
46,585725,180
93,585725,216
90,585745,312
32,585748,280
228,585748,288
132,585749,192
78,585749,608
125,585751,804
43,585774,854
3,585774,1056
0,585774,3328
56,585774,912
43,585784,2402
20,585784,792
0,585784,870
4,585784,3194
84,585784,744
130,585784,1064
24,585784,912
142,585937,804
115,585937,408
85,585967,1922
21,585967,1816
29,585967,5312
211,585967,652
77,585967,210
97,585967,224
134,585967,4360
72,585967,4790
42,585967,1862
101,585967,6396
76,585967,9716
186,586008,592
27,586008,640
211,586008,910
71,586008,376
138,586008,1900
74,586008,1048
115,586008,1832
90,586008,2014
34,586019,2278
23,586019,1956
21,586019,2152
216,586019,2126
68,586019,1650
169,586019,826
128,586019,624
56,586019,264
97,586019,682
37,586019,2314
3,586050,304
10,586050,234
74,586050,412
40,586050,252
61,586067,256
57,586067,338
67,586068,632
35,586070,1212
226,586070,3790
224,586070,1230
28,586070,1532
29,586074,208
77,586074,3732
128,586074,192
92,586074,556
49,586074,2202
97,586074,168
134,586074,1812
72,586074,1270
115,586074,348
101,586074,1190
49,586075,1192
102,586075,474
49,586076,904
42,586076,980
101,586076,422
10,586077,210
85,586078,252
76,586078,274
186,586092,4206
71,586092,452
138,586092,12450
105,586092,1040
74,586092,532
115,586092,3604
236,586100,566
51,586100,210
216,586146,176
90,586146,1212
218,586146,942
101,586146,464
76,586146,1798
123,586146,2308
5,586167,1056
77,586167,384
42,586167,2382
123,586167,444
20,586206,642
182,586206,1002
84,586206,204
120,586208,208
77,586244,2860
49,586244,992
75,586244,922
218,586244,1078
102,586244,1136
101,586244,2458
123,586244,720
20,586252,1632
84,586252,210
29,586275,196
145,586283,968
10,586283,1900
134,586283,720
42,586283,594
141,586283,960
38,586294,256
187,586297,204
123,586306,410
141,586306,1112
97,586317,344
92,586332,684
134,586332,2062
33,586392,480
46,586440,242
25,586458,4514
233,586458,852
66,586458,2456
95,586458,650
32,586458,4038
142,586458,200
112,586458,1088
223,586458,208
229,586458,476
74,586458,468
150,586458,504
155,586458,580
125,586458,1738
120,586459,2450
32,586459,4718
236,586459,9218
129,586459,856
111,586459,928
71,586459,362
131,586459,606
228,586459,1228
235,586459,1326
47,586459,2418
157,586459,1530
78,586459,748
125,586459,3286
66,586460,630
236,586460,4432
51,586460,1150
142,586460,840
112,586460,2058
111,586460,608
71,586460,420
228,586460,1080
108,586460,770
150,586460,330
235,586460,4580
66,586468,264
32,586468,556
186,586520,624
29,586520,1430
92,586520,216
72,586520,816
75,586520,3668
120,586522,590
32,586522,1110
228,586522,924
150,586522,876
47,586522,380
195,586522,180
97,586612,448
217,586612,300
169,586614,210
97,586614,1032
126,586614,192
25,586630,1134
39,586630,3452
225,586630,2218
38,586630,1290
7,586633,1836
169,586633,564
148,586633,544
163,586633,1456
130,586633,948
24,586633,894
25,586641,1308
136,586641,2014
60,586641,738
3,586641,678
121,586641,3170
0,586641,5104
38,586641,408
21,586644,2360
23,586646,1688
37,586646,1604
98,586654,800
55,586654,1250
105,586654,918
3,586663,684
3,586685,640
234,586693,378
106,586693,1444
8,586693,1190
48,586693,252
252,586693,848
27,586694,4446
55,586694,1716
142,586694,866
247,586694,264
219,586694,96
50,586696,140
27,586696,228
178,586696,1104
169,586696,250
212,586696,192
219,586696,150
162,586787,1164
47,586787,1200
112,586808,336
222,586808,432
159,586808,256
32,586810,312
96,586810,264
223,586810,292
66,586812,660
222,586812,410
131,586812,220
125,586812,532
228,586813,480
157,586813,660
195,586813,450
25,586819,876
32,586819,382
233,586820,784
27,586820,196
46,586862,2058
232,586884,308
49,586915,1142
134,586915,1128
90,586915,866
67,586942,670
202,586942,980
10,586942,476
64,586942,530
9,586942,6222
61,586942,1882
72,586942,2120
147,586942,3130
40,586942,3646
57,586942,1432
160,586942,1432
58,586942,3698
25,586943,1144
67,586943,336
10,586943,1070
9,586943,4706
61,586943,1864
47,586943,1668
147,586943,2488
40,586943,264
57,586943,442
58,586943,1558
72,586945,280
57,586945,248
46,586962,596
245,586962,228
21,587009,1456
55,587009,1010
99,587009,478
68,587009,780
84,587009,2128
126,587009,740
23,587010,600
21,587010,1992
68,587010,2704
65,587010,1052
25,587012,1984
7,587012,984
236,587012,648
68,587012,3434
169,587012,288
142,587012,730
56,587012,1640
97,587012,1098
12,587012,2280
65,587012,1138
37,587012,1398
37,587013,1392
107,587015,1574
77,587015,2578
49,587015,1926
72,587015,3698
75,587015,990
101,587015,600
123,587015,616
212,587016,140
107,587017,15018
5,587017,1358
10,587017,1800
92,587017,1904
49,587017,2158
72,587017,1862
75,587017,976
102,587017,1610
101,587017,1590
76,587017,7286
160,587017,1102
123,587017,770
107,587018,3740
85,587018,314
5,587018,1440
21,587018,2022
29,587018,488
77,587018,534
92,587018,1026
49,587018,508
75,587018,266
218,587018,502
101,587018,744
76,587018,1438
123,587018,780
25,587037,960
6,587037,1256
67,587037,1192
182,587037,890
84,587037,250
10,587037,2924
40,587037,1508
217,587040,240
220,587040,200
4,587093,848
130,587093,2158
29,587111,910
202,587111,216
77,587111,1110
49,587111,360
42,587111,768
218,587111,324
102,587111,792
76,587111,792
123,587111,738
25,587138,988
121,587138,234
38,587138,2874
85,587212,1940
29,587212,1200
202,587212,362
77,587212,388
134,587212,294
72,587212,692
24,587212,818
218,587212,210
123,587212,592
134,587247,380
76,587247,1122
29,587249,776
75,587249,618
218,587249,770
107,587251,3436
85,587251,754
92,587251,192
138,587251,468
42,587251,460
102,587251,1896
101,587251,1242
218,587273,714
107,587275,19524
5,587275,4798
29,587275,732
71,587275,676
77,587275,1796
92,587275,3654
49,587275,1968
72,587275,1676
90,587275,3494
75,587275,772
42,587275,2334
218,587275,5302
102,587275,1802
101,587275,664
76,587275,20302
123,587275,514
141,587275,9858
25,587306,3040
120,587306,912
3,587306,1668
121,587306,2346
4,587306,3374
84,587306,3766
130,587306,2364
38,587306,1778
133,587306,2950
214,587306,848
169,587307,476
96,587307,258
232,587307,464
90,587307,466
253,587326,402
233,587358,828
32,587358,1440
124,587358,3444
112,587358,480
96,587358,1500
235,587358,852
122,587358,1240
141,587358,930
22,587402,1280
35,587402,210
22,587409,4228
35,587409,442
2,587414,2270
22,587414,6678
35,587414,3774
69,587426,3844
67,587429,372
9,587429,200
147,587436,486
40,587436,250
106,587447,6212
8,587447,532
52,587447,1710
3,587474,212
121,587474,1596
21,587488,3924
91,587488,1956
202,587506,1400
10,587506,640
9,587506,4638
61,587506,2922
147,587506,1440
212,587506,216
46,587508,1494
84,587508,2382
202,587508,190
10,587508,2300
9,587508,588
40,587508,7474
160,587508,3260
212,587508,340
219,587508,288
146,587509,1460
182,587509,2414
9,587509,402
61,587509,634
82,587509,1214
74,587511,842
115,587511,2770
90,587511,1240
186,587513,110
8,587575,720
38,587576,1044
27,587585,480
142,587585,600
55,587586,224
129,587586,288
8,587586,620
188,587614,1520
41,587614,680
90,587614,864
188,587615,440
41,587615,3038
62,587615,1650
7,587639,766
21,587639,816
119,587639,552
65,587639,2562
23,587641,4598
7,587641,3064
21,587641,810
99,587641,1240
128,587641,1420
97,587641,1500
37,587641,3300
101,587641,624
217,587641,372
23,587642,2676
21,587642,5346
169,587642,220
126,587642,460
25,587651,610
43,587651,240
17,587651,936
65,587651,1032
169,587654,588
17,587654,864
126,587654,390
217,587654,204
25,587689,368
95,587689,490
21,587689,2092
32,587689,4440
236,587689,2032
139,587689,4898
124,587689,6744
112,587689,200
96,587689,612
223,587689,332
162,587689,1140
64,587689,340
228,587689,4956
108,587689,1766
235,587689,1320
155,587689,2138
159,587689,1140
122,587689,270
76,587689,1734
81,587689,212
25,587691,440
120,587691,936
62,587691,746
221,587691,208
236,587691,1370
51,587691,1314
96,587691,500
93,587691,1810
228,587691,510
235,587691,624
155,587691,634
159,587691,186
76,587691,336
125,587695,376
125,587697,336
85,587754,264
142,587754,266
49,587754,1420
34,587771,1064
23,587771,870
7,587771,1290
21,587771,1164
59,587771,288
169,587771,228
128,587771,892
17,587771,440
97,587771,252
65,587771,238
102,587771,1172
21,587776,314
67,587776,892
216,587776,326
0,587776,408
23,587777,1694
26,587777,404
186,587777,1400
21,587777,2176
187,587777,592
59,587777,2412
99,587777,3040
216,587777,3386
68,587777,756
169,587777,1444
119,587777,2628
222,587777,948
128,587777,1562
17,587777,1776
56,587777,360
97,587777,2276
90,587777,852
126,587777,1190
24,587777,1308
65,587777,3406
91,587777,468
25,587786,318
23,587786,5878
21,587786,12230
59,587786,486
216,587786,4110
68,587786,1464
169,587786,942
119,587786,2688
128,587786,3410
232,587786,4558
17,587786,956
97,587786,896
126,587786,564
24,587786,1640
65,587786,1408
91,587786,414
37,587786,674
219,587786,216
25,587804,418
66,587804,440
143,587804,2142
236,587804,2544
228,587804,648
45,587804,1336
157,587804,1234
125,587804,372
23,587832,612
4,587832,412
56,587832,468
3,587833,1140
121,587833,240
20,587833,1108
84,587833,2234
130,587833,1130
38,587833,1798
78,587833,1762
107,587865,1924
76,587865,1672
40,587877,552
102,587877,196
123,587877,680
22,587882,196
147,587883,268
40,587883,240
25,587936,1512
66,587936,676
120,587936,686
228,587936,1768
157,587936,270
125,587936,1440
195,587936,532
236,587938,310
139,587938,1728
211,587938,288
228,587938,698
47,587938,414
78,587938,576
199,587938,1008
159,587938,208
35,588071,444
169,588074,1214
56,588074,964
217,588074,312
43,588143,608
3,588143,1220
0,588143,790
31,588143,910
116,588143,870
25,588146,2910
136,588146,1704
86,588146,2040
0,588146,10796
38,588146,6750
229,588170,1810
47,588170,496
78,588170,434
50,588197,468
98,588197,3128
80,588197,1360
55,588197,968
8,588197,440
88,588197,708
164,588197,360
90,588197,576
68,588199,790
89,588199,756
59,588203,984
217,588203,964
25,588204,1454
39,588204,1710
23,588204,4548
3,588204,1700
99,588204,568
68,588204,3354
169,588204,1606
211,588204,754
9,588204,1276
232,588204,1984
97,588204,270
31,588204,1498
126,588204,604
65,588204,3932
91,588204,1536
29,588247,2780
77,588247,1964
9,588247,310
134,588247,920
72,588247,3566
42,588247,1380
218,588247,288
102,588247,640
123,588247,468
141,588247,3994
29,588304,1046
90,588304,1386
166,588306,256
202,588349,1026
138,588349,540
49,588349,408
97,588349,466
72,588349,748
61,588350,760
160,588350,432
92,588359,536
102,588359,536
101,588359,204
22,588364,704
71,588405,544
109,588413,928
164,588413,696
90,588413,494
110,588414,800
48,588414,512
219,588416,108
186,588427,400
187,588427,360
138,588427,240
211,588438,380
217,588459,108
169,588463,584
128,588463,240
126,588463,912
65,588463,1332
39,588469,1378
231,588469,3018
232,588469,4068
224,588469,1008
28,588469,6640
33,588469,2524
3,588470,216
0,588470,2710
66,588520,684
132,588520,2402
9,588520,340
143,588550,1164
120,588550,720
21,588550,1520
32,588550,1016
162,588550,216
157,588550,440
40,588550,1044
42,588550,510
54,588550,2654
159,588559,912
98,588640,1440
234,588640,2548
106,588640,2160
8,588640,1344
53,588640,494
98,588641,864
117,588641,1156
88,588641,2028
106,588644,720
248,588644,432
117,588647,708
234,588656,3402
106,588656,1222
8,588656,914
52,588656,288
23,588662,2032
21,588662,8638
59,588662,1066
99,588662,356
216,588662,352
126,588662,442
91,588662,1428
3,588663,252
130,588663,1582
214,588663,1776
213,588665,340
128,588668,798
225,588669,234
232,588669,690
26,588702,204
84,588702,344
0,588703,1104
38,588703,476
25,588704,1070
121,588704,374
254,588706,1952
43,588706,7792
3,588706,2408
216,588706,2400
0,588706,10536
4,588706,22978
84,588706,13418
56,588706,8968
72,588706,2736
24,588706,2652
89,588706,20708
20,588730,1702
59,588734,286
128,588734,276
21,588740,392
25,588748,1552
3,588748,1028
121,588748,668
59,588748,7212
169,588748,432
4,588748,582
148,588748,1404
222,588748,864
56,588748,2278
12,588748,2228
31,588748,1000
24,588748,696
89,588748,2042
105,588765,450
27,588861,336
80,588861,232
233,588895,4250
120,588895,1246
178,588895,804
143,588937,1704
32,588937,678
45,588937,1118
191,588940,770
186,588940,1096
32,588940,1226
187,588940,1220
51,588940,342
71,588940,888
228,588940,7596
108,588940,2120
157,588940,272
122,588940,648
110,589065,650
109,589065,1056
53,589065,614
27,589082,998
115,589082,1062
75,589103,534
102,589103,220
29,589118,2070
84,589118,1776
145,589118,1694
134,589118,1732
75,589118,1016
42,589118,1978
57,589118,350
25,589119,10074
86,589119,3190
1,589119,2114
69,589119,1110
145,589119,484
151,589119,18846
72,589119,9948
57,589119,3434
58,589119,898
2,589147,1250
39,589147,1662
35,589147,442
225,589147,3400
232,589147,3742
224,589147,780
2,589159,890
39,589159,1154
22,589159,3538
35,589159,380
2,589164,400
22,589164,2190
35,589164,1238
44,589235,388
189,589235,1248
25,589242,1500
77,589255,374
76,589255,966
123,589255,1116
22,589264,13580
2,589267,544
25,589280,1616
107,589280,4160
84,589280,216
77,589280,2446
72,589280,1792
90,589280,3772
75,589280,1540
102,589280,304
101,589280,912
160,589280,216
123,589280,1092
33,589310,656
25,589338,1588
94,589338,1248
93,589338,608
96,589339,1068
90,589339,360
107,589382,11122
85,589382,416
5,589382,450
169,589382,210
29,589382,516
145,589382,230
77,589382,312
92,589382,1386
49,589382,540
42,589382,730
102,589382,540
141,589382,1868
69,589391,252
29,589511,1120
101,589511,484
2,589543,462
225,589543,1242
71,589571,962
74,589571,1554
140,589576,754
94,589576,1120
166,589576,240
164,589580,180
61,589699,230
147,589699,336
195,589699,868
120,589729,2646
120,589742,504
62,589742,546
140,589742,360
236,589742,286
229,589742,336
108,589742,338
195,589742,210
232,589805,666
0,589806,3810
91,589806,692
4,589814,640
23,589816,2454
39,589840,2884
22,589840,768
225,589840,1422
232,589840,32486
224,589840,7572
25,589842,1448
0,589842,3406
38,589842,496
44,589876,1380
70,589876,2780
189,589876,1206
166,589876,680
82,589876,636
26,589881,732
84,589881,672
38,589881,2454
8,589884,2922
52,589884,18972
212,589887,240
10,589888,292
23,589912,804
20,589912,360
68,589912,1296
169,589912,1184
97,589912,1262
126,589912,1272
65,589912,1584
37,589912,468
68,589913,1124
169,589913,510
191,589930,452
223,589930,226
125,589930,654
191,589939,3304
143,589939,802
125,589939,1038
8,589954,314
105,589954,560
90,589954,1122
52,589954,1582
66,589965,5592
186,589965,482
62,589965,710
55,589965,2584
90,589965,2490
195,589965,1020
62,589970,330
84,589985,280
159,589985,184
26,590009,780
169,590009,702
232,590009,1408
97,590009,320
23,590011,1464
21,590011,1382
59,590011,688
99,590011,1294
91,590011,668
38,590138,1076
22,590334,218
35,590334,802
230,590350,216
102,590350,384
22,590403,1340
35,590403,508
85,590411,3552
29,590411,288
211,590411,240
92,590411,1972
9,590411,160
61,590411,3046
134,590411,800
72,590411,2696
115,590411,792
90,590411,2110
40,590411,1568
76,590411,6140
123,590411,306
32,590459,2922
236,590459,888
255,590459,552
159,590459,196
5,590471,910
29,590471,488
49,590471,788
102,590471,2618
101,590471,1356
141,590471,2130
50,590521,1098
98,590521,434
27,590521,1158
80,590521,228
55,590521,120
127,590521,626
105,590521,380
38,590521,852
219,590521,264
22,590524,1018
35,590524,1014
28,590524,904
2,590527,8306
225,590527,816
233,590565,810
95,590565,596
236,590565,734
96,590565,1034
131,590565,1200
47,590565,962
159,590565,820
71,590638,238
5,590666,402
186,590666,454
71,590666,434
77,590666,2960
134,590666,1384
42,590666,674
218,590666,824
123,590666,896
141,590666,3522
34,590783,692
44,590794,12112
70,590794,2692
46,590794,1066
166,590794,4388
82,590794,1510
62,590876,1972
106,590876,480
235,590876,6454
188,590888,2494
41,590888,2020
62,590888,9670
50,590893,672
98,590893,920
88,590893,336
27,590919,1026
80,590919,1136
55,590919,4340
111,590919,992
38,590919,1028
217,590919,176
220,590919,112
50,590927,480
27,590927,1508
142,590927,678
0,590966,1068
129,590966,1534
136,590996,210
3,590996,360
121,590996,372
38,590996,1556
148,590997,1224
130,590997,220
39,591009,600
225,591009,2768
224,591009,492
191,591023,288
199,591023,234
25,591030,656
25,591055,5482
121,591055,2196
121,591061,448
38,591061,3554
29,591070,356
77,591071,582
67,591082,1984
110,591082,1018
202,591082,210
10,591082,380
9,591082,1788
61,591082,588
72,591082,1040
147,591082,2288
40,591082,2976
230,591083,1620
80,591083,3696
67,591083,5202
202,591083,1348
10,591083,1202
138,591083,4628
9,591083,6126
61,591083,10016
72,591083,216
90,591083,5938
147,591083,8076
40,591083,5052
57,591083,1664
76,591083,12638
160,591083,432
25,591084,1248
107,591084,4880
67,591084,2450
84,591084,1040
202,591084,1446
10,591084,3128
9,591084,5142
61,591084,16778
245,591084,1026
164,591084,400
72,591084,2544
90,591084,1012
147,591084,4296
40,591084,13374
160,591084,3490
141,591084,4656
212,591084,350
219,591084,192
148,591087,536
84,591087,428
130,591087,210
232,591087,418
25,591096,698
58,591096,960
219,591096,108
25,591099,966
43,591099,1488
0,591099,1206
74,591099,1000
146,591110,280
131,591120,1050
229,591120,1708
82,591120,972
32,591125,240
9,591125,360
199,591125,376
82,591125,324
195,591125,3410
236,591144,924
19,591144,464
229,591144,482
70,591162,2380
94,591162,408
145,591162,760
166,591162,11698
44,591165,246
46,591165,724
110,591171,504
88,591171,1452
164,591171,1000
48,591171,2430
98,591172,286
109,591172,6912
138,591172,1672
164,591172,1974
144,591173,1230
109,591173,864
62,591241,1092
106,591241,2810
8,591241,1992
53,591241,216
72,591263,1214
40,591263,624
186,591264,306
29,591306,230
107,591309,7134
85,591309,1136
29,591309,1092
145,591309,1056
92,591309,2190
61,591309,482
49,591309,1512
164,591309,1056
90,591309,4304
42,591309,336
101,591309,276
76,591309,5566
123,591309,1416
141,591309,6388
84,591333,1636
9,591333,1574
147,591333,1276
230,591340,400
10,591340,1384
9,591340,1236
160,591340,436
220,591340,408
84,591341,868
9,591341,664
57,591341,432
160,591341,276
212,591361,42
219,591361,180
213,591361,234
22,591399,1242
35,591399,734
39,591445,274
225,591445,1728
232,591445,4998
224,591445,1552
28,591445,1002
2,591447,1228
231,591447,820
70,591447,1360
46,591447,1616
226,591447,3870
28,591447,4730
23,591468,2930
128,591468,656
37,591470,730
55,591513,420
129,591513,252
142,591513,1604
111,591513,738
127,591513,1128
117,591514,1560
88,591514,1542
27,591517,240
27,591518,672
148,591518,360
247,591518,504
127,591518,1272
41,591531,1000
50,591531,1120
98,591531,5878
117,591531,6344
105,591531,1250
88,591531,7698
98,591535,2268
117,591535,4000
88,591535,3532
90,591535,1150
144,591575,472
117,591575,1740
110,591575,680
109,591575,8358
164,591575,1286
90,591575,1360
48,591575,7358
107,591584,1214
85,591584,690
138,591584,616
49,591584,984
75,591584,2574
42,591584,656
102,591584,338
101,591584,760
76,591584,2788
123,591584,1706
107,591585,3964
85,591585,592
5,591585,220
216,591585,792
169,591585,768
145,591585,260
77,591585,412
128,591585,270
92,591585,2442
138,591585,348
42,591585,3246
101,591585,632
76,591585,1678
123,591585,1708
186,591587,580
71,591587,260
8,591587,608
186,591588,324
46,591588,762
29,591588,736
145,591588,1938
202,591588,228
92,591588,1078
97,591588,200
42,591588,372
10,591592,256
160,591592,312
211,591605,432
23,591625,1118
7,591625,236
21,591625,1368
169,591625,240
131,591625,204
228,591625,608
126,591625,288
44,591640,3326
60,591640,204
189,591640,2664
162,591643,1532
150,591643,720
159,591643,692
25,591644,504
23,591644,1964
21,591644,16942
70,591649,656
60,591649,456
46,591649,814
189,591649,1246
44,591650,320
60,591650,324
46,591650,340
106,591661,546
8,591661,1092
235,591661,1536
43,591662,648
4,591662,1508
84,591662,1212
43,591666,354
4,591666,1416
24,591666,566
219,591666,128
97,591667,288
65,591667,1542
231,591721,1062
28,591721,4292
136,591757,1836
3,591760,780
119,591760,180
91,591760,800
25,591761,858
4,591761,2250
130,591761,600
23,591769,6972
7,591769,2544
21,591769,4812
32,591769,3218
99,591769,936
128,591769,1890
97,591769,1664
12,591769,5120
91,591769,720
141,591769,852
217,591769,96
107,591828,5508
5,591828,2090
59,591828,224
77,591828,3052
92,591828,682
138,591828,418
49,591828,2288
134,591828,814
115,591828,852
90,591828,3140
126,591828,316
75,591828,1502
42,591828,384
102,591828,1366
101,591828,2182
76,591828,4094
141,591828,7104
215,591828,216
138,591883,1078
102,591883,218
187,591892,494
212,591892,294
85,591906,426
77,591906,960
75,591907,336
217,591907,430
25,591912,834
233,591912,690
146,591912,376
120,591912,3976
80,591912,368
62,591912,716
221,591912,468
236,591912,1244
112,591912,388
111,591912,608
138,591912,756
108,591912,632
45,591912,246
47,591912,520
54,591912,304
231,591918,1042
46,591918,5466
70,591919,236
46,591919,392
61,591962,640
134,591962,1268
72,591962,986
77,591966,816
57,591977,312
95,591981,2100
244,591981,498
32,591981,9694
51,591981,654
93,591981,900
162,591981,1286
131,591981,2076
90,591981,912
25,591997,570
26,591997,216
138,592002,590
220,592002,198
231,592030,1184
33,592031,278
62,592050,528
90,592051,612
59,592083,1328
56,592083,984
187,592123,180
138,592123,606
115,592123,796
19,592127,1462
229,592127,574
23,592156,746
21,592156,4176
23,592157,1598
21,592157,1356
119,592157,444
23,592163,2742
7,592163,2988
21,592163,6012
25,592184,2330
3,592184,1112
121,592184,960
0,592184,3322
38,592184,1286
169,592188,120
46,592201,6088
94,592201,462
219,592206,240
219,592213,330
217,592217,110
215,592217,130
41,592230,3182
62,592230,320
223,592231,1424
108,592231,366
47,592231,688
125,592231,218
66,592242,828
32,592242,260
139,592242,546
223,592242,754
108,592242,1844
235,592242,1374
47,592242,1122
90,592242,224
78,592242,1178
125,592242,2348
122,592242,828
27,592244,4394
80,592244,3918
178,592244,2924
55,592244,8092
129,592244,1182
142,592244,266
211,592244,1092
163,592244,470
111,592244,3456
8,592244,2682
127,592244,4462
38,592244,6172
52,592244,1320
212,592244,152
98,592246,484
27,592246,39690
80,592246,8144
121,592246,3696
55,592246,45618
129,592246,2834
142,592246,8752
111,592246,10492
8,592246,5526
127,592246,560
232,592246,3662
38,592246,1780
217,592246,296
212,592246,192
219,592246,360
26,592251,252
21,592251,3186
56,592251,1150
97,592251,330
126,592251,180
210,592252,230
212,592253,184
234,592273,3654
106,592273,4266
105,592273,2482
98,592280,1136
234,592280,3604
106,592280,3764
110,592280,420
8,592280,1880
248,592280,816
52,592280,768
53,592280,320
234,592287,624
8,592287,624
234,592288,1618
106,592288,2982
8,592288,1416
248,592288,1004
52,592288,704
41,592289,432
50,592289,220
98,592289,11662
117,592289,6752
110,592289,1892
109,592289,3670
38,592289,1160
88,592289,6956
52,592289,380
21,592308,490
4,592308,248
25,592312,1216
23,592312,5624
43,592312,264
26,592312,1084
7,592312,756
21,592312,1912
59,592312,1248
216,592312,360
169,592312,2764
128,592312,800
228,592312,432
232,592312,5758
17,592312,974
97,592312,2020
24,592312,1880
65,592312,2150
91,592312,1440
37,592312,4778
123,592312,432
52,592312,624
25,592314,1470
39,592314,800
23,592314,1840
26,592314,2778
21,592314,11652
68,592314,2036
169,592314,5662
148,592314,1656
119,592314,2226
128,592314,4782
56,592314,506
97,592314,1080
12,592314,1692
31,592314,4926
75,592314,1376
65,592314,1104
37,592314,2806
89,592314,572
23,592316,2932
21,592316,1616
169,592316,2456
17,592316,1056
97,592316,4680
24,592316,1656
91,592316,3152
37,592316,3090
23,592318,224
21,592318,3942
99,592318,960
169,592318,816
142,592318,1254
119,592318,1908
232,592318,1134
17,592318,960
12,592318,1840
37,592318,1368
89,592318,1856
25,592366,428
1,592366,14848
25,592367,198
1,592367,2376
85,592372,508
5,592372,210
231,592376,478
101,592382,708
25,592400,216
108,592400,328
47,592400,530
85,592421,220
124,592421,1008
122,592421,690
189,592427,928
35,592432,1230
235,592437,942
70,592470,3006
46,592470,2902
140,592470,424
166,592470,7670
46,592471,2298
166,592471,1196
120,592510,1260
221,592510,364
236,592510,368
19,592510,1154
229,592510,660
45,592510,440
47,592510,672
244,592521,448
150,592521,364
102,592521,252
32,592522,1008
146,592523,360
62,592523,242
244,592537,512
90,592537,198
125,592537,322
46,592538,846
94,592538,2000
72,592538,1658
232,592539,1540
146,592548,320
187,592561,298
120,592590,952
62,592590,2526
85,592612,264
42,592612,1272
216,592616,620
42,592616,458
141,592616,1356
29,592632,1392
109,592632,1088
77,592632,822
92,592632,192
49,592632,198
102,592632,2162
107,592633,3834
5,592633,1846
23,592633,560
186,592633,432
211,592633,900
92,592633,2662
49,592633,3478
72,592633,1004
90,592633,1328
75,592633,690
218,592633,1792
102,592633,1076
76,592633,1380
141,592633,1664
35,592634,200
123,592670,648
5,592672,3044
186,592672,726
77,592672,844
92,592672,1718
134,592672,1444
72,592672,1116
90,592672,1224
75,592672,282
42,592672,390
102,592672,1162
101,592672,4934
57,592672,312
160,592672,960
244,592691,232
25,592739,638
58,592742,880
86,592760,1328
1,592760,422
145,592760,726
72,592760,704
57,592760,868
217,592760,134
212,592760,100
120,592821,360
228,592821,664
47,592821,996
157,592821,440
95,592822,208
27,592822,644
155,592822,1424
5,592848,1928
77,592848,1068
1,592849,234
215,592849,100
85,592859,204
186,592859,858
84,592859,220
92,592859,216
49,592859,1290
72,592859,3542
75,592859,416
101,592859,592
76,592859,1772
123,592859,528
146,592898,420
84,592898,648
25,592937,216
58,592937,966
85,592992,706
5,592992,2292
29,592992,190
92,592992,732
49,592992,1788
75,592992,1292
218,592992,1620
102,592992,1816
101,592992,562
141,592992,1408
85,593041,598
5,593041,1642
29,593041,720
92,593041,896
75,593041,602
76,593041,1370
69,593044,432
189,593044,416
242,593057,272
62,593091,258
142,593091,352
74,593091,540
47,593091,468
25,593097,9466
23,593097,1594
26,593097,366
27,593097,4324
0,593097,3586
4,593097,8282
163,593097,282
12,593097,2192
231,593109,716
28,593109,728
33,593109,1916
233,593111,17434
62,593111,6778
96,593117,576
64,593117,294
25,593124,816
25,593149,420
151,593149,374
185,593149,326
58,593149,486
185,593152,504
58,593152,710
25,593153,362
151,593153,208
185,593153,288
58,593153,654
85,593161,842
5,593161,2024
29,593161,408
77,593161,2008
92,593161,2200
115,593161,258
75,593161,204
42,593161,1122
218,593161,1798
102,593161,592
101,593161,224
160,593161,2328
123,593161,1922
141,593161,1260
55,593174,112
59,593175,202
119,593175,656
136,593177,482
43,593180,590
39,593187,1042
225,593187,7954
232,593187,4486
39,593189,1250
22,593189,1824
225,593189,656
232,593189,3484
224,593189,1616
21,593198,964
59,593198,656
0,593198,1568
31,593198,824
62,593226,658
235,593226,168
39,593241,1622
232,593241,362
28,593241,426
86,593257,1280
151,593257,406
72,593257,1960
57,593257,1800
58,593257,624
143,593304,344
95,593304,1068
244,593304,1452
236,593304,3012
51,593304,1092
139,593304,3828
124,593304,840
29,593304,712
222,593304,358
64,593304,2640
228,593304,3140
150,593304,258
235,593304,4530
157,593304,810
115,593304,556
155,593304,2100
159,593304,636
195,593304,358
80,593332,252
32,593350,1550
139,593350,1828
112,593350,1364
96,593350,1050
162,593350,396
138,593350,396
228,593350,1726
159,593350,198
125,593350,416
122,593350,420
54,593350,492
117,593370,996
142,593370,640
88,593370,1022
90,593370,440
52,593370,1428
55,593375,3986
111,593375,606
8,593375,972
127,593375,1304
27,593378,192
55,593378,2794
129,593378,400
38,593378,2146
43,593450,384
59,593450,1378
216,593450,1130
169,593450,1984
56,593450,1200
12,593450,1010
235,593450,288
126,593450,528
65,593450,474
91,593450,360
219,593450,240
21,593461,1740
119,593461,528
31,593461,714
65,593461,464
37,593461,1020
25,593466,542
26,593466,704
21,593466,520
126,593466,200
25,593467,1572
3,593467,828
121,593467,2422
20,593467,776
0,593467,300
182,593467,356
3,593469,280
0,593469,812
38,593469,600
126,593474,360
29,593536,1518
77,593536,322
218,593536,776
141,593536,1144
187,593537,678
77,593537,1068
101,593537,720
123,593537,504
141,593537,1814
177,593539,400
71,593539,1240
202,593539,440
9,593539,378
61,593539,738
134,593539,844
250,593539,786
160,593539,384
43,593540,400
84,593540,1312
219,593540,120
25,593585,1214
39,593585,1550
23,593585,2054
21,593585,450
216,593585,2360
169,593585,2604
128,593585,2384
56,593585,360
49,593585,224
97,593585,1104
31,593585,1340
126,593585,1972
24,593585,2352
65,593585,7346
37,593585,1288
89,593585,4746
225,593586,1812
3,593589,670
0,593589,808
37,593591,1884
145,593616,508
25,593619,612
85,593619,1566
5,593619,2936
29,593619,238
211,593619,908
77,593619,1636
10,593619,1100
92,593619,3550
61,593619,956
49,593619,1442
97,593619,210
115,593619,452
75,593619,2378
42,593619,3352
218,593619,2012
102,593619,4790
101,593619,278
76,593619,2540
123,593619,1340
141,593619,3510
25,593620,608
107,593620,3714
5,593620,9860
187,593620,200
124,593620,240
202,593620,312
77,593620,1044
92,593620,2264
134,593620,666
72,593620,916
147,593620,8518
42,593620,2146
218,593620,2312
102,593620,2266
101,593620,1706
76,593620,9580
123,593620,4240
141,593620,6690
92,593652,1522
61,593652,1188
101,593652,1024
34,593659,2076
7,593659,3498
21,593659,6132
59,593659,1734
169,593659,292
126,593659,408
91,593659,318
98,593660,522
23,593660,10674
26,593660,1008
7,593660,6038
21,593660,17564
187,593660,432
99,593660,2074
216,593660,506
169,593660,580
17,593660,220
97,593660,198
126,593660,832
24,593660,1594
101,593660,1232
128,593666,1242
17,593666,422
97,593666,448
126,593666,966
91,593666,640
25,593668,394
66,593668,834
78,593668,288
25,593673,388
132,593673,258
32,593673,4190
140,593673,328
236,593673,366
112,593673,1248
228,593673,2566
235,593673,1020
125,593673,3012
82,593673,256
27,593676,752
9,593688,344
61,593688,200
72,593688,1538
5,593689,1490
75,593689,972
220,593692,228
219,593692,116
25,593693,1516
6,593693,874
46,593693,1008
187,593693,632
67,593693,728
9,593693,684
61,593693,740
147,593693,3274
40,593693,448
160,593693,512
134,593702,1076
218,593702,1320
217,593702,108
220,593702,312
213,593702,170
66,593710,608
32,593710,1230
142,593710,1084
108,593710,1392
115,593710,1202
66,593712,882
186,593712,446
138,593712,822
4,593722,406
229,593722,522
105,593738,1302
52,593738,2434
34,593764,1908
126,593764,844
24,593764,1200
91,593764,1008
101,593828,2212
141,593828,996
77,593829,310
123,593829,340
74,593843,344
40,593843,810
101,593843,5126
123,593843,1752
141,593843,4788
220,593843,112
210,593843,176
213,593843,930
107,593844,5976
7,593844,480
29,593844,1224
61,593844,192
49,593844,216
72,593844,1182
90,593844,320
75,593844,1438
218,593844,556
102,593844,258
101,593844,220
76,593844,2852
141,593844,3190
217,593844,348
219,593844,352
213,593844,184
49,593860,222
57,593860,710
25,593874,1928
120,593874,1620
222,593874,700
44,593907,1718
60,593907,694
189,593907,3230
44,593908,1048
60,593908,1304
189,593908,1652
75,593961,1770
42,593961,386
101,593961,582
134,593975,672
123,593975,400
25,594003,4446
6,594003,744
145,594003,684
202,594003,1452
10,594003,7234
9,594003,4212
61,594003,10768
147,594003,1854
40,594003,16444
57,594003,1398
160,594003,1776
43,594040,360
0,594040,720
4,594040,760
84,594040,380
216,594056,896
128,594056,696
17,594056,456
56,594056,280
126,594056,1024
65,594056,740
25,594061,492
23,594061,6342
7,594061,2094
21,594061,6866
59,594061,432
99,594061,2498
216,594061,1342
236,594061,378
68,594061,2632
169,594061,1292
128,594061,180
97,594061,2552
90,594061,476
126,594061,2988
65,594061,2434
91,594061,2018
37,594061,1344
217,594061,200
219,594061,208
211,594068,536
74,594071,340
52,594085,5520
107,594103,5470
85,594103,372
77,594103,576
92,594103,960
49,594103,1384
90,594103,220
42,594103,354
101,594103,3516
76,594103,1608
141,594103,3120
34,594106,1518
67,594106,328
126,594106,540
25,594114,2136
43,594114,1752
120,594114,972
121,594114,2154
4,594114,2986
84,594114,3524
130,594114,4308
38,594114,2606
214,594114,7498
107,594125,5504
85,594125,484
29,594125,1738
145,594125,420
77,594125,2536
92,594125,1790
138,594125,200
49,594125,2440
134,594125,778
72,594125,1076
90,594125,360
75,594125,2176
42,594125,1048
218,594125,780
102,594125,990
101,594125,776
76,594125,14014
123,594125,252
141,594125,6030
217,594125,468
220,594125,240
6,594155,412
84,594155,228
202,594155,336
212,594156,100
67,594157,2200
145,594157,2120
202,594157,3032
10,594157,180
92,594157,208
138,594157,588
9,594157,3696
74,594157,2646
61,594157,4542
72,594157,2616
90,594157,1788
147,594157,4634
40,594157,3812
57,594157,2760
160,594157,1998
58,594157,522
61,594158,612
212,594158,88
213,594158,240
92,594195,760
101,594195,1200
2,594200,1228
22,594200,996
226,594200,228
115,594265,440
186,594267,286
71,594267,1188
115,594267,828
90,594267,1574
218,594322,560
123,594322,442
25,594323,204
58,594323,338
169,594338,612
227,594353,4088
27,594356,804
71,594356,1250
138,594356,5298
74,594356,2100
115,594356,242
90,594356,4812
5,594357,2052
115,594357,204
238,594357,120
62,594362,1156
166,594362,672
146,594408,2102
132,594408,250
62,594408,750
32,594408,962
46,594408,598
236,594408,1404
229,594408,948
108,594408,918
78,594408,816
2,594431,900
22,594431,4740
2,594432,884
39,594432,228
22,594432,4042
25,594448,1968
44,594448,686
60,594448,538
69,594448,26422
189,594448,650
151,594448,5938
60,594449,668
69,594449,924
61,594459,620
147,594459,780
160,594459,578
104,594460,2742
67,594460,648
1,594460,2088
145,594460,3148
10,594460,10354
9,594460,4754
61,594460,1628
72,594460,1988
147,594460,9282
40,594460,9464
57,594460,4770
160,594460,252
212,594460,200
43,594472,6774
26,594472,398
27,594472,608
0,594472,1248
4,594472,7496
56,594472,2678
98,594473,576
117,594473,3006
25,594474,1820
3,594474,636
130,594474,872
214,594474,1220
26,594477,1060
163,594477,400
89,594477,990
97,594510,296
90,594510,624
5,594550,228
29,594550,220
90,594550,224
67,594554,216
67,594555,220
25,594559,1830
1,594559,21352
52,594664,774
59,594682,220
216,594682,2292
4,594682,1440
31,594682,960
25,594693,2196
23,594693,4204
43,594693,230
26,594693,976
232,594693,3292
133,594693,840
219,594705,156
71,594707,248
220,594707,228
71,594709,288
90,594709,330
217,594709,144
220,594709,264
101,594710,444
5,594762,468
169,594762,504
29,594762,824
77,594762,404
92,594762,520
134,594762,3592
75,594762,240
102,594762,1066
101,594762,582
123,594762,2194
220,594762,220
219,594762,356
213,594762,408
107,594764,8154
85,594764,1604
5,594764,1278
51,594764,1170
92,594764,202
138,594764,768
49,594764,2704
115,594764,858
218,594764,2140
102,594764,328
101,594764,304
57,594764,304
76,594764,11846
141,594764,4482
217,594764,154
219,594764,396
107,594765,8512
85,594765,480
5,594765,240
77,594765,238
49,594765,208
72,594765,1428
90,594765,1040
75,594765,324
40,594765,1050
42,594765,892
101,594765,1810
220,594765,340
212,594765,248
219,594765,396
215,594765,350
107,594766,35562
85,594766,1476
5,594766,5702
211,594766,550
77,594766,1436
92,594766,1532
49,594766,4062
115,594766,350
75,594766,1312
42,594766,3578
218,594766,858
102,594766,748
101,594766,2452
76,594766,11906
141,594766,4146
217,594766,312
220,594766,190
219,594766,200
213,594766,472
85,594767,370
21,594767,1824
0,594767,500
92,594767,2296
49,594767,190
61,594812,2194
40,594812,580
160,594812,400
32,594855,1514
112,594855,594
222,594855,454
228,594855,340
47,594855,1178
195,594855,780
34,594859,1986
95,594859,360
32,594859,1406
228,594859,364
233,594861,1240
34,594861,1460
21,594861,5616
51,594861,420
228,594861,1406
157,594861,848
159,594861,372
122,594861,1374
141,594861,1008
85,594931,800
0,594931,810
211,594931,384
77,594931,540
92,594931,1026
138,594931,530
72,594931,1170
90,594931,434
6,595020,3312
67,595020,3002
202,595020,558
10,595020,4008
61,595020,372
245,595020,288
147,595020,4220
219,595025,192
34,595026,944
23,595026,1110
26,595026,1544
27,595026,322
7,595026,1186
21,595026,1500
59,595026,688
216,595026,232
68,595026,748
169,595026,906
142,595026,924
56,595026,232
61,595026,834
90,595026,508
7,595033,578
77,595033,384
61,595033,732
49,595033,480
90,595033,300
101,595033,792
2,595063,1106
85,595064,818
21,595064,2438
145,595064,1026
49,595064,522
72,595064,486
75,595064,824
102,595064,240
76,595064,876
123,595064,502
77,595067,278
92,595067,1170
9,595067,1188
72,595067,468
75,595067,216
102,595067,2170
101,595067,242
147,595073,240
57,595073,948
40,595084,1632
101,595084,320
6,595091,712
67,595091,1768
144,595112,1688
109,595112,1336
74,595112,1840
164,595112,1974
90,595112,6062
159,595112,1260
48,595112,1632
75,595140,570
147,595162,608
67,595173,2562
85,595178,1914
92,595178,1068
49,595178,312
72,595178,770
40,595178,432
141,595178,1600
134,595180,240
76,595180,522
227,595184,2398
186,595189,590
187,595189,334
115,595189,266
9,595209,574
26,595212,540
76,595213,2022
29,595214,192
84,595214,396
71,595214,208
77,595214,2076
92,595214,656
72,595214,1108
115,595214,1532
90,595214,1048
75,595214,1688
42,595214,1056
102,595214,208
101,595214,3686
160,595214,246
123,595214,1382
141,595214,1532
85,595215,316
29,595215,452
49,595215,408
147,595215,712
101,595215,500
160,595215,314
67,595218,1002
20,595218,438
202,595218,2588
10,595218,1472
147,595218,880
40,595218,1596
57,595218,960
26,595220,230
7,595220,1904
21,595220,4864
59,595220,294
169,595220,696
56,595220,240
43,595227,864
4,595227,3712
84,595227,3978
130,595227,928
24,595227,3384
214,595227,208
217,595228,378
38,595235,960
58,595251,1266
85,595253,696
42,595253,204
160,595254,232
70,595278,266
46,595278,260
140,595278,540
94,595278,764
82,595278,604
85,595310,488
49,595310,976
75,595310,1446
102,595310,1192
101,595310,1352
123,595310,1328
141,595310,1916
217,595310,504
147,595312,220
231,595325,824
224,595325,276
28,595325,4422
33,595325,3104
106,595356,1642
98,595357,612
117,595357,828
27,595366,708
80,595366,966
178,595366,236
55,595366,1388
111,595366,1182
98,595369,384
117,595369,644
88,595369,4176
62,595387,364
90,595387,320
66,595391,2238
125,595391,1264
130,595393,216
89,595393,498
21,595399,920
55,595399,1244
12,595399,924
39,595400,590
128,595400,698
89,595400,850
85,595405,816
128,595405,722
56,595405,1388
25,595406,472
4,595406,340
31,595406,958
133,595406,308
217,595407,84
23,595410,672
169,595410,360
188,595432,480
108,595432,850
2,595450,1436
22,595450,11588
107,595465,17078
144,595465,252
29,595465,300
241,595465,372
77,595465,1008
92,595465,732
49,595465,5172
164,595465,1386
42,595465,264
218,595465,280
102,595465,2094
101,595465,1216
76,595465,11350
160,595465,1760
123,595465,572
141,595465,2618
215,595465,144
107,595466,864
85,595466,198
59,595466,220
77,595466,1216
92,595466,1110
49,595466,192
134,595466,240
90,595466,396
123,595466,1480
141,595466,3532
29,595467,1044
25,595479,826
1,595479,4970
58,595479,8300
1,595480,1050
77,595484,712
74,595484,336
217,595484,104
212,595484,120
89,595500,520
71,595518,878
9,595518,200
85,595566,424
213,595568,130
213,595569,120
107,595574,4338
5,595574,7920
10,595574,780
74,595574,380
49,595574,2436
42,595574,1624
102,595574,508
101,595574,546
76,595574,7580
123,595574,1468
5,595597,224
92,595597,308
102,595597,408
5,595598,1270
92,595598,420
49,595598,216
218,595598,1008
102,595598,392
217,595598,264
220,595600,210
210,595600,192
39,595603,1492
26,595606,418
3,595606,374
4,595606,2340
56,595606,2200
47,595606,1190
21,595612,2126
32,595627,854
222,595627,1016
228,595627,288
120,595628,1234
112,595628,432
108,595628,784
27,595630,180
108,595630,4440
125,595630,416
3,595634,678
4,595634,300
98,595726,1722
117,595726,406
164,595726,360
52,595726,640
27,595727,1402
55,595727,998
142,595727,834
111,595727,1020
127,595727,248
38,595727,1886
27,595736,754
80,595736,1736
178,595736,924
55,595736,2168
129,595736,1224
142,595736,3192
127,595736,826
74,595736,268
38,595736,858
27,595739,8154
80,595739,2154
178,595739,976
55,595739,2040
142,595739,10754
111,595739,3402
8,595739,1832
127,595739,2306
38,595739,12608
212,595739,200
27,595740,6090
55,595740,3554
129,595740,948
111,595740,1400
38,595740,1818
27,595741,228
178,595741,1594
55,595741,504
95,595751,648
140,595751,542
236,595751,110
228,595751,1770
45,595751,1094
235,595751,2560
25,595766,7064
120,595766,6996
62,595766,7708
32,595766,2920
46,595766,244
236,595766,2190
112,595766,1512
84,595766,1092
131,595766,4414
19,595766,2776
235,595766,5968
47,595766,6786
195,595766,2018
231,595782,1344
232,595782,3758
28,595782,1156
39,595794,2326
32,595798,360
21,595805,308
59,595805,1334
17,595805,214
126,595805,220
66,595851,920
191,595851,330
108,595851,650
38,595851,676
125,595851,990
60,595864,452
86,595864,562
57,595864,280
58,595864,278
134,595869,256
107,595874,3418
5,595874,1676
21,595874,2772
187,595874,576
140,595874,1994
29,595874,252
77,595874,302
138,595874,228
9,595874,5654
49,595874,1918
75,595874,2564
141,595874,1608
1,595875,818
107,595887,3784
85,595887,1118
5,595887,246
92,595887,678
74,595887,900
42,595887,1078
218,595887,416
102,595887,296
101,595887,1424
76,595887,2632
123,595887,1834
141,595887,6662
213,595887,192
25,595891,210
58,595891,192
104,595895,3164
202,595895,812
10,595895,1480
40,595895,1972
57,595895,826
107,595909,4690
85,595909,768
0,595909,1410
71,595909,298
49,595909,884
134,595909,1672
164,595909,768
90,595909,780
42,595909,270
218,595909,288
101,595909,228
57,595909,1416
76,595909,8508
141,595909,1074
220,595909,312
215,595909,102
213,595909,408
92,595910,216
49,595910,894
72,595910,612
76,595910,1228
212,595910,120
215,595910,246
107,595916,1512
144,595916,286
49,595916,1458
90,595916,300
102,595916,950
141,595916,3974
217,595916,180
220,595916,186
213,595916,420
145,595924,376
72,595924,930
25,595951,288
233,595951,940
236,595951,416
108,595951,680
219,595987,574
217,596065,108
109,596079,776
92,596111,972
101,596111,666
217,596111,98
215,596111,270
22,596121,868
107,596130,2810
85,596130,892
0,596130,1500
145,596130,280
77,596130,1858
74,596130,958
49,596130,480
134,596130,828
75,596130,204
42,596130,276
218,596130,690
101,596130,1266
76,596130,5748
160,596130,1012
141,596130,1756
22,596201,560
85,596227,456
29,596227,1008
77,596227,684
92,596227,1360
49,596227,1104
218,596227,718
123,596227,642
141,596227,1446
69,596288,484
144,596302,830
110,596302,180
164,596302,520
90,596302,8278
48,596302,800
195,596302,576
110,596303,160
233,596305,260
110,596305,200
211,596305,2200
71,596305,7796
9,596305,1248
74,596305,528
115,596305,3956
186,596306,200
27,596306,828
46,596306,1924
211,596306,2480
71,596306,20490
105,596306,320
74,596306,240
115,596306,3732
98,596308,504
109,596308,360
164,596308,286
72,596308,1020
90,596308,520
144,596309,280
48,596309,216
186,596312,638
211,596312,374
127,596312,720
186,596315,1848
80,596315,530
55,596315,798
211,596315,414
109,596315,2044
71,596315,210
138,596315,5848
74,596315,1120
115,596315,1596
90,596315,11040
5,596324,866
49,596324,210
72,596324,1020
115,596324,760
75,596324,200
101,596324,2376
76,596324,1064
160,596324,190
95,596358,238
32,596358,320
47,596358,1086
233,596360,2106
62,596360,1528
60,596362,352
166,596362,1264
44,596370,270
60,596370,624
189,596370,952
166,596370,3360
146,596371,246
132,596371,594
32,596371,858
139,596371,416
112,596371,778
19,596371,414
228,596371,1014
195,596371,1148
21,596388,1240
222,596388,270
64,596388,966
101,596388,810
146,596391,476
84,596391,222
95,596395,440
32,596395,1226
236,596395,2628
124,596395,818
96,596395,622
162,596395,1440
138,596395,416
64,596395,600
74,596395,462
235,596395,1010
115,596395,662
90,596395,680
125,596395,500
122,596395,1150
95,596396,4822
132,596396,252
120,596396,628
32,596396,2028
221,596396,220
236,596396,1640
112,596396,1056
222,596396,632
223,596396,700
77,596396,256
138,596396,286
228,596396,374
108,596396,482
90,596396,782
122,596396,740
106,596422,3460
53,596422,364
50,596449,308
98,596449,564
117,596449,810
98,596454,730
8,596454,198
98,596460,1324
88,596460,616
80,596462,508
10,596513,1248
56,596513,2034
77,596525,250
21,596544,1424
32,596544,16814
124,596544,634
93,596544,6704
162,596544,480
228,596544,16688
49,596544,588
235,596544,1398
40,596544,840
159,596544,1056
76,596544,700
81,596544,686
130,596555,768
212,596555,280
98,596610,1162
117,596610,300
88,596610,154
88,596613,288
142,596614,1040
38,596614,444
121,596688,424
4,596688,672
52,596688,1132
136,596701,1914
121,596702,240
224,596702,442
3,596705,444
68,596706,720
23,596726,480
95,596726,596
244,596726,1210
112,596726,1620
96,596726,1894
93,596726,3458
131,596726,558
229,596726,6302
228,596726,1022
150,596726,596
235,596726,1856
155,596726,3866
54,596726,1366
85,596766,980
5,596766,1036
67,596766,780
29,596766,216
75,596766,462
42,596766,1652
102,596766,2270
101,596766,540
123,596766,1084
107,596768,1930
85,596768,868
29,596768,328
77,596768,1180
92,596768,760
49,596768,918
134,596768,826
42,596768,552
218,596768,392
102,596768,1032
76,596768,1240
123,596768,542
220,596768,176
85,596775,1282
49,596775,642
218,596775,212
102,596775,384
62,596794,708
223,596794,2328
199,596794,1332
125,596794,2276
132,596796,800
108,596796,192
78,596796,1038
195,596796,782
55,596799,108
34,596803,594
80,596803,876
62,596803,1164
32,596803,1212
46,596803,1628
55,596803,1932
221,596803,504
124,596803,1472
110,596803,960
93,596803,4224
162,596803,2152
64,596803,648
159,596803,1190
32,596805,720
74,596805,776
159,596805,1008
119,596829,770
241,596829,440
77,596829,426
97,596829,360
90,596829,4874
42,596829,1740
76,596829,2020
191,596847,826
108,596847,2064
74,596847,1092
125,596847,3576
67,596853,2218
61,596853,2190
147,596853,1422
25,596866,1026
57,596868,240
120,596875,12538
62,596875,2268
46,596875,1538
84,596875,1992
232,596900,14276
224,596900,1786
186,596922,1176
27,596922,538
187,596922,960
211,596922,496
138,596922,4432
74,596922,1350
90,596922,3446
23,596953,1290
7,596953,3770
21,596953,2272
59,596953,250
99,596953,628
68,596953,764
119,596953,330
56,596953,224
126,596953,250
37,596953,3452
26,596954,252
21,596954,1424
169,596954,460
65,596954,1738
37,596954,1218
233,596969,480
95,596969,332
169,596969,304
64,596969,358
150,596969,412
78,596969,968
102,596969,456
122,596969,500
187,596994,552
77,596994,396
102,596994,412
58,596994,256
164,596995,192
9,596996,216
186,596997,220
71,596997,616
74,596997,476
134,597000,276
72,597000,912
61,597024,694
147,597024,892
86,597026,456
151,597026,960
57,597026,208
22,597034,626
68,597100,1348
25,597110,576
21,597110,878
229,597110,672
61,597112,200
40,597112,1122
56,597143,216
202,597223,864
10,597223,1528
40,597223,2678
57,597223,1112
236,597252,672
59,597262,822
169,597262,458
49,597262,138
126,597262,290
65,597262,222
99,597263,192
169,597263,444
97,597263,366
56,597265,188
26,597266,204
128,597266,634
25,597290,2334
95,597290,410
244,597290,2194
21,597290,16860
32,597290,7606
236,597290,294
51,597290,1862
139,597290,13172
96,597290,736
155,597290,854
159,597290,2840
122,597290,2026
54,597290,1634
119,597297,432
159,597297,232
231,597298,390
23,597355,2020
7,597355,1488
21,597355,7144
59,597355,1040
12,597355,2060
142,597368,312
215,597368,132
117,597369,240
142,597369,1304
88,597369,2854
217,597369,180
178,597371,326
55,597371,280
191,597388,1198
51,597388,274
199,597388,850
81,597388,720
235,597389,1088
191,597392,504
95,597392,160
32,597392,772
51,597392,1392
81,597392,748
110,597402,510
109,597402,660
110,597403,1060
48,597403,844
5,597460,202
49,597460,676
218,597460,798
101,597460,1236
123,597460,198
23,597512,4266
21,597512,7224
99,597512,720
236,597512,1420
169,597512,390
17,597512,306
126,597512,360
65,597512,3464
91,597512,224
141,597512,1128
220,597512,312
20,597523,416
119,597523,768
217,597523,160
26,597524,510
99,597524,416
68,597524,1386
119,597524,278
70,597528,294
225,597528,242
23,597529,6274
3,597529,2704
7,597529,2486
21,597529,7100
216,597529,4314
68,597529,3244
169,597529,6144
0,597529,1032
211,597529,384
128,597529,356
56,597529,1722
61,597529,940
31,597529,1650
91,597529,1392
37,597529,4276
89,597529,512
116,597529,1392
217,597529,144
216,597534,414
68,597534,2566
169,597534,224
128,597534,264
12,597534,876
212,597535,168
25,597538,516
43,597538,704
0,597538,2422
4,597538,7646
84,597538,5046
232,597538,918
38,597538,1158
250,597538,1442
24,597538,2128
214,597538,1106
26,597588,360
59,597588,278
145,597598,564
69,597602,310
219,597620,102
182,597629,420
6,597669,952
39,597727,1570
4,597727,814
232,597727,998
233,597740,432
120,597740,1116
51,597740,908
131,597740,648
2,597741,304
232,597741,336
10,597755,428
123,597755,440
234,597775,480
27,597785,1294
187,597785,350
234,597787,320
106,597787,3382
8,597787,3558
105,597787,888
235,597787,456
32,597800,1362
228,597800,348
144,597814,900
110,597814,2310
109,597814,1160
164,597814,1510
48,597814,558
32,597820,436
148,597820,696
111,597820,574
109,597830,6400
164,597830,1932
90,597830,10634
32,597848,7128
71,597848,830
162,597848,1186
131,597848,588
138,597848,236
228,597848,2118
235,597848,514
157,597848,1446
90,597848,1154
78,597848,1278
125,597848,1782
191,597851,300
199,597851,256
30,597852,106
256,597852,248
251,597852,938
32,597861,360
25,597873,1672
233,597873,984
34,597873,1212
146,597873,2110
120,597873,782
244,597873,5506
62,597873,2940
21,597873,2598
32,597873,12092
236,597873,3314
51,597873,312
139,597873,996
124,597873,1218
142,597873,440
93,597873,1164
162,597873,1544
64,597873,240
228,597873,6814
150,597873,288
253,597873,432
78,597873,2224
122,597873,6976
41,597874,240
159,597874,544
25,597880,2554
143,597880,2192
95,597880,1832
120,597880,824
21,597880,1400
32,597880,2766
236,597880,1708
51,597880,948
139,597880,1884
124,597880,1280
131,597880,522
228,597880,2560
108,597880,500
235,597880,512
115,597880,206
90,597880,672
155,597880,392
159,597880,230
122,597880,562
76,597880,730
82,597880,474
233,597881,820
23,597881,400
95,597881,368
120,597881,352
244,597881,5580
32,597881,846
236,597881,2088
51,597881,450
139,597881,858
124,597881,1886
228,597881,1224
74,597881,350
150,597881,1058
115,597881,550
90,597881,532
159,597881,1204
122,597881,336
105,597903,1008
52,597903,600
25,597905,3414
143,597905,1224
112,597905,1538
222,597905,1336
228,597905,1408
45,597905,842
235,597905,2666
199,597905,1152
8,597917,2130
105,597917,2246
52,597917,756
146,597931,444
19,597931,988
229,597931,744
32,597933,548
228,597933,1194
90,597933,242
159,597933,356
20,597977,666
145,597977,1046
202,597977,192
147,597977,270
160,597977,200
28,597996,960
162,598025,1446
228,598025,1656
84,598032,194
10,598032,474
62,598066,612
236,598066,1872
84,598066,1236
47,598066,750
25,598097,832
47,598097,232
146,598109,666
143,598109,1150
142,598109,270
44,598116,2854
94,598116,356
82,598116,610
143,598127,862
120,598127,2318
25,598130,3566
34,598130,2180
257,598130,294
21,598130,3622
32,598130,8292
236,598130,484
139,598130,1548
124,598130,980
96,598130,1530
93,598130,492
159,598130,746
122,598130,1580
25,598134,846
222,598134,262
47,598134,216
199,598134,504
39,598138,1072
231,598138,1088
224,598138,1124
28,598138,670
33,598138,3380
231,598149,2728
28,598149,4254
33,598149,7998
232,598197,1086
219,598224,468
217,598234,228
110,598238,816
109,598238,1758
144,598239,2738
110,598239,1550
109,598239,2516
164,598239,200
72,598239,1500
84,598274,286
145,598274,2170
186,598279,2250
187,598279,756
211,598279,542
71,598279,3680
138,598279,3560
9,598279,792
115,598279,4372
90,598279,5588
48,598279,280
98,598294,200
187,598294,200
110,598294,1248
160,598316,328
108,598359,776
90,598359,236
233,598408,7694
66,598408,480
236,598408,1254
94,598408,6348
102,598408,1230
120,598418,460
95,598419,624
217,598439,282
213,598439,102
213,598442,100
10,598447,168
138,598447,2320
61,598447,672
147,598447,2820
40,598447,4720
57,598447,1472
160,598447,208
58,598447,494
202,598448,280
147,598448,494
105,598465,540
25,598471,4706
95,598471,4706
132,598471,1974
236,598471,1096
51,598471,6294
139,598471,8432
112,598471,1904
131,598471,2110
108,598471,390
47,598471,1200
115,598471,660
90,598471,3336
78,598471,984
54,598471,1678
217,598481,84
82,598496,466
26,598497,1724
90,598497,442
65,598497,336
37,598497,216
25,598505,1344
34,598505,3002
23,598505,4558
21,598505,6710
99,598505,802
68,598505,2652
128,598505,1280
61,598505,1222
97,598505,630
24,598505,2906
65,598505,370
37,598505,1480
255,598532,440
44,598545,394
69,598545,402
20,598549,1472
182,598549,5494
84,598549,4464
10,598549,1048
147,598549,3056
187,598558,844
74,598558,540
90,598558,528
101,598558,736
160,598558,216
141,598580,1104
231,598606,8728
25,598627,950
84,598627,5512
216,598633,140
0,598634,204
89,598634,720
21,598636,4114
99,598636,264
97,598636,448
12,598636,1986
65,598636,1746
228,598648,676
202,598657,342
61,598657,240
187,598664,368
9,598664,520
74,598664,1444
66,598665,744
187,598665,1352
71,598665,1006
9,598665,612
74,598665,440
217,598665,456
219,598665,132
227,598685,4206
110,598700,940
138,598700,304
26,598709,270
4,598709,1018
148,598709,740
84,598709,422
130,598709,892
24,598709,516
25,598711,376
23,598719,2476
244,598719,912
21,598719,2036
68,598719,810
169,598719,1728
128,598719,672
97,598719,1120
126,598719,2676
65,598719,1372
89,598719,448
23,598721,2028
26,598721,1564
21,598721,6660
119,598721,850
128,598721,948
17,598721,952
97,598721,234
12,598721,2430
126,598721,968
121,598722,1150
236,598722,1492
0,598722,272
4,598722,1162
163,598722,4650
84,598722,1230
205,598722,738
130,598722,1654
12,598722,582
24,598722,1836
214,598722,412
3,598723,730
7,598723,2060
21,598723,4292
68,598723,406
128,598723,378
64,598723,528
258,598723,582
97,598723,388
43,598724,892
27,598724,220
0,598724,3236
163,598724,1926
205,598724,612
130,598724,420
31,598724,524
24,598724,960
25,598728,768
43,598728,1788
0,598728,480
4,598728,6030
84,598728,4438
10,598728,384
76,598733,252
20,598735,2304
4,598735,1948
84,598735,384
140,598745,1066
94,598745,210
229,598745,432
108,598745,1674
199,598745,460
234,598773,3384
106,598773,5074
8,598773,5006
98,598774,352
117,598774,1884
88,598774,836
55,598775,816
178,598776,360
129,598776,384
128,598782,224
56,598782,236
37,598782,144
107,598802,9890
71,598802,786
77,598802,270
92,598802,1644
9,598802,484
49,598802,1600
72,598802,2844
76,598802,750
123,598802,240
182,598813,1256
160,598813,756
145,598816,398
72,598816,474
219,598816,480
107,598821,2976
5,598821,5646
186,598821,364
93,598821,732
49,598821,780
72,598821,320
75,598821,986
42,598821,288
218,598821,648
101,598821,1504
76,598821,4544
123,598821,486
141,598821,1084
69,598822,4776
5,598829,208
102,598829,282
76,598829,832
20,598832,3836
182,598832,8666
84,598832,2354
25,598841,4052
32,598841,374
124,598841,1062
142,598841,928
223,598841,606
41,598853,264
164,598853,504
189,598870,666
166,598871,1070
106,598936,1400
52,598936,4930
59,598937,300
97,598937,252
6,598947,2542
67,598947,2814
9,598947,2550
147,598947,974
40,598947,3226
160,598947,560
133,598948,242
142,598951,1074
128,598951,260
213,598951,220
27,598957,912
55,598957,938
213,598957,208
98,598961,1728
117,598961,904
38,598961,736
88,598961,1334
25,598962,1384
233,598962,920
34,598962,2162
107,598962,818
95,598962,396
32,598962,10256
236,598962,3628
139,598962,772
124,598962,2248
93,598962,588
228,598962,4120
97,598962,350
150,598962,238
235,598962,450
115,598962,294
155,598962,632
159,598962,1034
82,598962,252
2,598966,242
22,598966,2058
35,598966,1150
132,598967,208
80,598967,344
146,598979,4146
84,598979,520
19,598979,5754
28,599012,506
33,599012,1010
60,599061,588
166,599061,588
57,599061,536
221,599062,260
229,599062,212
199,599062,196
25,599122,308
146,599122,1056
21,599122,1712
32,599122,786
46,599122,156
162,599122,484
131,599122,252
228,599122,476
235,599122,1468
47,599122,864
157,599122,564
115,599122,480
125,599122,902
160,599122,400
32,599159,1040
64,599159,728
47,599159,540
233,599168,2716
34,599168,786
120,599168,704
93,599168,900
64,599168,912
228,599168,336
150,599168,274
195,599168,300
25,599199,828
146,599199,3310
32,599199,1824
93,599199,324
125,599199,810
85,599211,196
75,599211,306
112,599214,440
59,599231,412
130,599231,276
32,599232,1742
236,599232,1782
139,599232,8814
162,599232,3262
19,599232,2696
229,599232,4226
64,599232,2686
150,599232,1222
235,599232,504
125,599232,420
122,599232,3696
9,599238,216
147,599238,670
216,599241,384
68,599241,1680
91,599241,436
219,599241,136
43,599243,276
236,599243,462
0,599243,280
4,599243,532
148,599243,256
214,599243,294
92,599263,658
90,599263,566
42,599263,720
9,599265,1100
104,599289,480
202,599289,234
186,599291,352
10,599296,208
40,599296,640
22,599305,242
25,599310,1360
67,599310,884
84,599310,928
145,599310,392
123,599311,276
61,599324,226
40,599324,444
230,599325,294
40,599325,1004
202,599333,1550
10,599333,840
61,599333,2396
49,599333,390
90,599333,198
147,599333,2520
40,599333,3422
57,599333,3516
160,599333,4452
141,599333,1088
57,599341,450
58,599341,904
107,599369,3114
92,599369,1100
102,599369,256
76,599369,2840
5,599378,2640
84,599378,892
92,599378,828
49,599378,1842
90,599378,306
75,599378,364
159,599378,1072
218,599378,2186
102,599378,1466
101,599378,618
141,599378,1370
146,599384,632
10,599384,816
245,599384,310
147,599384,1934
141,599386,3460
10,599387,384
9,599387,284
202,599393,134
5,599398,918
92,599398,410
102,599398,336
107,599399,3004
29,599399,984
77,599399,728
134,599399,428
75,599399,756
101,599399,552
141,599399,1100
85,599401,1642
92,599401,412
134,599401,636
42,599401,410
219,599401,102
123,599403,352
123,599404,390
29,599405,1298
49,599405,228
123,599405,264
215,599449,144
144,599455,672
110,599455,3130
109,599455,7458
138,599455,1488
72,599455,280
90,599455,2470
144,599467,372
146,599467,1584
186,599467,2000
110,599467,2024
211,599467,340
109,599467,2272
90,599467,2456
48,599467,1924
234,599468,1200
144,599468,400
109,599468,642
164,599468,632
90,599468,1668
48,599468,1248
67,599470,1004
211,599470,1270
138,599470,2728
74,599470,1536
115,599470,360
90,599470,1834
77,599486,750
92,599486,1696
49,599486,462
101,599486,304
141,599486,1150
236,599496,490
32,599508,1080
235,599508,838
199,599508,744
122,599508,240
228,599511,1976
47,599511,192
82,599511,522
34,599518,1864
23,599518,1278
20,599518,3162
216,599518,696
169,599518,840
0,599518,3818
56,599518,204
24,599518,1326
37,599518,520
115,599525,144
3,599527,2388
20,599527,504
0,599527,2390
84,599527,2436
12,599527,2448
31,599527,3976
24,599527,3634
234,599546,956
106,599546,4412
40,599572,916
3,599580,1224
4,599580,1710
52,599580,756
186,599640,408
71,599643,446
25,599675,1190
84,599675,1458
10,599675,3086
57,599675,1958
160,599675,2698
58,599675,1142
9,599680,844
72,599680,486
25,599695,682
1,599699,1322
10,599699,9718
27,599707,196
55,599707,826
129,599707,344
142,599707,300
27,599709,304
55,599709,1926
129,599709,676
142,599709,2366
8,599709,1608
127,599709,636
20,599715,220
67,599718,376
9,599718,390
5,599737,2270
77,599737,672
76,599737,1394
29,599738,880
77,599738,288
90,599738,324
75,599738,644
42,599738,624
102,599738,790
231,599784,2370
35,599784,496
224,599784,354
28,599784,2980
33,599784,6198
217,599791,436
178,599823,396
55,599823,592
8,599823,396
25,599848,1240
120,599848,968
3,599848,1712
4,599848,1478
132,599852,220
186,599898,702
71,599898,1500
138,599898,2334
25,599911,320
32,599911,336
140,599911,192
228,599911,222
231,599918,574
70,599918,2304
232,599918,1022
83,599918,266
28,599918,726
228,599940,478
25,599947,782
85,599947,894
211,599947,544
119,599947,750
77,599947,1988
61,599947,228
90,599947,476
123,599947,452
108,599980,568
235,599980,312
157,599980,648
62,600013,928
28,600018,436
19,600019,954
70,600023,1376
166,600023,726
25,600067,1372
69,600067,2208
151,600067,1496
226,600067,210
224,600067,360
28,600067,516
30,600112,356
251,600112,190
133,600112,508
105,600136,724
52,600136,706
144,600143,264
90,600143,318
187,600147,400
187,600150,200
74,600150,216
71,600151,240
74,600157,194
25,600160,3748
121,600160,3574
0,600160,1268
38,600160,1840
25,600161,5042
0,600161,6702
44,600163,516
60,600163,1110
189,600163,908
84,600174,288
25,600226,636
66,600226,1948
32,600226,774
125,600226,810
25,600230,1266
107,600230,1230
23,600230,398
95,600230,2828
32,600230,600
236,600230,690
139,600230,1122
124,600230,480
93,600230,966
109,600230,792
228,600230,330
90,600230,1144
155,600230,1968
32,600233,220
125,600233,760
54,600233,1096
82,600234,736
66,600236,646
125,600236,1288
82,600236,810
46,600237,828
140,600237,230
82,600237,1488
27,600244,192
55,600244,676
32,600267,818
223,600267,224
231,600291,834
9,600298,636
74,600298,1656
115,600298,778
25,600303,732
121,600303,1426
84,600303,460
23,600305,2962
7,600305,5490
169,600305,164
56,600305,330
12,600305,2928
126,600305,550
65,600305,440
148,600338,1214
26,600340,336
7,600340,400
21,600340,1316
119,600340,464
31,600340,1200
126,600340,756
23,600342,2530
21,600342,1708
59,600342,210
71,600385,224
44,600387,3734
140,600389,858
166,600389,674
25,600398,1134
34,600398,678
23,600398,21756
26,600398,1378
7,600398,12618
21,600398,29450
99,600398,216
216,600398,1262
68,600398,15600
169,600398,832
142,600398,2736
119,600398,530
128,600398,230
56,600398,1110
97,600398,698
65,600398,1376
91,600398,1326
37,600398,2196
160,600398,656
141,600398,3710
121,600399,1092
27,600400,404
23,600401,3430
7,600401,2208
21,600401,468
169,600401,948
131,600401,988
258,600401,662
17,600401,774
97,600401,1388
126,600401,1474
65,600401,1628
76,600401,332
67,600432,1146
1,600432,1640
71,600432,456
10,600432,5166
9,600432,1956
61,600432,368
245,600432,1710
72,600432,1568
40,600432,442
2,600448,2820
25,600470,3248
187,600470,700
0,600470,1494
29,600470,2918
145,600470,844
71,600470,980
128,600470,364
138,600470,3438
72,600470,932
115,600470,426
75,600470,1488
76,600470,2956
186,600478,200
67,600478,1050
216,600478,642
29,600478,826
74,600478,1300
72,600478,338
75,600478,214
160,600478,702
29,600506,748
77,600510,960
177,600532,1064
67,600532,944
10,600532,1020
242,600532,1012
61,600532,580
40,600532,1008
160,600532,384
23,600577,13154
26,600577,564
21,600577,2324
68,600577,4516
169,600577,1786
119,600577,1386
128,600577,1198
97,600577,466
126,600577,362
65,600577,1104
124,600595,418
25,600609,1292
23,600609,1226
43,600609,2264
26,600609,310
3,600609,2298
0,600609,2012
4,600609,2754
138,600609,1942
130,600609,2150
31,600609,242
24,600609,1896
214,600609,4484
23,600628,1412
26,600628,1740
21,600628,940
169,600628,720
148,600628,520
128,600628,270
97,600628,500
12,600628,440
235,600628,580
27,600640,2940
80,600640,802
178,600640,256
55,600640,2532
111,600640,1170
127,600640,540
217,600640,132
25,600671,3072
23,600671,14576
26,600671,224
7,600671,940
21,600671,16286
59,600671,668
99,600671,1740
216,600671,3338
169,600671,900
4,600671,808
128,600671,842
17,600671,1660
56,600671,896
97,600671,3858
12,600671,680
126,600671,3272
65,600671,1246
40,600671,468
91,600671,1814
122,600671,290
89,600671,480
217,600671,230
220,600671,216
213,600671,420
3,600674,478
4,600674,820
148,600674,588
130,600674,778
9,600674,678
24,600674,1688
186,600688,1182
187,600688,564
71,600688,2844
138,600688,512
74,600688,702
115,600688,2160
90,600688,1022
110,600717,896
90,600717,1144
211,600725,208
217,600725,84
219,600726,216
67,600748,3174
84,600748,966
202,600748,2738
10,600748,176
92,600748,502
9,600748,3144
61,600748,1258
72,600748,2762
90,600748,2184
40,600748,4266
57,600748,2718
160,600748,2000
58,600748,260
48,600748,2250
212,600748,128
151,600749,352
0,600767,400
27,600769,6266
80,600769,472
178,600769,3900
55,600769,3354
142,600769,4166
111,600769,568
8,600769,460
127,600769,1424
38,600769,5070
56,600769,216
77,600783,530
134,600783,384
102,600783,336
219,600783,104
85,600784,528
5,600784,1114
216,600784,210
49,600784,3458
90,600784,1092
102,600784,1392
212,600784,180
107,600785,754
92,600785,350
49,600785,964
76,600785,1562
217,600785,110
107,600797,2030
85,600797,208
23,600797,1944
29,600797,1934
145,600797,968
92,600797,216
134,600797,1138
72,600797,408
90,600797,3508
75,600797,1088
42,600797,598
102,600797,968
57,600797,504
76,600797,9512
141,600797,4284
107,600798,1608
40,600798,798
218,600798,640
85,600799,154
147,600799,4598
42,600799,1100
22,600803,4844
35,600803,408
110,600817,1506
109,600817,4924
90,600817,520
233,600824,200
62,600824,1620
110,600824,1616
74,600824,3180
27,600850,5408
55,600850,1600
142,600850,2096
127,600850,1008
88,600850,340
23,600851,8764
3,600851,2856
0,600851,840
4,600851,6722
84,600851,464
12,600851,1910
31,600851,5092
24,600851,5280
217,600860,96
98,600864,400
21,600864,876
59,600864,1916
99,600864,352
169,600864,372
138,600864,360
97,600864,230
12,600864,636
126,600864,606
9,600890,634
5,600911,920
218,600911,208
188,600922,4404
41,600922,2780
62,600922,28142
109,600922,2862
125,600922,3232
48,600922,1230
107,600937,1600
56,600937,352
134,600937,180
72,600937,1168
75,600937,440
42,600937,3282
76,600937,2480
202,600938,792
10,600938,816
61,600938,448
90,600938,224
40,600938,360
245,600939,400
57,600939,620
187,600951,680
211,600951,1080
71,600951,872
138,600951,418
74,600951,494
90,600951,354
72,600972,266
92,600974,408
25,600999,758
66,600999,192
143,600999,210
132,600999,536
120,600999,1280
80,600999,1014
32,600999,260
221,600999,1272
236,600999,928
112,600999,240
111,600999,2076
84,600999,1352
19,600999,764
157,600999,936
90,600999,670
125,600999,938
54,600999,1636
44,601000,534
70,601000,616
46,601000,252
166,601000,702
82,601000,144
120,601007,540
89,601007,414
130,601062,210
234,601089,896
120,601089,33696
62,601089,1612
235,601089,1482
104,601101,326
10,601101,414
202,601102,400
40,601102,824
25,601112,868
199,601112,272
146,601113,416
146,601122,612
120,601122,712
221,601122,254
19,601122,780
47,601122,2630
199,601122,622
195,601122,542
5,601132,2384
187,601132,444
49,601132,1380
134,601132,540
75,601132,342
42,601132,522
218,601132,354
101,601132,932
107,601133,1352
5,601133,1726
120,601133,580
187,601133,288
77,601133,424
49,601133,1132
134,601133,1362
75,601133,452
42,601133,886
102,601133,1870
101,601133,1684
76,601133,5316
123,601133,1352
217,601133,408
213,601133,92
5,601134,4536
187,601134,510
77,601134,3304
92,601134,638
49,601134,1060
115,601134,200
42,601134,1398
101,601134,1040
76,601134,3136
123,601134,210
141,601134,3512
217,601134,564
25,601164,5486
66,601164,388
62,601164,200
21,601164,3456
32,601164,420
236,601164,804
51,601164,1184
124,601164,2960
142,601164,1912
96,601164,1582
93,601164,5742
229,601164,1554
150,601164,830
235,601164,2104
47,601164,1270
155,601164,1860
159,601164,462
101,601164,996
122,601164,6098
54,601164,344
60,601256,216
140,601256,876
94,601256,506
58,601256,306
95,601258,882
62,601258,1144
21,601258,320
51,601258,240
124,601258,2322
112,601258,266
162,601258,1034
228,601258,3632
108,601258,528
146,601259,1140
108,601259,374
125,601259,3260
191,601262,488
236,601262,1314
47,601262,692
159,601262,732
44,601275,814
32,601275,864
46,601275,1112
166,601275,660
82,601275,360
132,601284,400
229,601284,2070
25,601287,412
112,601287,1584
93,601287,890
233,601300,280
95,601300,960
120,601300,936
222,601300,938
64,601300,2370
25,601303,240
66,601303,624
146,601303,720
143,601303,1070
95,601303,720
120,601303,2108
80,601303,356
62,601303,444
221,601303,588
236,601303,1732
111,601303,352
84,601303,1412
108,601303,588
47,601303,280
195,601303,278
54,601303,456
231,601306,760
35,601306,432
28,601306,460
33,601306,4202
6,601310,558
148,601310,528
132,601327,382
90,601327,772
186,601400,636
187,601400,308
110,601400,3174
109,601400,1868
138,601400,256
74,601400,810
164,601400,988
115,601400,1728
90,601400,29502
26,601401,204
186,601401,300
187,601401,786
71,601401,1216
241,601401,360
10,601401,256
92,601401,494
38,601401,700
61,601401,884
49,601401,504
134,601401,452
72,601401,1250
90,601401,2148
101,601401,384
85,601406,330
145,601406,600
77,601406,1412
92,601406,2460
49,601406,2740
134,601406,212
126,601406,460
42,601406,1120
102,601406,1910
101,601406,758
76,601406,4718
123,601406,462
111,601412,952
10,601412,386
61,601412,1884
147,601412,2370
160,601412,630
22,601455,12976
249,601455,320
28,601455,2110
71,601456,1386
92,601456,1128
75,601456,228
101,601456,604
20,601458,400
145,601458,648
202,601458,492
10,601458,2132
74,601458,1224
61,601458,4950
115,601458,1464
147,601458,1892
57,601458,192
160,601458,1976
144,601460,280
110,601460,7174
211,601460,576
109,601460,7426
164,601460,2272
90,601460,7754
48,601460,3948
25,601463,3360
202,601463,1320
10,601463,1514
9,601463,544
61,601463,3096
49,601463,1004
72,601463,3204
147,601463,4882
160,601463,1712
10,601465,218
38,601482,936
142,601483,342
2,601517,172
22,601517,204
55,601540,350
142,601540,844
55,601542,584
129,601542,678
142,601542,262
8,601542,400
127,601542,322
55,601543,448
142,601543,370
8,601566,320
27,601568,8290
80,601568,2426
55,601568,14148
108,601568,1226
140,601575,372
144,601664,210
110,601664,480
109,601664,696
109,601665,220
164,601665,380
234,601705,1488
106,601705,1024
169,601715,408
17,601715,670
44,601724,9734
166,601724,5928
25,601732,5166
23,601732,9500
27,601732,1546
21,601732,4414
59,601732,1810
216,601732,224
169,601732,3066
0,601732,3602
4,601732,3168
148,601732,1874
119,601732,1456
71,601732,856
130,601732,1296
17,601732,2328
56,601732,2170
12,601732,1884
90,601732,450
31,601732,7226
24,601732,8244
214,601732,820
91,601732,348
89,601732,4182
107,601751,1518
29,601751,288
211,601751,904
49,601751,616
134,601751,2380
90,601751,2218
40,601751,2206
101,601751,1280
76,601751,840
123,601751,832
107,601752,2712
186,601752,360
29,601752,708
228,601752,3044
134,601752,540
72,601752,2860
90,601752,2446
40,601752,3664
102,601752,540
76,601752,2102
123,601752,1200
141,601752,3686
143,601774,2264
186,601774,2566
55,601774,1044
187,601774,348
211,601774,1244
71,601774,1050
138,601774,3298
74,601774,416
115,601774,1996
90,601774,4490
104,601788,232
10,601788,594
25,601790,3140
10,601790,11226
9,601790,298
233,601810,594
191,601810,4228
143,601810,1940
112,601810,756
223,601810,216
19,601810,560
125,601810,3848
82,601810,270
86,601818,324
151,601818,2356
57,601818,684
160,601890,480
151,601893,1920
72,601893,894
62,601910,476
110,601910,994
74,601910,3370
187,601911,234
71,601911,700
74,601911,424
115,601911,1398
219,601911,176
215,601911,304
23,601967,2804
43,601967,914
34,601968,2016
23,601968,662
65,601968,596
202,601969,194
10,601969,916
160,601969,190
143,601980,424
120,601980,328
229,601980,378
108,601980,498
199,601980,1292
122,601980,728
32,601995,448
124,601995,444
155,601995,754
125,601995,1254
122,601995,680
233,601996,522
34,601996,810
32,601996,780
139,601996,558
112,601996,324
93,601996,1042
229,601996,1420
47,601996,2168
78,601996,804
146,602005,224
62,602005,550
199,602005,352
219,602024,114
191,602031,482
32,602031,498
59,602031,608
169,602031,258
9,602031,1284
56,602031,794
147,602031,324
91,602031,720
23,602034,3310
21,602034,2252
5,602087,1064
186,602087,220
29,602087,1264
75,602087,764
147,602087,340
102,602087,782
101,602087,216
76,602087,356
6,602088,384
10,602088,1796
160,602088,1116
69,602096,552
75,602108,818
101,602108,288
76,602108,964
6,602109,572
29,602109,1542
219,602137,102
12,602149,1440
25,602150,216
25,602151,852
121,602151,1956
0,602151,696
38,602151,1334
25,602157,872
3,602157,922
44,602167,416
57,602167,454
22,602168,13614
35,602168,3380
61,602172,390
52,602256,228
143,602262,1254
32,602262,2144
51,602262,678
19,602262,544
117,602263,200
8,602263,688
105,602263,4028
52,602263,2520
25,602282,3596
23,602282,15430
26,602282,252
84,602282,1492
56,602282,294
72,602282,3220
90,602282,670
31,602282,4288
24,602282,4624
232,602283,1110
43,602291,2600
121,602291,3286
0,602291,5338
4,602291,8628
52,602291,690
70,602311,1080
46,602311,212
46,602315,2250
82,602315,2770
25,602324,810
23,602325,414
3,602325,578
7,602325,714
21,602325,604
128,602325,536
31,602325,1342
126,602325,368
34,602357,2966
244,602357,1466
21,602357,1230
32,602357,4980
236,602357,4784
93,602357,3600
223,602357,1958
162,602357,2136
228,602357,1730
235,602357,388
125,602357,2330
122,602357,5288
21,602389,188
32,602389,858
51,602389,860
139,602389,2520
138,602389,670
228,602389,3448
155,602389,376
244,602391,1424
140,602391,864
236,602391,452
93,602391,1180
229,602391,1228
108,602393,392
47,602393,800
125,602410,772
25,602420,380
222,602423,320
78,602423,264
72,602426,1536
186,602436,510
120,602436,720
3,602436,352
32,602436,1212
46,602436,2696
236,602436,11422
112,602436,7202
108,602436,3108
47,602436,1570
157,602436,224
44,602439,1768
70,602439,3166
140,602439,494
82,602439,280
66,602461,216
6,602461,272
143,602461,756
229,602461,396
108,602461,240
45,602461,208
125,602461,560
10,602471,954
70,602472,216
62,602472,396
140,602472,1490
231,602515,518
98,602534,458
106,602534,204
102,602564,822
101,602564,360
22,602567,1056
67,602572,996
145,602572,600
202,602572,396
10,602572,728
9,602572,964
61,602572,1144
147,602572,548
77,602575,1236
134,602575,960
151,602578,234
25,602583,2212
1,602583,852
5,602649,336
90,602649,384
6,602657,3640
10,602657,870
61,602657,2066
147,602657,1020
40,602657,9208
160,602657,1332
169,602659,218
77,602659,460
61,602659,950
72,602659,694
218,602659,1128
101,602659,966
76,602659,252
5,602660,1288
49,602660,1250
76,602660,1242
123,602660,870
5,602661,228
71,602661,250
77,602661,228
74,602661,282
134,602661,556
78,602661,390
10,602667,784
61,602667,384
6,602672,584
10,602672,272
61,602672,742
148,602707,396
56,602707,1272
12,602707,728
219,602707,86
26,602746,190
148,602746,324
56,602746,242
12,602746,400
109,602758,280
138,602758,2432
164,602758,840
235,602758,764
125,602758,352
164,602761,420
6,602781,27646
146,602781,4890
67,602781,1522
145,602781,2866
10,602781,12196
61,602781,19438
147,602781,4912
40,602781,28426
57,602781,1282
23,602790,3378
26,602790,396
21,602790,884
169,602790,456
128,602790,1006
97,602790,346
126,602790,332
186,602816,374
71,602816,1064
90,602816,1568
231,602881,1062
62,602881,660
46,602881,1022
25,602886,7406
34,602886,1652
5,602886,372
21,602886,13920
32,602886,34948
99,602886,636
236,602886,4952
139,602886,1552
124,602886,2458
96,602886,4978
93,602886,3102
162,602886,3210
131,602886,404
64,602886,8048
228,602886,4056
232,602886,312
150,602886,668
235,602886,9082
47,602886,3834
78,602886,2096
159,602886,456
42,602886,726
122,602886,10910
76,602886,1538
54,602886,6614
81,602886,2232
212,602917,96
232,602923,2272
224,602923,738
25,602925,294
38,602925,1256
43,602927,990
121,602927,506
26,602930,288
119,602930,1458
17,602930,420
91,602930,1488
37,602930,1208
138,602942,384
44,602965,524
69,602965,29464
189,602965,1254
151,602965,1688
58,602965,1660
86,602969,208
69,602985,3642
151,602985,496
71,602986,476
77,602986,278
49,602986,1284
101,602986,730
76,602986,952
35,602991,284
60,602995,2006
104,602999,696
84,602999,220
9,602999,270
182,603002,540
84,603002,1038
107,603056,3360
128,603056,540
75,603056,280
101,603056,546
76,603056,1726
25,603061,734
58,603061,666
2,603068,672
39,603068,1622
22,603068,11276
231,603068,756
35,603068,1290
20,603076,268
182,603076,270
19,603076,350
23,603077,15190
146,603077,590
26,603077,1176
80,603077,1204
7,603077,13266
21,603077,38310
32,603077,324
59,603077,3468
20,603077,4042
216,603077,2060
68,603077,3776
169,603077,752
0,603077,2320
119,603077,604
128,603077,1620
232,603077,2252
97,603077,1352
12,603077,2328
72,603077,5292
90,603077,1244
126,603077,204
24,603077,2154
133,603077,1220
65,603077,4972
91,603077,660
37,603077,1042
101,603077,794
76,603077,520
217,603077,88
23,603078,8800
7,603078,1416
21,603078,1718
32,603078,800
59,603078,906
216,603078,2552
68,603078,1332
169,603078,450
0,603078,684
163,603078,630
128,603078,3792
228,603078,1008
232,603078,1676
17,603078,1606
56,603078,240
97,603078,1584
12,603078,1620
90,603078,1442
31,603078,3662
126,603078,1630
24,603078,1030
65,603078,4440
159,603078,976
91,603078,2538
25,603079,2836
23,603079,5882
43,603079,416
21,603079,6184
32,603079,392
59,603079,196
216,603079,1584
169,603079,934
0,603079,1988
12,603079,256
126,603079,2780
21,603081,1968
216,603081,288
4,603081,768
25,603082,1040
23,603082,3834
26,603082,1116
21,603082,6570
59,603082,1502
68,603082,1306
169,603082,632
124,603082,756
119,603082,920
128,603082,2208
17,603082,1072
56,603082,982
97,603082,796
126,603082,1528
65,603082,3534
217,603082,204
213,603082,110
97,603085,210
38,603090,896
25,603091,656
23,603091,4192
21,603091,7798
32,603091,392
99,603091,546
216,603091,484
169,603091,2340
119,603091,1608
232,603091,768
67,603095,318
59,603095,732
25,603096,210
59,603101,434
23,603102,534
64,603102,206
7,603105,656
21,603105,476
99,603105,254
216,603105,232
228,603105,888
126,603105,984
182,603110,2276
84,603110,1032
19,603110,440
25,603113,886
226,603114,1232
5,603120,372
138,603120,216
75,603120,374
57,603120,884
35,603127,822
115,603136,280
66,603148,1568
191,603148,1046
120,603172,1738
55,603228,648
105,603239,228
164,603239,354
48,603239,336
52,603239,808
146,603241,2564
19,603241,520
61,603241,448
47,603241,450
166,603255,678
110,603262,192
77,603265,258
101,603265,664
101,603267,320
227,603279,1620
75,603298,360
102,603298,272
76,603298,558
6,603301,208
10,603301,476
159,603367,300
233,603368,776
146,603368,798
132,603368,1254
120,603368,2230
80,603368,636
21,603368,1200
32,603368,4576
46,603368,1150
20,603368,408
236,603368,600
169,603368,242
139,603368,460
138,603368,760
150,603368,1178
235,603368,484
155,603368,472
78,603368,950
159,603368,284
122,603368,3496
82,603368,958
143,603369,856
159,603369,832
122,603369,332
233,603370,490
95,603370,358
236,603370,416
169,603370,300
139,603370,864
138,603370,272
64,603370,680
232,603370,342
108,603370,244
115,603370,822
125,603370,508
187,603373,360
134,603373,828
123,603373,504
182,603374,1144
84,603374,416
147,603374,1596
58,603374,536
76,603388,192
120,603390,1160
29,603390,2016
71,603390,1840
138,603390,320
12,603390,822
72,603390,2404
115,603390,386
90,603390,1678
40,603390,1914
147,603402,408
40,603402,260
71,603407,2908
22,603438,1792
224,603438,362
33,603438,612
25,603445,456
58,603445,650
92,603465,1262
134,603465,1334
164,603465,932
72,603465,520
2,603470,930
22,603470,4156
231,603470,200
56,603484,424
12,603484,732
23,603488,1834
9,603488,1306
91,603488,1364
98,603491,968
234,603491,3888
62,603491,960
106,603491,4732
52,603491,2112
53,603491,760
256,603500,646
251,603500,244
133,603500,956
110,603534,288
77,603540,310
25,603548,700
66,603548,370
32,603548,9248
236,603548,1104
139,603548,1056
124,603548,530
96,603548,230
93,603548,930
228,603548,9030
150,603548,300
235,603548,900
157,603548,654
72,603548,852
90,603548,216
75,603548,266
155,603548,528
159,603548,256
42,603548,886
122,603548,1112
54,603548,1104
34,603549,1222
244,603549,432
32,603549,7864
140,603549,1194
236,603549,806
124,603549,700
96,603549,308
162,603549,434
228,603549,1458
45,603549,726
90,603549,246
159,603549,2904
125,603549,532
54,603549,4696
25,603550,742
95,603550,1202
244,603550,364
32,603550,6764
124,603550,1174
96,603550,4772
222,603550,442
228,603550,1442
97,603550,414
150,603550,564
235,603550,282
199,603550,196
159,603550,530
122,603550,5792
47,603573,260
123,603577,908
41,603618,1332
146,603618,240
244,603618,1656
112,603618,3036
131,603618,1416
64,603618,336
228,603618,1734
150,603618,384
155,603618,420
78,603618,1656
72,603655,3450
101,603655,378
141,603655,2162
72,603664,104
58,603667,316
10,603676,792
213,603677,132
144,603688,580
110,603688,640
98,603691,800
144,603691,2072
110,603691,2232
109,603691,6678
138,603691,1420
164,603691,1236
235,603691,1120
115,603691,986
90,603691,576
211,603710,228
25,603722,10296
66,603722,2580
191,603722,858
146,603722,748
62,603722,1776
32,603722,4130
221,603722,1184
236,603722,8930
93,603722,496
228,603722,2254
45,603722,828
235,603722,342
146,603740,1032
25,603757,736
120,603757,376
21,603757,798
124,603757,510
162,603757,204
155,603757,676
47,603795,828
29,603828,3806
49,603828,556
72,603828,540
75,603828,1586
42,603828,208
101,603828,760
76,603828,1362
123,603828,220
141,603828,1652
85,603838,408
5,603838,232
21,603838,352
218,603838,328
5,603840,222
49,603840,204
29,603844,524
92,603844,204
72,603844,208
25,603880,1824
23,603880,2648
7,603880,3420
21,603880,22432
59,603880,2506
68,603880,9930
119,603880,1752
232,603880,2506
56,603880,286
97,603880,920
90,603880,1458
31,603880,1468
24,603880,968
65,603880,1674
91,603880,1540
76,603880,2052
34,603881,2964
23,603881,12668
7,603881,4072
21,603881,20444
216,603881,982
68,603881,960
169,603881,928
211,603881,510
119,603881,2170
128,603881,2156
105,603881,810
56,603881,288
97,603881,288
90,603881,1200
126,603881,1250
65,603881,7032
37,603881,4248
7,603883,322
21,603883,1220
99,603883,488
216,603883,362
169,603883,928
119,603883,932
97,603883,264
126,603883,1000
75,603883,822
91,603883,2010
37,603883,1908
51,603884,660
112,603884,836
131,603884,1126
9,603884,364
157,603884,1510
82,603884,456
236,603889,332
228,603889,1092
78,603889,696
125,603889,594
182,603902,924
146,603915,504
120,603915,2520
62,603915,288
221,603915,360
236,603915,338
229,603915,2016
47,603915,2160
78,603915,1044
195,603915,440
256,603935,350
251,603935,206
133,603935,918
146,603940,2090
62,603940,840
236,603940,1104
45,603940,708
47,603940,224
82,603940,794
25,603948,7398
32,603948,6910
236,603948,2236
222,603948,2346
228,603948,1050
45,603948,6376
47,603948,1078
157,603948,2870
78,603948,596
195,603948,5622
25,603967,504
23,603967,630
7,603967,1880
21,603967,8470
68,603967,1110
169,603967,192
0,603967,5320
128,603967,1974
97,603967,650
65,603967,264
37,603967,1248
76,603967,1944
23,603968,10038
43,603968,1248
26,603968,204
7,603968,4722
121,603968,4798
4,603968,494
130,603968,378
12,603968,2482
31,603968,5178
24,603968,822
25,603986,580
146,603986,440
62,603986,4890
46,603986,3300
95,604023,736
112,604023,712
93,604023,1644
160,604026,288
142,604032,448
27,604033,828
120,604040,868
32,604040,1490
236,604040,932
51,604040,2148
139,604040,660
112,604040,382
222,604040,396
162,604040,468
64,604040,1360
228,604040,952
235,604040,460
199,604040,1720
25,604059,836
95,604059,1070
120,604059,2410
32,604059,264
169,604059,292
51,604059,1038
112,604059,360
162,604059,1390
138,604059,420
228,604059,1136
150,604059,300
78,604059,1154
34,604065,1696
95,604065,1280
21,604065,4432
32,604065,2766
46,604065,312
139,604065,4014
131,604065,692
159,604065,490
122,604065,2784
81,604065,1632
95,604071,2546
131,604071,1044
64,604071,1406
120,604073,752
46,604073,736
195,604073,2550
92,604087,616
101,604087,224
157,604115,838
25,604129,240
32,604129,264
142,604129,892
56,604129,1014
78,604129,1150
160,604129,310
231,604130,410
232,604130,590
44,604133,9382
62,604133,1378
70,604134,814
95,604137,656
236,604137,588
235,604137,106
146,604147,1552
143,604147,880
132,604147,1772
120,604147,504
32,604147,360
46,604147,1290
221,604147,210
236,604147,900
19,604147,242
229,604147,1208
108,604147,308
47,604147,580
199,604147,1344
125,604147,1178
46,604151,3720
140,604151,286
166,604151,2796
121,604169,198
0,604169,210
4,604169,468
169,604178,250
55,604180,200
21,604186,618
59,604186,298
169,604186,1388
139,604186,640
128,604186,1262
126,604186,376
25,604206,350
23,604206,2490
21,604206,14136
99,604206,512
216,604206,318
169,604206,2290
232,604206,768
56,604206,1010
97,604206,624
126,604206,336
89,604206,1386
25,604207,3644
43,604207,220
55,604207,338
59,604207,2578
0,604207,708
148,604207,3570
163,604207,3576
130,604207,2128
56,604207,210
12,604207,1574
31,604207,1536
24,604207,918
214,604207,1226
89,604207,1056
216,604208,264
128,604208,1098
117,604263,692
88,604263,600
8,604264,238
56,604264,378
98,604265,1388
88,604265,646
50,604271,776
88,604271,3726
52,604271,220
3,604277,1110
68,604277,1344
17,604277,512
34,604279,704
23,604279,1624
59,604279,538
68,604279,1962
93,604279,830
128,604279,1176
97,604279,574
3,604300,270
256,604300,510
133,604300,300
23,604308,3078
43,604308,6884
26,604308,2932
3,604308,2700
55,604308,3474
0,604308,1598
84,604308,600
12,604308,1310
72,604308,3678
90,604308,642
31,604308,8682
24,604308,3480
25,604314,2844
3,604314,440
121,604314,348
0,604314,3114
38,604314,758
234,604317,1650
106,604317,11678
8,604317,770
248,604317,676
53,604317,840
238,604323,168
25,604324,3804
136,604324,402
3,604324,1254
0,604324,3874
38,604324,3554
107,604331,14996
85,604331,1174
5,604331,16558
71,604331,860
92,604331,3248
56,604331,204
49,604331,1382
134,604331,624
72,604331,200
40,604331,1642
42,604331,6432
218,604331,1078
101,604331,288
76,604331,15664
58,604331,368
123,604331,2906
141,604331,12788
92,604362,1230
134,604362,370
76,604362,3268
123,604362,570
25,604364,1498
26,604372,504
7,604372,1436
236,604372,600
77,604372,758
92,604372,1316
49,604372,324
134,604372,224
75,604372,3502
65,604372,1288
42,604372,470
102,604372,572
101,604372,576
123,604372,1376
141,604372,9766
77,604373,546
72,604373,440
31,604373,802
102,604373,1188
123,604373,1242
85,604374,768
29,604374,380
77,604374,616
92,604374,1878
17,604374,648
49,604374,3624
90,604374,360
75,604374,2704
218,604374,1204
102,604374,912
101,604374,4678
122,604374,1044
76,604374,2638
123,604374,1078
141,604374,1736
107,604376,950
134,604376,2222
42,604376,1170
25,604381,4588
146,604381,680
43,604381,7474
3,604381,1560
4,604381,3462
163,604381,1670
84,604381,1248
24,604381,1040
116,604381,1700
25,604382,670
3,604382,1268
21,604382,2972
59,604382,272
56,604382,406
12,604382,4448
31,604382,1192
147,604382,750
89,604382,920
116,604382,2616
25,604384,1716
23,604384,552
121,604384,556
0,604384,626
129,604384,1822
4,604384,1504
163,604384,1782
74,604406,260
195,604406,480
255,604407,168
169,604412,280
119,604412,980
29,604433,460
134,604433,412
76,604433,1682
2,604437,4588
121,604444,2360
0,604444,3252
38,604444,1294
148,604448,552
217,604454,408
107,604461,980
77,604461,488
134,604461,184
106,604462,930
139,604476,624
159,604476,276
43,604496,624
163,604496,1750
130,604496,110
44,604522,3016
60,604522,2900
189,604522,1228
49,604543,252
61,604548,1160
145,604563,648
202,604563,1592
10,604563,1536
9,604563,6612
61,604563,6198
147,604563,1048
40,604563,5482
42,604563,550
57,604563,750
134,604568,338
107,604620,1912
5,604620,2978
23,604620,816
21,604620,1176
46,604620,478
67,604620,526
182,604620,1524
71,604620,606
77,604620,218
232,604620,488
61,604620,2036
72,604620,320
42,604620,1174
102,604620,216
76,604620,3664
141,604620,1850
107,604628,1070
5,604628,1674
29,604628,1084
42,604628,410
218,604628,1688
101,604628,210
76,604628,3428
148,604643,300
232,604643,168
214,604643,572
219,604643,80
21,604662,2098
0,604662,1074
97,604662,288
25,604670,1134
121,604670,376
38,604670,2184
121,604673,2052
0,604673,7452
56,604673,3852
95,604716,936
93,604716,344
25,604719,1798
120,604719,1526
186,604745,718
227,604745,4896
187,604745,416
120,604762,2066
52,604764,584
131,604766,1308
54,604766,986
8,604773,456
105,604773,1092
52,604773,2134
146,604778,228
27,604778,404
140,604778,4656
51,604778,216
228,604778,2794
45,604778,1632
155,604778,2166
199,604778,1854
195,604778,4726
67,604785,468
202,604785,220
10,604785,2628
138,604785,1406
61,604785,1150
40,604785,3144
57,604785,200
134,604787,264
145,604791,516
72,604791,1056
57,604791,2444
217,604796,138
49,604799,1114
231,604802,200
225,604802,216
151,604802,12540
2,604805,1496
92,604810,798
75,604810,1398
218,604810,264
101,604810,400
76,604810,2156
215,604810,168
3,604824,1002
119,604824,234
89,604824,720
0,604825,2240
163,604825,934
84,604825,226
31,604825,2076
24,604825,4126
40,604825,658
199,604825,440
92,604826,798
72,604826,256
187,604831,216
211,604831,1744
71,604831,4594
241,604831,940
138,604831,4396
74,604831,2130
115,604831,1932
90,604831,352
60,604836,854
107,604884,6912
186,604884,2128
29,604884,1662
77,604884,288
10,604884,410
49,604884,204
134,604884,1456
72,604884,2156
90,604884,370
218,604884,4674
76,604884,3566
123,604884,554
22,604891,1420
5,604896,578
75,604896,564
218,604896,2954
102,604896,746
101,604896,538
5,604897,574
49,604897,1108
218,604897,816
160,604897,660
231,604921,5350
28,604921,790
222,604923,430
45,604923,226
85,604924,660
5,604924,2590
71,604924,232
75,604924,720
101,604924,1102
107,604926,908
5,604926,1486
92,604926,586
61,604926,832
49,604926,1476
134,604926,210
75,604926,274
102,604926,1926
101,604926,208
123,604926,2344
110,604927,242
71,604927,416
187,604928,224
71,604928,970
74,604928,408
217,604928,216
212,604928,208
110,604930,390
90,604930,1360
110,604935,336
220,604951,208
5,604959,5042
6,604959,240
21,604959,1664
187,604959,256
182,604959,648
71,604959,240
9,604959,240
49,604959,1332
97,604959,620
72,604959,3624
115,604959,224
90,604959,260
75,604959,898
102,604959,224
76,604959,816
141,604959,1524
5,604979,708
74,604979,384
75,604981,258
25,604987,786
58,604990,772
2,604992,3250
28,604992,466
138,605007,304
90,605007,656
49,605017,688
134,605017,252
75,605017,1810
42,605017,572
102,605017,1294
95,605026,698
120,605026,1552
62,605026,612
32,605026,2236
236,605026,716
112,605026,1028
96,605026,616
162,605026,678
138,605026,238
228,605026,250
235,605026,404
157,605026,310
90,605026,480
75,605026,218
255,605026,280
104,605028,952
40,605028,328
160,605028,424
10,605029,1266
9,605029,2828
216,605033,372
142,605033,384
91,605033,360
37,605033,570
27,605034,574
55,605034,4680
27,605035,902
80,605035,432
142,605035,2704
232,605035,432
27,605037,1704
80,605037,464
55,605037,1200
142,605037,336
8,605037,240
8,605038,700
88,605038,408
129,605039,704
38,605039,828
55,605040,790
142,605040,636
38,605040,804
117,605043,208
31,605043,672
52,605043,264
27,605044,792
37,605045,1054
27,605046,240
55,605046,1648
111,605046,774
38,605046,932
50,605051,1020
55,605051,958
142,605051,280
98,605053,450
27,605053,864
55,605053,768
142,605053,294
111,605053,396
39,605055,988
225,605055,640
232,605055,1020
62,605087,1368
235,605087,2306
84,605088,548
223,605092,652
74,605092,342
125,605092,1124
77,605095,428
75,605095,864
123,605095,910
25,605114,464
244,605114,720
80,605114,350
21,605114,1562
51,605114,384
139,605114,566
124,605114,1454
93,605114,192
64,605138,480
125,605138,398
233,605142,708
120,605142,1510
32,605142,1418
112,605142,3624
235,605142,3600
90,605142,408
255,605142,284
78,605142,3310
159,605142,930
195,605142,1392
21,605157,3356
32,605157,3948
93,605157,576
159,605157,426
120,605174,1366
19,605174,564
146,605179,1432
84,605179,1434
62,605181,1188
233,605188,468
95,605188,784
120,605188,1578
32,605188,2574
124,605188,1560
162,605188,1854
228,605188,5446
38,605188,390
255,605188,534
122,605188,3958
233,605191,682
146,605191,10154
84,605191,372
25,605196,966
233,605196,688
27,605197,902
3,605197,370
163,605197,752
84,605197,464
133,605197,518
214,605197,1296
0,605200,350
202,605200,216
186,605207,1464
92,605207,820
134,605207,562
75,605207,822
102,605207,216
76,605207,864
217,605207,216
85,605208,204
77,605208,198
29,605222,232
145,605222,230
202,605225,424
61,605225,364
243,605225,450
107,605270,2130
21,605270,1470
211,605270,398
92,605270,682
102,605270,836
76,605270,816
2,605281,270
231,605281,942
225,605281,624
226,605281,1586
27,605308,1708
217,605308,200
25,605329,1216
166,605347,662
233,605395,948
120,605395,2994
27,605395,504
47,605395,1300
25,605396,2644
233,605396,1928
120,605396,3154
211,605396,270
228,605396,774
47,605396,3834
52,605396,830
39,605400,2288
224,605400,1044
25,605405,2544
23,605405,2114
26,605405,874
31,605405,2482
217,605408,288
212,605408,324
128,605412,674
61,605412,1104
126,605412,1366
217,605412,110
3,605417,208
91,605417,1746
119,605420,1678
212,605420,120
43,605423,1264
0,605423,4308
4,605423,3092
84,605423,810
56,605423,338
62,605430,380
46,605430,3804
25,605435,516
112,605435,828
199,605435,302
125,605435,1982
140,605436,420
93,605436,288
229,605436,1144
228,605436,216
146,605444,544
46,605444,440
66,605450,1000
32,605450,1882
140,605450,790
19,605450,364
108,605450,252
25,605453,940
233,605453,390
120,605453,2918
27,605453,680
211,605453,270
19,605453,364
47,605453,2536
43,605480,220
25,605495,1264
111,605495,920
45,605495,300
54,605495,896
55,605520,210
10,605520,400
40,605535,796
83,605545,650
33,605545,676
94,605555,796
82,605555,844
25,605558,2544
95,605558,842
132,605558,492
120,605558,2614
32,605558,1596
55,605558,834
221,605558,1056
236,605558,1280
222,605558,750
145,605558,370
228,605558,510
38,605558,380
235,605558,2308
47,605558,1938
199,605558,580
125,605558,2904
62,605570,528
188,605575,1388
41,605575,1090
62,605575,780
117,605575,540
164,605575,816
25,605596,1696
39,605596,1454
23,605596,2096
21,605596,10834
68,605596,10326
169,605596,880
0,605596,3228
148,605596,1396
232,605596,2454
97,605596,1144
90,605596,1514
126,605596,684
65,605596,546
37,605596,3074
66,605617,952
110,605617,280
92,605623,270
42,605623,346
43,605626,328
145,605626,216
74,605626,512
58,605627,1152
234,605638,372
106,605638,1954
8,605638,1080
50,605639,680
98,605639,234
88,605639,984
244,605641,216
143,605664,1024
21,605664,5544
228,605664,816
78,605664,676
159,605664,788
122,605664,808
81,605664,924
90,605669,392
217,605669,266
144,605670,352
110,605670,360
186,605671,288
74,605671,260
211,605678,1000
77,605688,1170
74,605688,662
101,605688,1180
107,605703,1654
42,605703,246
101,605703,780
76,605704,716
101,605705,780
202,605706,410
59,605707,508
134,605707,424
61,605708,1350
147,605708,864
92,605717,468
49,605717,780
134,605717,260
42,605717,742
76,605717,1264
49,605722,358
134,605722,706
218,605725,378
102,605725,728
10,605727,5056
9,605727,672
9,605729,270
187,605741,450
110,605741,1828
48,605741,1426
25,605742,790
40,605742,392
212,605806,200
25,605808,1962
59,605808,1540
169,605808,426
4,605808,556
148,605808,414
163,605808,954
97,605808,1582
12,605808,3454
107,605833,988
5,605833,284
42,605833,642
85,605834,168
5,605834,1364
29,605834,220
92,605834,200
115,605834,500
75,605834,1272
101,605834,512
76,605834,1360
58,605835,2594
102,605838,572
85,605839,444
5,605839,332
29,605839,1772
93,605839,208
138,605839,430
75,605839,434
67,605848,672
182,605848,688
84,605848,208
187,605855,3550
110,605855,6812
109,605855,1400
48,605855,1390
6,605856,880
26,605856,232
46,605856,446
148,605856,656
98,605859,3040
117,605859,702
38,605859,640
90,605859,850
34,605861,848
236,605861,1984
139,605861,1588
228,605861,634
235,605861,620
47,605861,2760
78,605861,2756
122,605861,2730
25,605870,852
95,605870,292
120,605870,338
244,605870,1092
80,605870,622
21,605870,2208
32,605870,708
46,605870,392
236,605870,450
124,605870,790
211,605870,616
96,605870,1960
162,605870,1040
228,605870,2130
157,605870,1992
155,605870,766
159,605870,906
122,605870,878
80,605872,330
62,605872,1044
242,605872,568
195,605872,480
44,605878,612
166,605878,350
82,605878,840
244,605882,592
131,605882,1386
191,605910,588
143,605910,288
32,605910,1080
131,605910,360
32,605911,1064
253,605911,306
191,605930,520
244,605930,232
32,605930,1272
64,605930,616
157,605930,312
233,605931,390
112,605931,264
222,605931,258
46,605933,816
125,605933,2028
146,605937,462
95,605937,816
132,605937,2766
21,605937,4104
32,605937,1134
140,605937,1260
236,605937,9324
51,605937,1520
93,605937,4932
223,605937,264
162,605937,424
131,605937,912
228,605937,2704
150,605937,228
159,605937,1106
122,605937,288
81,605937,2820
93,605941,468
228,605941,500
62,605951,256
235,605952,1308
37,605952,320
188,605978,990
132,605980,552
236,605980,1022
223,605980,266
155,605980,940
125,605980,824
84,605983,760
222,605992,288
93,605992,1140
108,605992,600
125,605992,1274
195,605992,504
25,605993,774
66,605993,448
143,605993,480
46,605993,984
131,605993,970
138,605993,700
47,605993,2256
90,605993,498
125,605993,2454
62,606000,464
28,606000,690
146,606009,1636
120,606009,1446
19,606009,20544
229,606009,3082
25,606013,12234
62,606013,1218
25,606014,1016
62,606014,828
25,606015,922
6,606015,712
25,606022,270
236,606034,296
84,606035,520
62,606038,1228
32,606038,1548
131,606043,530
66,606049,864
191,606049,1792
120,606049,640
244,606049,504
32,606049,3098
236,606049,1608
51,606049,700
112,606049,768
229,606049,784
228,606049,1078
47,606049,720
40,606049,252
125,606049,1690
122,606049,4396
110,606050,536
157,606050,3100
122,606050,2132
39,606052,668
231,606052,1220
33,606052,9230
25,606053,26690
66,606053,2184
146,606053,23928
62,606053,3368
46,606053,5446
140,606053,310
0,606053,780
19,606053,2808
229,606053,364
12,606053,3868
78,606053,2388
125,606053,2128
195,606053,2004
25,606062,8110
23,606062,8658
43,606062,5284
26,606062,2986
3,606062,1332
67,606062,260
24,606062,568
37,606062,1030
246,606071,272
1,606078,5022
0,606078,696
69,606078,2278
151,606078,4378
0,606079,1616
20,606081,456
4,606081,850
89,606081,210
28,606082,522
28,606087,270
96,606090,824
8,606115,852
50,606121,1196
117,606121,264
88,606121,1224
117,606122,2172
88,606122,878
112,606126,340
229,606126,902
47,606126,830
157,606126,1574
195,606126,384
25,606128,540
120,606128,1988
27,606128,690
32,606128,790
221,606128,324
236,606128,2342
142,606128,560
112,606128,2120
111,606128,704
47,606128,1844
157,606128,1168
90,606128,908
199,606128,834
125,606128,1198
25,606133,802
66,606133,448
95,606133,672
32,606133,3400
236,606133,1000
169,606144,2412
119,606144,336
234,606168,1176
98,606183,260
117,606183,1984
88,606183,180
219,606183,150
27,606184,1500
80,606184,710
127,606184,248
27,606185,1318
80,606185,602
111,606185,1146
259,606185,2260
52,606217,480
46,606221,288
140,606221,1290
94,606221,294
120,606222,280
45,606222,1204
146,606228,256
222,606228,272
244,606230,264
229,606230,792
64,606230,468
47,606230,2970
28,606241,912
46,606242,492
39,606267,1792
26,606267,846
17,606267,924
59,606273,734
24,606273,356
23,606277,4992
97,606277,226
91,606277,698
62,606289,23878
22,606290,1056
35,606290,250
22,606291,14460
35,606291,3208
52,606309,1198
25,606312,1142
131,606312,1822
146,606313,424
132,606313,912
120,606313,952
236,606313,2236
228,606313,424
47,606313,610
115,606313,312
78,606313,424
199,606313,1314
195,606313,1026
54,606313,2000
162,606314,224
131,606314,772
235,606314,920
255,606314,562
155,606314,2010
120,606315,894
92,606319,216
5,606321,756
92,606321,646
49,606321,798
72,606321,1722
115,606321,228
102,606321,276
217,606321,420
219,606321,348
6,606337,816
187,606337,836
77,606337,1404
92,606337,2006
134,606337,1428
72,606337,18596
75,606337,3024
147,606337,4098
101,606337,200
76,606337,9576
123,606337,3802
141,606337,22408
50,606343,1444
5,606343,2340
187,606343,828
77,606343,4528
42,606343,510
101,606343,1248
58,606343,3362
86,606356,372
72,606356,1592
58,606356,558
188,606379,704
62,606379,304
129,606397,330
222,606397,272
120,606403,40802
62,606403,19006
239,606403,380
105,606403,4128
235,606403,12790
53,606403,4110
27,606436,9566
80,606436,2790
178,606436,1342
129,606436,608
142,606436,472
111,606436,5892
127,606436,2572
38,606436,4038
99,606437,1348
169,606437,980
128,606437,2406
37,606437,974
85,606443,1084
5,606443,826
186,606443,236
29,606443,212
74,606443,456
75,606443,1172
160,606443,348
123,606443,288
182,606452,1496
84,606452,618
147,606452,666
182,606453,2498
84,606453,1504
147,606453,4892
85,606459,2372
29,606459,2312
145,606459,1598
134,606459,1534
72,606459,676
115,606459,390
90,606459,1122
75,606459,1200
101,606459,3434
123,606459,1368
21,606468,560
32,606468,1920
139,606468,634
124,606468,948
45,606468,1710
146,606491,296
187,606493,750
71,606493,208
115,606493,450
108,606504,928
89,606504,230
29,606507,762
145,606507,252
92,606507,384
42,606507,670
6,606508,902
29,606508,978
186,606510,252
115,606511,236
186,606513,1580
27,606513,408
71,606513,1672
138,606513,6678
74,606513,2680
115,606513,6004
90,606513,3040
57,606513,284
217,606513,232
6,606527,3756
29,606527,488
142,606527,200
61,606527,380
134,606527,1088
72,606527,3604
40,606527,4314
218,606527,910
101,606527,1020
123,606527,4222
217,606527,336
160,606529,440
25,606530,2262
2,606530,2826
121,606530,224
85,606532,2166
138,606532,2660
134,606532,1048
101,606532,588
76,606532,1418
85,606540,744
42,606540,540
249,606542,362
226,606542,630
177,606543,2112
46,606543,690
67,606543,3304
1,606543,6004
145,606543,820
9,606543,446
232,606543,248
245,606543,1958
72,606543,27878
250,606543,306
147,606543,4312
58,606543,458
67,606544,5104
1,606544,8708
242,606544,1642
9,606544,828
61,606544,1582
245,606544,560
72,606544,12800
147,606544,8722
40,606544,246
58,606544,1112
5,606550,290
102,606550,766
241,606590,560
49,606590,348
40,606590,772
219,606590,128
5,606591,240
102,606591,436
107,606596,1844
5,606596,1924
187,606596,700
29,606596,1124
92,606596,888
97,606596,470
102,606596,1260
101,606596,364
76,606596,2220
123,606596,1010
2,606598,5432
249,606598,1012
9,606602,184
177,606603,636
202,606603,844
9,606603,798
38,606603,1172
61,606603,210
115,606603,604
147,606603,632
40,606603,1000
160,606603,932
9,606615,2168
9,606618,768
61,606618,930
160,606618,184
25,606639,660
233,606639,1096
146,606639,990
143,606639,1888
94,606639,762
131,606639,224
49,606639,504
235,606639,492
157,606639,426
25,606640,696
32,606640,390
51,606640,312
93,606640,2106
138,606640,416
115,606640,840
22,606657,1062
202,606658,1134
107,606661,1286
85,606661,198
236,606661,618
74,606661,300
49,606661,204
90,606661,264
102,606661,554
9,606666,270
138,606674,614
49,606674,178
102,606674,306
160,606674,168
55,606676,424
188,606680,2202
41,606680,1704
178,606689,276
32,606689,752
55,606689,268
186,606701,2174
211,606701,410
71,606701,1130
115,606701,1946
90,606701,5456
52,606708,708
143,606716,548
132,606716,262
221,606716,418
8,606717,1254
105,606717,2596
52,606717,920
120,606745,744
235,606745,1386
191,606766,842
32,606766,388
122,606766,324
232,606767,294
28,606767,540
46,606769,960
94,606769,230
72,606769,570
82,606769,762
233,606777,336
62,606777,228
45,606777,574
25,606778,1068
146,606778,3090
95,606778,264
132,606778,908
120,606778,210
27,606778,340
62,606778,720
32,606778,2606
236,606778,1020
29,606778,336
4,606778,660
112,606778,3232
222,606778,384
131,606778,872
229,606778,1608
45,606778,1300
74,606778,378
235,606778,366
78,606778,1620
54,606778,4330
146,606785,816
70,606785,864
46,606785,1930
94,606785,376
166,606785,2010
229,606785,688
82,606785,1190
25,606786,2026
66,606786,2132
146,606786,740
120,606786,1998
32,606786,1152
131,606786,572
229,606786,1250
45,606786,888
157,606786,1242
78,606786,238
199,606786,3172
125,606786,576
195,606786,706
50,606789,416
62,606789,1276
110,606789,6284
109,606789,14716
164,606789,4296
115,606789,640
90,606789,1176
48,606789,2924
42,606795,300
218,606795,1320
102,606795,208
229,606803,240
231,606805,1190
225,606805,926
33,606805,240
222,606808,460
131,606808,318
112,606809,670
102,606809,296
46,606813,576
132,606816,910
162,606816,2250
120,606817,1116
131,606817,3768
157,606817,3762
120,606818,1754
157,606818,424
19,606819,624
25,606821,6350
66,606821,732
146,606821,3026
143,606821,6244
132,606821,1344
120,606821,2064
32,606821,2548
221,606821,1314
236,606821,7588
112,606821,2344
111,606821,176
84,606821,2388
93,606821,2280
229,606821,838
228,606821,1242
108,606821,3834
235,606821,468
47,606821,868
157,606821,1214
78,606821,2080
125,606821,320
195,606821,376
54,606821,4168
25,606822,700
132,606822,2820
120,606822,340
62,606822,3824
21,606822,4868
32,606822,4838
236,606822,2002
51,606822,988
139,606822,4088
96,606822,2816
93,606822,1084
162,606822,456
64,606822,1572
228,606822,420
108,606822,1204
74,606822,402
235,606822,1504
159,606822,252
122,606822,676
82,606822,516
81,606822,660
25,606823,1544
244,606823,264
21,606823,998
32,606823,234
236,606823,4566
124,606823,624
112,606823,1584
96,606823,914
93,606823,5364
131,606823,902
228,606823,1822
108,606823,940
150,606823,234
235,606823,3324
253,606823,1160
155,606823,910
159,606823,1258
125,606823,448
141,606823,1126
81,606823,2352
120,606824,264
21,606824,576
236,606824,1158
64,606824,848
235,606824,1014
253,606824,280
132,606825,3092
44,606829,360
60,606829,228
25,606831,824
62,606831,3620
46,606831,1112
236,606833,1524
124,606833,900
93,606833,236
159,606833,600
120,606840,3970
19,606840,1232
47,606841,716
44,606850,206
46,606850,684
140,606850,1096
34,606857,988
32,606857,694
51,606857,700
139,606857,1552
124,606857,2860
112,606857,216
96,606857,3798
93,606857,1094
223,606857,590
108,606857,1020
235,606857,1344
76,606857,444
96,606881,1966
235,606881,278
81,606881,1044
191,606889,272
21,606889,2352
94,606889,420
93,606889,416
90,606889,760
255,606889,240
44,606900,808
223,606901,396
228,606901,744
47,606901,396
25,606904,210
66,606906,414
231,606908,1328
28,606908,482
66,606910,1706
95,606910,368
236,606910,674
94,606910,848
96,606910,2832
228,606910,1060
45,606910,2140
54,606910,654
41,606951,2338
62,606951,208
90,606960,542
42,606960,1852
76,606960,2886
123,606960,348
121,606976,2944
46,606976,506
0,606976,270
234,607000,756
106,607000,5076
8,607000,648
52,607000,748
98,607001,8404
234,607001,1292
117,607001,4212
106,607001,306
88,607001,11188
50,607003,1064
98,607003,846
117,607003,1800
88,607003,680
234,607004,752
106,607004,528
8,607004,428
248,607004,832
98,607008,2782
109,607008,360
105,607008,1640
88,607008,2736
188,607013,696
41,607013,882
62,607013,520
40,607020,198
27,607029,7792
80,607029,672
178,607029,762
55,607029,4392
142,607029,1188
8,607029,766
38,607029,1284
40,607029,656
220,607029,104
27,607030,8572
80,607030,4052
178,607030,408
3,607030,642
55,607030,9658
129,607030,1008
142,607030,590
111,607030,3506
8,607030,336
228,607030,624
38,607030,2100
56,607030,216
212,607030,200
27,607032,3286
55,607032,474
8,607032,1224
105,607032,632
27,607034,706
80,607034,410
178,607034,860
55,607034,250
27,607035,180
55,607035,3114
142,607035,800
8,607035,636
127,607035,600
27,607036,1192
80,607036,222
55,607036,1224
247,607036,636
232,607036,408
27,607037,30716
80,607037,628
55,607037,11232
8,607037,680
38,607037,23970
88,607037,3008
117,607042,96
55,607042,1034
27,607043,1104
117,607043,112
142,607043,1400
111,607043,300
92,607052,1020
49,607052,288
75,607052,1022
102,607052,590
101,607052,576
84,607053,428
19,607053,718
38,607053,1400
225,607055,828
232,607055,1878
25,607057,764
44,607057,366
136,607057,206
3,607057,528
25,607060,15694
43,607060,7146
121,607060,4990
0,607060,4984
84,607060,8894
130,607060,1912
38,607060,33134
214,607060,2180
21,607061,448
126,607061,414
43,607068,1642
163,607068,2454
130,607068,520
109,607070,234
24,607071,1032
43,607074,552
4,607074,846
214,607074,2296
21,607077,1102
119,607078,780
217,607078,370
98,607081,468
178,607081,1488
55,607081,1314
111,607081,978
98,607082,2398
27,607082,2096
80,607082,2540
117,607082,3510
55,607082,1640
129,607082,3566
142,607082,14766
111,607082,492
247,607082,2594
8,607082,1546
127,607082,5754
38,607082,14846
98,607092,476
117,607092,936
52,607092,1140
59,607104,234
25,607106,690
163,607106,660
84,607106,360
130,607106,900
56,607106,288
7,607116,852
59,607116,374
169,607116,784
56,607116,1092
126,607116,184
65,607116,576
42,607116,920
91,607116,5164
37,607116,684
89,607116,838
34,607125,956
146,607125,468
95,607125,1188
32,607125,1208
139,607125,752
124,607125,1364
223,607125,664
162,607125,1014
228,607125,492
235,607125,672
199,607125,684
122,607125,1212
81,607125,260
39,607139,3432
23,607139,3006
0,607139,4198
4,607139,624
12,607139,1770
72,607139,2700
126,607139,258
24,607139,720
65,607139,360
89,607139,3806
59,607140,1044
119,607140,1068
128,607140,384
126,607140,324
164,607147,1544
53,607147,476
98,607148,932
144,607148,680
109,607148,888
49,607160,532
160,607160,520
58,607165,392
134,607166,272
123,607166,1320
61,607171,580
147,607171,936
6,607175,2852
67,607175,1128
61,607175,3600
147,607175,1312
40,607175,1578
160,607175,1604
138,607180,270
49,607180,234
67,607185,2506
67,607187,616
9,607187,2540
61,607187,1254
72,607187,1800
115,607187,850
42,607208,1290
25,607211,1390
146,607225,1850
120,607225,776
19,607225,954
33,607228,340
25,607230,5138
66,607230,798
191,607230,844
146,607230,3396
186,607230,3612
120,607230,400
62,607230,960
32,607230,526
221,607230,782
222,607230,2622
19,607230,3788
229,607230,3242
228,607230,2506
108,607230,318
47,607230,8458
157,607230,1074
90,607230,1632
78,607230,1508
195,607230,806
6,607238,1218
145,607238,470
57,607238,250
140,607255,1470
94,607255,2400
98,607257,2942
117,607257,6066
88,607257,4228
52,607257,1006
27,607263,1836
3,607263,176
121,607263,1392
148,607263,252
163,607263,830
84,607263,3000
130,607263,344
12,607263,1612
24,607263,630
91,607263,1272
37,607263,404
21,607265,5072
32,607265,5834
236,607265,1088
68,607265,888
124,607265,956
96,607265,608
64,607265,820
228,607265,4910
108,607265,1676
159,607265,1062
122,607265,3184
25,607266,608
230,607266,452
23,607266,732
56,607266,432
43,607274,870
3,607274,598
130,607274,644
85,607275,360
5,607275,698
77,607275,1794
92,607275,3296
75,607275,480
42,607275,1442
218,607275,368
66,607283,756
41,607283,5024
62,607283,918
235,607283,2506
23,607307,3916
21,607307,4712
59,607307,460
68,607307,4060
169,607307,1250
119,607307,210
56,607307,580
97,607307,240
12,607307,5350
65,607307,1340
37,607307,680
232,607308,420
25,607322,2972
23,607322,1932
43,607322,264
26,607322,1932
3,607322,4050
0,607322,5506
148,607322,1572
138,607322,5266
232,607322,2878
56,607322,398
31,607322,1930
24,607322,4156
147,607322,2408
23,607328,450
21,607328,642
27,607331,210
17,607332,306
56,607332,744
90,607332,1740
67,607336,590
233,607339,840
39,607339,5150
23,607339,24092
7,607339,3056
21,607339,26164
67,607339,460
99,607339,1824
68,607339,15028
169,607339,4470
119,607339,2386
128,607339,2650
56,607339,580
97,607339,3412
12,607339,810
126,607339,980
75,607339,910
65,607339,2274
91,607339,2598
37,607339,5286
44,607344,1144
60,607344,312
189,607344,5950
62,607345,546
46,607345,1850
166,607345,2108
27,607352,384
55,607352,656
129,607352,704
142,607352,3984
127,607352,540
38,607352,1626
27,607353,4916
80,607353,1612
178,607353,1676
55,607353,7096
129,607353,686
142,607353,5540
111,607353,2398
8,607353,2436
127,607353,3852
105,607353,1600
38,607353,8190
26,607354,1416
56,607354,204
219,607356,286
23,607357,1446
26,607357,1032
7,607357,3776
21,607357,2068
216,607357,1874
169,607357,206
97,607357,352
126,607357,1018
25,607360,2530
70,607360,3652
86,607360,256
151,607360,1598
72,607360,22744
57,607360,282
236,607364,420
51,607364,468
229,607364,3682
157,607364,288
244,607368,352
64,607368,762
42,607368,480
60,607379,940
146,607380,3676
187,607384,496
44,607388,1440
146,607388,1028
70,607388,348
46,607388,1284
82,607388,244
44,607389,990
60,607389,356
189,607389,5708
22,607395,204
5,607398,784
23,607398,468
29,607398,806
71,607398,444
77,607398,2046
92,607398,196
49,607398,1104
134,607398,900
72,607398,442
115,607398,464
75,607398,180
218,607398,936
102,607398,1158
101,607398,182
76,607398,2526
10,607401,216
38,607401,756
141,607402,1224
169,607404,308
134,607404,204
72,607404,318
71,607405,1444
9,607405,708
25,607418,1362
23,607418,11496
26,607418,844
7,607418,7470
21,607418,18452
59,607418,966
99,607418,2444
216,607418,846
68,607418,4498
169,607418,256
128,607418,2252
258,607418,2020
97,607418,2538
37,607418,1512
76,607418,408
89,607418,432
145,607419,362
151,607419,236
146,607423,1008
94,607423,940
222,607426,360
102,607432,304
110,607446,230
74,607446,1266
74,607448,104
25,607455,814
10,607455,2864
2,607457,2160
22,607457,274
231,607457,1376
225,607457,570
226,607457,204
28,607457,4798
58,607479,406
57,607487,716
58,607487,782
145,607490,2444
61,607490,1150
134,607490,1188
75,607490,436
160,607490,844
123,607490,1076
202,607495,2400
160,607495,532
69,607504,1810
151,607504,3900
72,607504,2794
58,607504,200
77,607508,1388
92,607508,210
115,607508,198
76,607508,1278
123,607508,240
202,607520,238
186,607523,414
233,607537,240
71,607537,680
48,607545,460
34,607577,2810
191,607577,792
143,607577,1000
244,607577,1256
21,607577,8260
32,607577,1282
236,607577,298
51,607577,260
124,607577,1246
93,607577,7784
228,607577,752
155,607577,294
159,607577,566
123,607577,248
82,607577,332
230,607588,3094
10,607588,1002
92,607588,546
40,607588,2000
101,607588,272
6,607598,828
67,607598,944
131,607598,918
10,607598,1052
61,607598,1850
57,607598,394
160,607598,728
32,607606,608
223,607606,2366
155,607606,978
85,607612,1528
29,607612,2672
134,607612,3232
115,607612,280
90,607612,3168
102,607612,1176
76,607612,6278
123,607612,1428
141,607612,2844
107,607614,4938
191,607614,312
99,607614,352
29,607614,2986
49,607614,5008
115,607614,320
147,607614,532
102,607614,1182
76,607614,8070
123,607614,1800
141,607614,7082
220,607614,168
25,607615,1286
107,607615,14022
85,607615,1100
144,607615,1632
187,607615,1038
99,607615,1224
0,607615,1488
109,607615,200
77,607615,364
92,607615,4684
138,607615,3338
49,607615,496
134,607615,242
164,607615,216
90,607615,3542
40,607615,3640
42,607615,794
102,607615,2964
101,607615,2940
76,607615,4042
123,607615,1212
217,607615,312
220,607615,252
215,607615,344
107,607616,21886
68,607616,1678
169,607616,600
145,607616,562
77,607616,220
49,607616,896
134,607616,1092
72,607616,6480
90,607616,898
75,607616,1170
76,607616,6064
123,607616,1328
141,607616,2256
210,607616,624
220,607622,204
40,607625,720
67,607626,678
146,607634,576
132,607634,432
120,607634,396
32,607634,880
221,607634,848
236,607634,2484
229,607634,2922
45,607634,1386
123,607634,240
195,607634,336
66,607647,988
143,607647,540
120,607647,300
236,607647,3118
94,607647,480
229,607647,588
228,607647,384
47,607647,640
157,607647,400
90,607647,240
78,607647,5132
95,607648,320
112,607648,690
146,607649,1050
62,607649,680
195,607649,2894
231,607678,796
62,607680,1460
106,607680,760
235,607680,220
25,607699,1146
233,607699,2740
146,607699,562
132,607699,652
120,607699,1182
32,607699,622
222,607699,1354
229,607699,528
108,607699,516
125,607699,1380
108,607705,540
32,607706,300
222,607706,778
150,607706,928
72,607706,236
98,607749,240
117,607749,208
88,607749,944
52,607749,234
96,607750,414
64,607750,750
122,607750,540
146,607752,1594
62,607752,1230
46,607752,1412
19,607752,396
28,607755,1116
93,607758,230
255,607758,248
44,607782,564
44,607794,1030
94,607794,622
82,607794,390
211,607810,346
47,607810,1604
157,607810,1186
155,607810,1036
78,607810,4194
25,607811,5330
132,607811,854
60,607811,1014
47,607811,320
78,607811,438
82,607811,1924
23,607812,480
62,607812,396
236,607812,1320
51,607812,280
222,607812,352
22,607816,2008
232,607816,3402
28,607816,1098
33,607816,220
132,607817,634
199,607817,558
44,607821,400
70,607821,248
46,607821,528
140,607821,420
94,607821,1186
120,607832,600
112,607832,434
25,607833,832
221,607839,428
129,607839,448
47,607839,676
199,607839,4688
125,607839,612
195,607840,524
47,607841,628
27,607848,5598
55,607848,184
178,607854,600
55,607854,5750
129,607854,308
142,607854,3336
8,607854,1578
127,607854,3112
38,607854,2684
27,607855,8154
38,607855,434
106,607871,1606
88,607872,1402
117,607874,1600
121,607895,1186
38,607898,1272
23,607899,588
177,607899,726
21,607899,1056
148,607901,786
232,607901,612
47,607901,392
66,607906,464
98,607906,674
23,607906,9024
26,607906,964
21,607906,2520
59,607906,3556
169,607906,4024
0,607906,4360
148,607906,216
119,607906,592
128,607906,758
232,607906,3820
97,607906,816
12,607906,7576
65,607906,460
91,607906,1088
37,607906,7304
89,607906,1772
141,607906,1494
27,607914,1576
129,607914,230
111,607914,732
8,607914,420
178,607915,830
129,607915,396
142,607915,896
38,607915,702
80,607916,406
55,607916,720
142,607916,680
247,607916,506
111,607918,1068
238,607918,108
72,607920,200
138,607922,1462
9,607922,1428
72,607922,1428
90,607922,590
75,607922,312
233,607923,780
146,607923,776
32,607923,446
112,607923,440
131,607923,1408
19,607923,832
47,607923,2180
157,607923,1088
75,607923,532
78,607923,948
120,607927,728
93,607927,798
122,607927,362
233,607928,1020
3,607928,408
32,607928,2694
93,607928,1104
64,607928,552
150,607928,984
159,607928,988
42,607948,1208
218,607948,978
101,607948,1052
178,607958,2068
21,607958,1880
169,607958,168
148,607958,1850
128,607958,1470
17,607958,600
56,607958,468
31,607958,2240
91,607958,2182
89,607958,248
0,607960,3914
21,607961,2356
56,607961,1702
97,607961,924
126,607961,938
65,607961,1638
91,607961,2314
23,607964,844
178,607964,748
7,607964,1200
21,607964,3994
99,607964,2596
216,607964,388
169,607964,1432
128,607964,570
56,607964,524
12,607964,1696
126,607964,426
65,607964,1984
42,607964,880
91,607964,338
43,607965,1098
39,607969,1086
80,607975,978
0,607975,1410
148,607975,516
17,607975,1534
56,607975,140
25,607987,256
121,607987,304
0,607987,346
189,607987,872
34,607990,2680
23,607990,5320
43,607990,244
26,607990,348
4,607990,820
31,607990,942
106,608013,1984
5,608027,804
182,608032,418
189,608032,816
39,608041,264
25,608045,1312
26,608045,424
24,608045,3310
89,608045,3630
26,608046,368
128,608046,180
97,608046,390
65,608046,510
25,608057,2832
23,608057,1896
21,608057,1940
55,608057,2338
68,608057,5808
0,608057,1918
12,608057,1500
91,608057,732
85,608061,222
29,608061,324
77,608061,1206
92,608061,792
74,608061,732
75,608061,390
42,608061,944
102,608061,294
101,608061,210
123,608061,552
107,608064,1728
25,608079,626
10,608079,3236
29,608089,336
109,608089,1160
71,608089,1008
92,608089,810
56,608089,176
134,608089,1054
90,608089,1678
42,608089,444
91,608089,768
27,608102,1500
223,608116,300
71,608126,216
223,608126,694
188,608129,18164
25,608129,360
66,608129,2364
41,608129,8060
62,608129,8778
117,608129,462
66,608132,1100
41,608132,1148
62,608132,448
62,608137,728
235,608137,2984
47,608137,990
191,608141,350
27,608141,380
195,608141,2660
66,608142,240
191,608142,216
62,608142,1142
236,608142,4280
235,608142,664
71,608144,336
138,608145,1998
48,608145,1150
134,608150,216
233,608154,684
132,608154,1006
46,608154,360
51,608154,610
43,608158,310
26,608158,1552
84,608158,840
24,608158,2676
133,608158,286
39,608163,1404
3,608163,1120
3,608164,460
163,608164,702
147,608164,522
10,608176,3942
242,608176,200
9,608176,1388
40,608176,1744
186,608218,1480
71,608218,204
138,608218,1854
9,608218,960
74,608218,420
115,608218,8076
90,608218,4518
66,608222,1792
146,608222,2324
120,608222,984
236,608222,780
112,608222,504
96,608222,1248
235,608222,480
166,608224,1234
217,608226,64
59,608227,214
65,608227,342
8,608229,2944
105,608229,1954
88,608229,280
52,608229,5264
25,608230,1316
66,608230,2754
191,608230,2690
95,608230,230
62,608230,530
138,608230,400
108,608230,248
125,608230,2360
117,608231,576
8,608231,1654
120,608242,512
229,608242,256
120,608244,962
125,608244,374
44,608252,844
70,608252,528
94,608252,300
166,608252,1506
82,608252,830
218,608254,96
23,608256,1904
92,608256,180
49,608256,2380
90,608256,1604
75,608256,480
218,608256,2124
76,608256,920
217,608261,120
67,608264,1100
202,608264,490
10,608264,994
61,608264,2456
160,608264,476
62,608271,662
151,608271,756
46,608272,2348
92,608272,1140
138,608272,4440
49,608272,378
134,608272,286
42,608272,1776
102,608272,572
21,608273,2230
145,608273,428
77,608273,576
92,608273,1092
138,608273,4630
72,608273,1280
133,608273,1024
42,608273,220
218,608273,856
123,608273,1160
86,608275,296
44,608277,240
69,608277,552
185,608277,348
202,608278,372
9,608278,454
166,608279,314
5,608282,1512
109,608282,348
92,608282,1380
72,608282,1136
141,608282,2724
98,608289,10488
117,608289,4474
88,608289,12668
90,608289,1548
84,608297,198
72,608308,1902
57,608308,160
107,608309,8780
43,608309,504
29,608309,954
71,608309,2724
202,608309,2074
77,608309,210
10,608309,280
92,608309,408
138,608309,630
61,608309,4478
49,608309,1166
97,608309,200
72,608309,3416
75,608309,1344
42,608309,1430
101,608309,746
76,608309,15340
123,608309,2918
141,608309,26998
72,608311,342
75,608311,188
85,608312,660
0,608312,1046
29,608312,358
77,608312,674
92,608312,328
138,608312,644
61,608312,406
49,608312,4952
134,608312,1322
72,608312,6122
75,608312,3102
101,608312,438
76,608312,4082
123,608312,320
141,608312,1290
77,608321,1806
75,608321,210
77,608322,1976
101,608322,252
107,608324,1626
134,608324,176
218,608326,96
217,608331,80
107,608336,1712
145,608336,1170
72,608336,1010
218,608336,536
101,608338,1268
182,608339,684
147,608339,420
42,608340,228
218,608340,312
9,608341,796
40,608341,992
243,608341,288
6,608354,352
84,608354,320
61,608354,240
107,608356,772
5,608356,984
92,608356,486
75,608356,986
102,608356,1424
101,608356,1220
213,608359,120
71,608362,230
92,608362,558
101,608362,656
160,608362,660
123,608362,558
32,608367,1496
90,608367,240
71,608374,2308
9,608374,1074
110,608382,1020
109,608382,1002
187,608384,478
138,608384,712
211,608387,738
115,608387,648
86,608400,800
145,608400,672
72,608400,600
57,608400,402
22,608403,1072
46,608403,208
226,608403,304
28,608403,720
33,608403,336
202,608406,804
67,608413,2024
182,608413,856
84,608413,2342
10,608413,1328
147,608413,4052
25,608414,566
25,608415,424
66,608415,5060
80,608415,588
62,608415,1248
32,608415,2024
111,608415,2846
74,608415,1276
157,608415,216
125,608415,1098
195,608415,1402
61,608418,3456
96,608437,1060
0,608438,522
214,608438,3614
9,608441,520
116,608441,2112
25,608442,1946
43,608442,2038
121,608442,700
25,608444,614
38,608444,1796
133,608444,1704
68,608465,144
0,608465,420
4,608465,408
19,608465,612
51,608469,584
131,608469,342
95,608470,1678
120,608470,520
32,608470,792
51,608470,380
139,608470,558
112,608470,836
108,608470,704
107,608472,1302
85,608472,512
5,608472,5098
186,608472,2994
77,608472,596
92,608472,1314
49,608472,350
134,608472,1264
72,608472,1862
42,608472,266
101,608472,2540
76,608472,1782
141,608472,5898
120,608482,360
21,608482,1424
32,608482,252
51,608482,384
139,608482,394
162,608482,948
44,608485,938
140,608485,360
94,608485,246
166,608485,296
82,608485,488
25,608486,384
120,608486,540
236,608486,834
84,608486,852
228,608486,836
147,608486,406
199,608486,928
195,608486,338
146,608488,3098
120,608488,420
27,608488,1314
236,608488,176
222,608488,1560
235,608488,588
160,608488,240
39,608489,872
70,608489,2632
232,608489,2488
28,608489,3348
33,608489,700
9,608494,580
40,608495,464
67,608497,864
25,608498,2272
136,608498,3028
3,608498,2240
0,608498,2266
151,608498,2086
47,608504,1808
62,608510,1004
34,608518,1980
32,608518,1178
112,608518,304
150,608518,520
159,608518,1700
122,608518,396
81,608518,768
132,608521,1500
236,608521,1190
51,608521,216
64,608521,1604
150,608521,764
235,608521,2452
157,608521,230
159,608521,1020
37,608521,1328
122,608521,408
244,608523,340
122,608523,324
96,608524,360
122,608525,528
146,608527,1872
236,608527,1452
125,608527,2096
160,608527,360
25,608528,518
132,608528,990
80,608528,344
62,608528,3374
32,608528,948
145,608528,270
131,608528,888
45,608528,256
195,608528,858
95,608529,1110
51,608529,250
124,608529,1310
235,608529,3782
47,608529,636
236,608530,232
124,608530,384
150,608531,372
25,608532,1784
143,608532,1830
120,608532,294
27,608532,368
120,608534,640
235,608534,588
120,608535,1356
222,608535,210
25,608540,1000
143,608540,512
27,608540,204
94,608540,3028
96,608540,396
131,608540,916
228,608540,660
47,608540,1694
32,608542,1592
112,608542,880
19,608542,1220
236,608544,1716
236,608547,540
143,608550,208
120,608550,414
32,608550,768
112,608550,800
96,608550,264
61,608550,532
21,608552,5952
32,608552,14400
64,608552,258
228,608552,1040
235,608552,224
46,608571,526
195,608580,192
32,608581,640
139,608581,264
229,608581,324
9,608581,432
157,608581,440
124,608582,252
159,608582,336
25,608588,1560
66,608588,3222
34,608588,2804
21,608588,2064
32,608588,4588
236,608588,2630
124,608588,1800
112,608588,400
228,608588,3062
150,608588,352
235,608588,980
157,608588,832
155,608588,1516
159,608588,360
146,608589,818
120,608589,246
84,608589,540
60,608591,200
94,608591,216
166,608591,930
82,608591,478
108,608595,504
218,608595,456
60,608599,456
189,608599,1140
244,608608,622
96,608608,1352
131,608608,384
124,608632,234
123,608632,264
46,608633,836
25,608634,540
191,608634,360
146,608634,408
70,608634,972
32,608634,5402
140,608634,1106
94,608634,1242
96,608634,440
93,608634,3872
128,608634,364
108,608634,2016
45,608634,968
12,608634,3752
72,608634,384
90,608634,570
255,608634,2410
82,608634,504
54,608634,2420
28,608641,592
195,608642,272
233,608643,528
6,608643,256
125,608643,200
195,608643,354
191,608646,314
223,608646,520
157,608646,198
146,608656,550
120,608658,630
236,608658,576
139,608658,1080
124,608658,2868
96,608658,3180
93,608658,432
24,608658,240
255,608658,1428
159,608658,3208
25,608664,572
131,608664,300
236,608669,634
108,608669,2886
66,608689,304
27,608689,640
129,608689,564
66,608695,1632
32,608695,576
236,608695,972
222,608695,880
84,608695,902
228,608695,2278
232,608695,420
66,608706,1216
191,608706,2632
95,608706,852
27,608706,850
32,608706,13840
236,608706,1020
51,608706,256
139,608706,312
223,608706,652
228,608706,3694
150,608706,1438
235,608706,434
157,608706,2766
90,608706,1018
216,608707,300
101,608707,282
23,608708,1006
68,608708,898
119,608708,722
2,608714,2890
187,608715,224
48,608715,200
143,608720,390
169,608720,194
40,608720,390
112,608739,1112
43,608740,2198
26,608740,324
31,608740,936
21,608746,1794
32,608746,362
99,608746,2430
68,608746,948
169,608746,2028
56,608746,840
65,608746,1584
91,608746,510
51,608749,1376
68,608750,2508
4,608750,1008
17,608750,258
199,608750,948
98,608772,2814
27,608772,1396
187,608772,866
129,608772,780
142,608772,306
8,608772,240
90,608772,468
62,608781,410
55,608781,200
8,608781,756
234,608783,5732
106,608783,18198
8,608783,4034
88,608783,820
52,608783,512
53,608783,306
98,608785,2022
117,608785,2086
88,608785,2026
8,608788,288
234,608802,988
52,608802,3526
98,608803,1094
88,608803,252
0,608825,918
233,608828,472
51,608828,924
131,608828,684
47,608828,300
125,608828,560
2,608833,3922
22,608833,23620
35,608833,1396
33,608833,1162
146,608855,2730
95,608855,720
120,608855,588
32,608855,4314
51,608855,222
124,608855,2448
93,608855,1830
162,608855,1266
131,608855,4308
229,608855,1506
228,608855,504
61,608855,438
150,608855,246
235,608855,840
78,608855,1032
199,608855,402
159,608855,2298
122,608855,350
6,608873,472
10,608873,324
61,608873,4804
52,608879,840
188,608888,21166
41,608888,27040
50,608888,560
98,608888,3168
120,608888,616
62,608888,25016
117,608888,380
109,608888,6118
164,608888,736
235,608888,2286
47,608888,8928
90,608888,5190
48,608888,738
188,608890,1234
41,608890,1342
50,608890,966
62,608890,684
47,608890,1516
115,608890,1008
90,608890,2600
125,608890,1560
25,608920,4242
23,608920,23904
26,608920,552
7,608920,24184
21,608920,33990
59,608920,760
68,608920,27340
169,608920,300
4,608920,3526
148,608920,660
119,608920,1476
128,608920,780
9,608920,570
17,608920,246
38,608920,8112
61,608920,834
31,608920,5148
126,608920,358
24,608920,3312
91,608920,926
37,608920,4608
89,608920,5636
116,608920,10088
4,608921,652
26,608923,340
245,608923,510
43,608925,370
59,608925,416
84,608927,620
10,608927,504
99,608928,2854
126,608928,768
169,608929,320
56,608929,394
21,608931,5400
59,608931,264
68,608931,2238
169,608931,378
97,608931,312
12,608931,662
126,608931,216
37,608931,948
141,608931,2208
26,608932,252
21,608932,3728
68,608932,1232
65,608932,1386
155,608932,526
91,608932,1212
3,608936,560
4,608936,440
56,608936,1026
23,608937,5708
7,608937,3004
21,608937,38434
59,608937,846
68,608937,3406
169,608937,3162
142,608937,1092
119,608937,916
126,608937,750
65,608937,1376
91,608937,1632
37,608937,252
76,608937,852
23,608938,10226
27,608938,330
7,608938,6270
21,608938,33172
59,608938,392
216,608938,1380
68,608938,13498
169,608938,2662
93,608938,832
258,608938,896
65,608938,3948
37,608938,546
23,608939,10028
43,608939,824
7,608939,2134
21,608939,11916
216,608939,1302
68,608939,9514
169,608939,562
0,608939,2578
128,608939,2424
56,608939,240
97,608939,1414
91,608939,304
37,608939,1440
23,608942,5106
21,608942,3918
59,608942,714
68,608942,4108
169,608942,700
119,608942,582
128,608942,494
26,608943,570
19,608944,430
26,608946,1228
130,608946,1100
56,608946,324
91,608946,1456
26,608947,1740
130,608947,208
56,608947,2168
214,608947,640
125,608947,1036
23,608948,1008
21,608948,1206
62,608949,1484
4,608949,550
169,608950,792
128,608950,268
126,608950,306
24,608950,1120
232,608953,432
116,608953,900
3,608954,1810
0,608954,1520
38,608954,2772
39,608958,256
232,608958,272
131,608977,520
77,608977,352
228,608977,874
122,608977,288
96,608978,952
122,608978,680
55,608983,458
258,608985,668
76,608985,390
25,608986,720
26,608986,312
216,608986,610
169,608986,936
0,608986,2616
4,608986,776
119,608986,2342
12,608986,348
24,608986,3082
91,608986,264
23,608987,20822
7,608987,3042
0,608987,4138
12,608987,11248
59,608989,590
84,608989,262
130,608989,890
12,608989,1500
91,608990,456
25,608991,3738
121,608991,3206
0,608991,9760
38,608991,1878
25,608992,1536
136,608992,628
0,608992,1848
25,608993,2790
34,608993,2880
146,608993,1740
26,608993,804
120,608993,8032
216,608993,794
0,608993,13052
4,608993,1624
163,608993,592
84,608993,872
56,608993,966
61,608993,420
31,608993,8296
24,608993,5026
91,608993,1764
89,608993,1420
67,608994,614
34,608996,1996
23,608996,4332
68,608996,640
169,608996,1196
24,608996,2200
0,608999,1268
130,608999,720
43,609000,1920
3,609000,1350
62,609000,1686
130,609000,922
217,609002,336
144,609003,288
110,609003,256
109,609003,200
53,609003,400
109,609005,240
110,609006,330
48,609006,108
117,609009,1480
110,609009,3136
109,609009,3750
164,609009,4750
115,609009,1952
48,609009,2288
74,609011,868
115,609011,804
186,609012,750
71,609012,538
138,609012,420
74,609012,338
109,609013,300
164,609013,594
90,609013,704
50,609015,220
144,609015,256
164,609015,702
90,609015,380
164,609016,920
211,609017,650
138,609017,1600
9,609017,1344
74,609017,1814
90,609017,784
109,609019,4034
98,609020,1100
117,609020,720
109,609020,828
48,609020,740
50,609024,980
98,609024,3384
144,609024,2598
117,609024,224
110,609024,2936
211,609024,1140
164,609024,3386
72,609024,448
90,609024,13462
48,609024,10078
27,609028,168
80,609028,368
55,609029,430
142,609029,216
163,609029,480
111,609029,972
50,609030,112
234,609031,792
27,609031,5360
106,609031,11180
142,609031,240
8,609031,3786
52,609031,2670
55,609032,88
55,609033,304
27,609034,396
55,609034,710
142,609034,914
27,609035,180
142,609035,540
247,609035,580
50,609037,160
117,609037,204
142,609037,210
213,609037,216
236,609040,650
84,609040,962
157,609040,748
95,609044,330
112,609044,562
108,609044,312
54,609044,692
232,609045,228
28,609045,286
25,609046,986
34,609046,2480
191,609046,394
95,609046,2186
132,609046,648
21,609046,6828
32,609046,1392
139,609046,1162
124,609046,3290
96,609046,702
93,609046,504
228,609046,4820
115,609046,384
159,609046,720
233,609047,702
132,609047,486
32,609047,800
96,609047,444
90,609047,266
19,609051,256
86,609054,300
213,609061,240
213,609062,140
212,609063,284
213,609063,358
85,609064,1122
49,609064,668
102,609064,2510
141,609064,1872
58,609065,198
92,609069,96
49,609069,2016
115,609069,3390
218,609069,1834
226,609070,3076
28,609070,340
217,609071,270
1,609074,204
218,609075,822
102,609075,184
10,609084,640
134,609087,230
107,609089,3742
236,609089,594
77,609089,572
10,609089,614
49,609089,2594
76,609089,2328
107,609091,936
92,609091,340
75,609091,864
102,609091,540
76,609091,804
102,609096,308
145,609104,220
90,609104,472
85,609106,1336
75,609107,468
102,609107,248
101,609107,364
217,609112,102
25,609114,628
38,609114,1480
76,609115,324
169,609120,1202
89,609120,876
29,609126,1040
57,609126,432
219,609129,224
40,609130,312
5,609132,426
49,609132,238
42,609132,2546
215,609134,506
218,609135,608
58,609136,1118
186,609148,756
211,609148,204
71,609148,226
10,609148,718
90,609148,414
144,609151,1602
90,609151,908
25,609169,3736
96,609169,456
235,609169,280
199,609169,1148
125,609169,610
55,609173,240
38,609173,256
27,609174,2208
80,609174,2050
55,609174,8914
129,609174,2886
111,609174,2000
8,609174,1268
127,609174,1338
238,609174,120
27,609175,1566
80,609175,2066
55,609175,1152
142,609175,162
8,609175,1140
217,609175,136
212,609175,170
228,609182,1350
23,609194,946
7,609194,416
99,609194,764
68,609194,432
139,609194,1034
205,609194,428
97,609194,384
43,609195,440
121,609195,324
236,609195,504
112,609195,1116
163,609195,416
205,609195,448
130,609195,192
38,609195,828
214,609195,708
160,609195,240
23,609196,3902
7,609196,738
21,609196,3886
59,609196,468
99,609196,280
169,609196,336
124,609196,440
128,609196,1180
97,609196,1520
12,609196,3294
72,609196,882
126,609196,768
65,609196,396
159,609196,568
91,609196,808
37,609196,2150
217,609196,516
219,609196,534
43,609197,3956
3,609197,2678
121,609197,380
4,609197,1640
148,609197,532
163,609197,4204
84,609197,1936
38,609197,2342
157,609197,664
31,609197,786
24,609197,1782
214,609197,1558
125,609197,420
160,609197,352
219,609197,892
0,609199,744
34,609200,4162
23,609200,648
120,609200,792
21,609200,3782
32,609200,9566
124,609200,1196
93,609200,5716
162,609200,1692
64,609200,2394
228,609200,636
150,609200,398
235,609200,1592
47,609200,2968
155,609200,1152
40,609200,690
159,609200,1142
122,609200,8880
81,609200,3768
212,609207,60
66,609215,380
112,609215,210
45,609215,250
47,609215,192
90,609215,640
199,609215,618
25,609216,690
233,609216,1028
95,609216,240
51,609216,1456
139,609216,680
162,609216,804
228,609216,1296
235,609216,874
81,609216,1166
70,609219,1428
46,609219,1048
166,609219,580
32,609223,1036
51,609223,738
150,609223,396
186,609225,364
107,609230,1476
107,609231,2186
74,609231,756
147,609247,2120
98,609253,624
106,609253,2278
8,609253,2892
248,609253,280
50,609254,460
98,609254,588
117,609254,1386
88,609254,2376
248,609255,330
88,609257,704
21,609258,488
29,609258,352
71,609258,324
92,609258,1802
9,609258,464
49,609258,864
90,609258,2176
102,609258,922
107,609268,5744
29,609268,338
71,609268,1288
77,609268,528
92,609268,1134
49,609268,5834
134,609268,5356
90,609268,1008
37,609268,480
102,609268,1504
101,609268,384
76,609268,9866
123,609268,3700
141,609268,3280
178,609270,1650
106,609270,2080
109,609270,1772
8,609270,4018
105,609270,5054
52,609270,49470
98,609272,1508
234,609272,1350
117,609272,900
178,609273,608
187,609273,4960
110,609273,7978
109,609273,808
48,609273,3184
50,609274,912
88,609274,5556
106,609275,384
98,609276,968
88,609276,180
50,609280,320
98,609280,240
117,609280,360
38,609280,2216
88,609280,2874
52,609280,752
129,609281,420
32,609288,792
46,609288,216
109,609288,684
162,609288,952
25,609290,920
45,609290,1218
157,609290,448
95,609291,456
132,609291,524
32,609291,420
51,609291,1066
222,609291,338
162,609291,1398
228,609291,588
90,609291,552
78,609291,1884
26,609292,482
120,609292,4868
84,609292,1510
19,609292,258
47,609292,550
70,609293,392
32,609295,1160
78,609295,584
39,609323,2388
225,609323,1300
28,609323,424
33,609323,668
44,609339,930
55,609341,692
96,609341,200
23,609345,3130
21,609345,3276
59,609345,504
169,609345,198
24,609345,200
89,609345,242
121,609348,1386
119,609348,252
163,609348,874
130,609348,1096
61,609353,446
233,609358,1356
62,609358,1974
95,609360,800
124,609360,274
25,609376,4442
43,609376,2596
121,609376,800
20,609376,568
4,609376,1750
84,609376,1106
214,609376,1050
21,609381,1614
128,609381,528
10,609384,556
147,609384,548
40,609384,1716
29,609385,858
77,609385,704
92,609385,322
147,609386,1564
110,609388,1030
71,609388,1108
202,609388,2730
10,609388,2060
9,609388,716
61,609388,1312
147,609388,3378
40,609390,856
10,609392,330
9,609392,4372
57,609392,1500
216,609393,210
29,609393,562
72,609402,1356
246,609403,144
25,609412,1352
61,609412,1250
146,609413,570
74,609425,196
146,609451,748
64,609451,576
143,609452,768
95,609452,320
150,609452,164
47,609452,848
44,609455,210
46,609455,712
82,609455,348
186,609458,528
32,609458,926
46,609458,610
211,609458,264
111,609458,2738
138,609458,460
45,609458,592
125,609458,276
195,609458,496
188,609460,506
62,609460,1044
62,609464,256
25,609470,2214
66,609470,6134
191,609470,1934
96,609470,1172
115,609470,1184
125,609470,2532
74,609491,656
42,609491,384
141,609491,870
109,609493,280
10,609493,992
143,609500,540
221,609500,674
236,609501,976
155,609501,756
46,609502,502
66,609503,264
21,609504,324
162,609506,336
159,609506,324
112,609507,332
235,609507,550
159,609507,278
5,609511,976
44,609513,1094
185,609513,248
245,609514,266
85,609515,542
21,609515,750
92,609515,1132
134,609515,604
126,609516,646
218,609516,380
102,609516,1434
76,609516,1134
141,609516,3372
6,609518,1060
40,609518,816
25,609519,772
211,609521,360
42,609521,328
101,609521,660
145,609523,256
85,609524,744
244,609524,1360
72,609524,476
42,609524,756
141,609524,1090
145,609527,1400
109,609533,702
186,609534,594
110,609534,544
1,609537,3142
58,609537,1080
62,609539,270
191,609540,312
23,609540,440
244,609540,866
21,609540,1752
140,609540,216
236,609540,720
96,609540,524
162,609540,552
155,609540,360
55,609543,1464
247,609544,1084
8,609545,1202
80,609546,762
27,609548,488
55,609548,270
111,609548,1104
109,609548,372
117,609549,776
55,609549,624
142,609549,636
111,609549,780
8,609549,1404
127,609549,956
38,609549,540
55,609550,1064
178,609551,500
38,609551,1340
25,609555,3156
26,609555,752
121,609555,3570
221,609555,1052
0,609555,322
4,609555,3342
31,609555,6238
121,609556,1528
32,609556,1720
59,609556,1746
4,609556,1562
97,609556,960
89,609556,1022
217,609556,324
219,609556,470
215,609556,580
80,609559,736
21,609559,932
232,609559,440
61,609559,1122
25,609560,2352
70,609560,1650
20,609560,3064
38,609560,2302
233,609562,486
244,609563,240
112,609564,378
47,609564,600
157,609565,352
44,609567,936
70,609567,742
46,609567,296
94,609567,2278
46,609568,430
143,609569,2964
120,609569,4888
19,609570,6828
25,609571,576
120,609571,812
19,609571,992
45,609572,250
157,609572,830
5,609573,252
191,609576,200
32,609576,768
228,609576,372
244,609577,698
157,609577,338
23,609585,1350
21,609585,716
169,609585,1400
17,609585,616
56,609585,926
97,609585,384
65,609585,392
155,609585,238
76,609585,626
39,609589,2388
22,609589,738
225,609589,342
232,609589,244
224,609589,1330
26,609590,718
169,609590,252
128,609590,200
37,609590,1376
89,609590,216
7,609592,972
169,609592,1176
126,609592,326
122,609592,1876
43,609593,328
24,609593,1272
89,609593,306
25,609594,256
84,609594,1120
43,609595,882
26,609595,1248
3,609595,1144
121,609595,424
23,609596,1776
21,609596,584
68,609596,2200
128,609596,768
91,609596,216
3,609597,312
38,609597,288
5,609599,326
23,609599,3674
26,609599,590
7,609599,5632
21,609599,18464
119,609599,456
128,609599,420
17,609599,1440
97,609599,278
12,609599,3560
90,609599,316
126,609599,982
62,609600,560
4,609600,1944
0,609603,1280
56,609603,242
4,609604,3492
232,609604,594
25,609605,4100
7,609605,700
21,609605,246
214,609605,244
26,609606,480
7,609606,1096
55,609606,616
216,609606,1650
145,609606,1020
232,609606,3936
56,609606,718
24,609606,392
147,609606,264
23,609609,2736
20,609609,720
216,609609,1176
169,609609,470
20,609614,238
126,609614,360
17,609615,2668
97,609615,400
27,609618,1662
8,609618,480
238,609618,120
38,609619,1200
25,609620,984
26,609621,312
27,609621,280
4,609621,332
84,609621,1044
120,609622,1488
59,609622,204
97,609622,680
65,609622,304
7,609627,2886
21,609627,8100
99,609627,516
68,609627,2318
37,609627,400
89,609627,1468
25,609628,1860
7,609628,5544
21,609628,16902
216,609628,518
169,609628,478
17,609628,224
126,609628,638
24,609628,236
37,609628,714
244,609630,602
112,609630,676
131,609630,454
191,609631,844
244,609631,1414
112,609631,958
115,609631,410
122,609631,1382
25,609632,384
191,609632,720
244,609632,240
120,609633,1124
32,609634,462
108,609635,898
155,609635,914
62,609640,1028
134,609641,184
107,609642,4138
23,609642,8304
7,609642,1836
21,609642,14018
169,609642,336
0,609642,4138
128,609642,696
97,609642,484
126,609642,874
37,609642,758
234,609643,336
106,609643,6526
8,609643,2680
106,609644,1342
106,609646,2586
117,609647,780
88,609647,624
8,609649,1088
88,609651,240
52,609651,1152
234,609652,640
106,609652,342
248,609652,624
55,609653,868
142,609653,466
234,609654,864
106,609654,576
8,609654,756
50,609656,4380
117,609656,480
234,609658,250
27,609658,3786
106,609658,1236
8,609658,1328
27,609659,1036
80,609659,1894
55,609659,3288
142,609659,2994
4,609663,3986
23,609666,14752
7,609666,2120
21,609666,12400
68,609666,6784
232,609666,2050
17,609666,670
3,609668,1206
0,609668,600
4,609668,1348
56,609668,922
23,609670,3990
21,609670,2248
128,609670,540
3,609671,536
59,609671,614
216,609671,1438
12,609671,2552
89,609671,594
23,609672,450
43,609672,1800
21,609672,3578
59,609672,1824
232,609672,1030
97,609672,570
47,609672,2578
42,609672,680
25,609673,1786
0,609673,1608
27,609674,1676
21,609674,1924
97,609674,830
37,609674,2016
25,609675,3546
3,609675,240
0,609675,804
20,609676,396
68,609676,2732
169,609676,476
27,609677,730
20,609677,402
98,609680,1104
88,609680,240
234,609681,894
27,609681,2704
80,609681,700
55,609681,15386
129,609681,2346
142,609681,984
111,609681,1752
247,609681,270
8,609681,344
127,609681,216
38,609681,1344
32,609693,256
229,609693,5084
47,609693,690
157,609693,400
78,609693,740
25,609702,800
66,609702,1304
146,609702,2242
120,609702,2176
32,609702,3102
46,609702,950
221,609702,792
236,609702,816
93,609702,312
19,609702,894
229,609702,3496
64,609702,440
228,609702,1712
45,609702,2286
47,609702,1110
157,609702,2754
78,609702,2856
125,609702,1012
122,609702,3952
34,609704,360
32,609705,294
244,609706,516
229,609706,364
157,609706,248
25,609707,846
66,609707,756
146,609707,462
186,609707,238
120,609707,1228
32,609707,2082
140,609707,312
221,609707,500
45,609707,336
235,609707,730
47,609707,1286
122,609707,426
39,609717,1248
39,609730,680
26,609730,192
17,609730,668
66,609731,7564
62,609731,2320
32,609731,5340
236,609731,5540
223,609731,294
162,609731,248
47,609731,4082
157,609731,252
90,609731,940
125,609731,436
81,609731,220
120,609736,1112
71,609736,288
47,609736,504
25,609737,13768
146,609737,432
43,609737,4480
3,609737,4330
121,609737,250
20,609737,7856
0,609737,4824
84,609737,336
130,609737,1254
9,609737,2124
38,609737,2930
31,609737,2064
24,609737,5444
214,609737,200
37,609737,2332
57,609759,344
90,609768,370
102,609768,580
76,609768,540
32,609769,5784
93,609769,680
47,609769,352
235,609770,600
255,609770,416
235,609771,368
70,609773,3552
62,609773,676
46,609773,1154
236,609775,312
45,609775,412
78,609775,322
120,609777,232
51,609777,694
228,609777,796
235,609777,740
146,609778,1082
143,609778,690
236,609778,342
228,609778,230
47,609778,876
244,609779,712
32,609779,1296
112,609779,180
122,609779,934
54,609779,1458
146,609780,2252
46,609780,996
51,609780,1284
112,609780,932
155,609780,1130
122,609780,492
120,609781,480
32,609781,544
236,609781,982
222,609781,978
229,609781,996
228,609781,432
159,609781,212
228,609782,3448
5,609783,242
124,609783,396
228,609783,2370
159,609783,978
45,609785,368
120,609786,282
157,609786,1198
146,609787,756
120,609787,406
45,609787,964
47,609787,352
233,609788,192
32,609788,4474
236,609788,492
124,609788,256
112,609788,1420
93,609788,240
157,609788,248
122,609788,636
23,609789,3296
236,609789,4906
124,609789,4838
112,609789,1264
96,609789,510
222,609789,320
162,609789,454
235,609789,444
122,609789,1576
54,609789,1334
146,609790,852
143,609790,228
95,609790,1012
132,609790,336
120,609790,346
62,609790,306
140,609792,234
112,609792,742
162,609792,1584
131,609792,1512
19,609792,944
45,609792,964
195,609792,3440
143,609793,2474
32,609793,992
112,609793,384
47,609793,2406
157,609793,670
78,609793,266
51,609795,1128
112,609795,326
199,609795,216
51,609796,314
112,609796,424
186,609798,372
47,609799,312
195,609799,984
32,609800,548
221,609800,1334
228,609800,280
45,609800,894
150,609800,312
47,609800,910
78,609800,236
125,609800,3314
191,609801,794
143,609801,602
62,609801,464
19,609801,4506
228,609801,428
47,609801,4144
125,609801,388
41,609805,432
235,609805,900
188,609806,988
41,609806,680
62,609806,112
106,609807,6564
235,609807,8560
62,609808,4922
106,609808,1998
8,609808,570
235,609808,692
62,609809,7318
8,609809,256
235,609809,7832
188,609810,1496
62,609810,264
120,609812,444
233,609815,1152
120,609815,2770
47,609815,224
145,609816,256
58,609816,446
8,609818,888
105,609818,570
52,609818,1476
120,609820,1764
222,609820,496
45,609820,1774
162,609821,246
64,609821,378
8,609823,2776
105,609823,1526
52,609823,3242
34,609843,772
120,609843,660
32,609843,876
64,609843,722
108,609843,2704
150,609843,856
159,609843,1198
122,609843,740
25,609844,240
233,609844,1324
120,609844,1718
32,609844,200
236,609844,1616
124,609844,506
93,609844,288
64,609844,576
150,609844,252
155,609844,966
159,609844,564
139,609846,2130
131,609846,2172
72,609846,252
131,609847,270
157,609847,536
32,609848,238
236,609848,588
32,609851,688
95,609855,208
95,609856,216
132,609857,336
120,609857,698
21,609857,984
46,609857,780
236,609857,504
228,609857,1370
108,609857,412
235,609857,462
78,609857,1100
199,609857,638
146,609858,228
112,609858,2068
199,609858,2112
125,609859,396
66,609860,304
233,609864,3132
222,609864,456
130,609864,620
47,609864,210
195,609864,320
95,609868,2464
32,609868,2120
55,609868,510
222,609868,300
47,609868,1006
233,609900,342
221,609902,720
139,609903,960
162,609903,770
229,609903,608
90,609903,380
78,609903,1936
159,609903,320
45,609905,2194
47,609905,286
233,609906,850
62,609906,650
147,609906,448
78,609906,224
25,609909,392
236,609909,636
150,609909,728
122,609909,1420
47,609910,1704
125,609910,1728
95,609911,256
94,609911,714
124,609911,270
112,609911,264
92,609911,440
228,609911,692
159,609911,320
122,609911,572
236,609912,416
143,609913,1056
32,609913,3544
46,609913,200
112,609913,216
222,609913,1140
93,609913,1614
229,609913,1136
122,609913,1824
195,609913,2424
233,609914,3288
32,609914,2714
112,609914,2280
228,609914,656
150,609914,306
125,609914,900
146,609917,448
112,609917,1872
51,609918,364
66,609919,540
64,609919,1196
108,609919,420
233,609921,274
120,609921,1064
112,609921,576
64,609921,1568
25,609924,1428
138,609926,672
40,609926,340
236,609941,2210
112,609941,552
108,609941,1552
45,609941,234
125,609941,1340
110,609952,1518
110,609954,1790
109,609954,336
164,609954,252
90,609954,3832
125,609954,1996
144,609955,192
186,609955,808
110,609955,320
109,609955,638
48,609955,240
109,609978,448
109,609980,108
74,609980,300
71,609982,364
138,609989,1100
217,609989,90
219,609989,132
138,609990,464
217,609990,96
219,609990,130
191,610005,288
146,610005,2076
46,610005,1088
124,610005,414
162,610005,494
131,610005,1000
228,610005,636
253,610005,722
155,610005,1060
146,610006,248
112,610006,1524
222,610006,684
45,610006,732
29,610015,684
72,610016,1648
115,610016,210
217,610016,522
5,610017,112
76,610017,2472
58,610020,496
72,610022,674
219,610022,208
1,610024,790
145,610024,288
25,610025,276
46,610025,512
58,610025,296
178,610027,384
55,610028,494
105,610031,192
142,610033,656
234,610041,332
105,610041,1310
85,610043,550
77,610043,300
134,610043,770
89,610043,506
9,610077,536
74,610077,870
71,610080,374
9,610080,2632
109,610081,638
90,610081,612
110,610082,110
48,610082,336
187,610087,340
186,610099,234
71,610099,312
241,610099,594
138,610099,6816
9,610099,1392
74,610099,724
49,610099,952
115,610099,210
90,610099,3910
74,610100,130
90,610100,426
50,610103,1520
144,610103,468
110,610103,576
109,610103,1132
164,610103,1048
90,610103,400
32,610105,1614
51,610105,200
112,610105,420
228,610105,1916
159,610105,624
122,610105,694
157,610106,696
132,610107,648
25,610111,1046
143,610111,1234
95,610111,756
32,610111,2856
46,610111,546
221,610111,220
236,610111,356
64,610111,330
235,610111,492
75,610111,376
159,610111,1334
122,610111,2328
162,610112,806
228,610112,336
195,610112,476
32,610113,756
131,610113,270
139,610114,592
131,610114,348
120,610115,900
51,610115,4594
112,610115,944
162,610115,1870
108,610115,682
81,610115,898
162,610116,334
228,610116,996
108,610116,1476
45,610116,1184
150,610116,300
82,610116,200
25,610117,840
32,610117,1038
46,610117,646
51,610117,240
139,610117,222
162,610117,260
228,610117,1010
255,610117,240
81,610117,1094
146,610118,1016
32,610118,784
124,610118,1750
112,610118,1160
222,610118,992
131,610118,526
108,610118,2622
235,610118,506
228,610120,1236
45,610120,364
47,610120,1550
146,610121,612
228,610121,1014
150,610121,264
25,610124,954
244,610124,944
96,610124,1422
34,610125,2582
120,610125,1124
21,610125,6264
32,610125,2592
236,610125,1056
150,610125,546
235,610125,276
155,610125,192
122,610125,2500
25,610127,664
34,610127,1272
244,610127,448
32,610127,1406
51,610127,1836
139,610127,4530
124,610127,466
93,610127,1512
223,610127,992
131,610127,1866
64,610127,2408
228,610127,1056
108,610127,1258
74,610127,360
164,610127,800
235,610127,1920
157,610127,1320
159,610127,756
122,610127,1644
233,610128,1158
244,610128,872
32,610128,2242
46,610128,634
68,610128,844
51,610128,1702
139,610128,768
112,610128,940
96,610128,552
93,610128,1134
162,610128,1944
64,610128,1304
45,610128,1036
78,610128,636
159,610128,240
122,610128,866
25,610129,1792
41,610129,1056
34,610129,856
46,610129,588
140,610129,248
236,610129,428
51,610129,1038
139,610129,1128
124,610129,1336
110,610129,548
162,610129,734
228,610129,708
74,610129,280
150,610129,980
157,610129,956
72,610129,852
90,610129,1256
255,610129,308
159,610129,1264
81,610129,1626
23,610130,492
32,610130,6748
46,610130,406
236,610130,596
51,610130,1038
96,610130,6508
228,610130,5036
150,610130,642
159,610130,1876
122,610130,270
76,610130,2328
54,610130,1410
81,610130,1954
44,610131,2722
166,610131,3576
44,610132,2474
82,610132,848
23,610135,956
26,610135,2760
120,610135,1540
7,610135,332
121,610135,312
21,610135,3202
20,610135,462
216,610135,1038
221,610135,700
169,610135,348
0,610135,2660
4,610135,640
119,610135,240
84,610135,3140
128,610135,180
12,610135,2320
31,610135,1920
126,610135,308
24,610135,2448
37,610135,2184
89,610135,450
120,610148,432
26,610149,440
20,610149,200
216,610149,768
163,610149,1750
71,610149,1536
47,610149,276
91,610149,730
89,610149,276
232,610150,992
228,610151,632
139,610155,1442
43,610156,2478
84,610156,370
130,610156,316
24,610156,1192
160,610156,1882
217,610156,132
219,610156,80
23,610157,4062
43,610157,3078
26,610157,888
3,610157,1252
216,610157,476
68,610157,5796
0,610157,2158
4,610157,4110
163,610157,1298
84,610157,280
71,610157,1122
128,610157,4054
130,610157,3192
232,610157,100
38,610157,4644
72,610157,462
31,610157,972
91,610157,1900
37,610157,4452
89,610157,1082
225,610161,1334
232,610161,5488
224,610161,446
33,610161,1384
26,610165,564
4,610165,6164
163,610165,6464
31,610165,3438
25,610166,2600
23,610166,12158
7,610166,534
21,610166,19498
99,610166,1784
216,610166,712
68,610166,4556
169,610166,408
119,610166,372
56,610166,100
65,610166,348
217,610166,648
115,610168,1344
25,610170,1238
26,610170,3730
120,610170,1032
0,610170,1484
4,610170,1800
148,610170,4782
84,610170,1096
142,610171,264
56,610171,284
37,610171,706
243,610171,360
169,610172,1472
128,610172,576
228,610172,1680
9,610172,800
56,610172,406
126,610172,1166
91,610172,2280
37,610172,308
217,610172,476
25,610174,758
34,610174,3304
23,610174,4282
132,610174,372
26,610174,266
21,610174,7632
216,610174,1094
119,610174,626
163,610174,1592
128,610174,340
130,610174,220
38,610174,3306
56,610174,416
97,610174,1458
12,610174,1628
31,610174,706
214,610174,946
91,610174,4582
89,610174,1452
116,610174,608
26,610178,712
40,610178,1808
0,610179,108
40,610179,900
169,610184,784
148,610184,2434
12,610184,2718
146,610185,234
46,610185,740
94,610185,1856
166,610185,806
25,610187,2118
120,610187,610
32,610187,1832
236,610187,3972
124,610187,696
93,610187,1648
162,610187,848
228,610187,9100
150,610187,394
235,610187,840
159,610187,2238
32,610188,3404
139,610188,486
93,610188,572
150,610188,240
132,610191,726
120,610191,236
146,610192,1028
189,610192,1840
19,610192,3860
229,610192,3208
146,610193,2346
60,610193,440
62,610193,516
189,610193,482
19,610193,3860
229,610193,734
84,610194,924
19,610194,3936
199,610194,708
236,610195,4022
228,610195,1244
159,610195,450
122,610195,270
32,610196,1014
235,610196,276
122,610196,3998
146,610198,402
132,610198,568
51,610198,708
139,610198,616
32,610199,932
155,610199,228
21,610201,648
59,610201,326
68,610201,684
12,610201,2342
91,610201,204
29,610202,216
115,610204,216
90,610204,508
29,610205,264
71,610205,224
71,610206,176
90,610206,272
234,610207,2784
187,610207,13506
110,610207,6682
109,610207,2564
48,610207,9964
53,610207,1296
9,610208,208
182,610210,272
61,610212,206
75,610213,324
42,610213,864
101,610213,336
186,610214,180
42,610214,828
101,610214,338
40,610215,1154
102,610215,190
123,610215,312
25,610216,4172
72,610216,2264
58,610216,1008
55,610217,962
145,610217,578
9,610217,604
61,610217,1428
57,610217,1048
160,610217,220
106,610218,360
110,610218,2396
48,610218,2736
2,610219,520
22,610219,1396
6,610221,260
29,610221,556
72,610221,384
67,610223,120
84,610223,2146
182,610224,674
84,610224,1572
250,610227,282
107,610228,6066
5,610228,8066
77,610228,252
92,610228,488
74,610228,200
49,610228,270
72,610228,4496
115,610228,1542
90,610228,760
42,610228,2100
76,610228,6682
123,610228,616
141,610228,6906
90,610229,450
42,610229,786
102,610229,504
217,610229,110
76,610230,228
210,610231,120
140,610238,982
58,610238,288
42,610240,340
67,610247,198
71,610247,374
77,610247,182
74,610247,552
72,610247,216
218,610247,420
102,610247,632
101,610247,230
29,610248,324
123,610248,676
67,610249,462
242,610249,3110
147,610249,406
77,610250,1240
218,610250,1160
76,610250,688
40,610252,420
220,610252,1044
25,610254,10578
62,610254,1014
1,610254,6828
58,610254,3142
23,610258,5108
7,610258,1706
21,610258,3456
68,610258,4594
124,610258,468
128,610258,1186
97,610258,2306
126,610258,1234
65,610258,266
61,610259,200
218,610259,414
106,610265,342
110,610265,3418
109,610265,432
48,610265,2034
29,610266,502
75,610266,294
9,610267,486
104,610269,868
29,610269,208
75,610270,796
101,610270,208
85,610271,372
71,610271,248
101,610271,294
217,610281,184
49,610285,1174
85,610287,204
92,610287,1610
49,610287,1300
75,610287,424
218,610287,2824
102,610287,788
123,610287,724
217,610287,628
85,610288,616
5,610288,192
169,610288,220
77,610288,1088
138,610288,966
134,610288,2356
75,610288,1314
218,610288,3082
101,610288,1972
76,610288,2530
217,610288,312
213,610288,482
92,610291,420
101,610291,474
145,610295,208
76,610295,360
160,610295,342
25,610298,3094
92,610301,726
212,610301,476
213,610301,528
25,610302,7600
27,610311,1406
178,610311,732
55,610311,1520
142,610311,992
38,610311,1136
27,610313,240
55,610313,456
187,610313,1044
111,610313,540
155,610313,612
52,610313,1574
217,610313,620
240,610313,276
98,610314,4188
27,610314,4272
80,610314,4844
178,610314,4658
55,610314,1580
142,610314,7480
8,610314,304
105,610314,1020
40,610314,1440
106,610315,500
98,610316,680
106,610319,922
106,610320,600
110,610321,2984
50,610322,506
25,610331,392
29,610332,1434
92,610332,420
74,610332,1284
134,610332,600
90,610332,228
76,610332,504
160,610332,542
17,610342,264
23,610345,864
68,610345,1104
142,610345,720
107,610348,4010
23,610348,15042
7,610348,11488
21,610348,8964
68,610348,1640
169,610348,774
0,610348,3738
128,610348,456
97,610348,902
24,610348,294
65,610348,636
8,610352,988
52,610352,710
110,610353,494
8,610353,1036
105,610353,1602
52,610353,1782
112,610355,348
229,610355,520
47,610355,528
52,610356,5354
95,610357,648
62,610357,570
61,610357,486
199,610357,204
216,610358,420
78,610358,336
120,610359,684
62,610359,280
47,610359,744
62,610360,390
188,610361,288
41,610361,352
125,610361,616
235,610363,776
62,610364,248
235,610364,576
188,610365,228
62,610365,680
188,610366,572
41,610366,816
25,610367,1640
62,610367,1800
20,610367,476
221,610367,224
229,610367,1904
195,610367,2858
148,610368,468
78,610368,528
62,610369,834
23,610370,4356
7,610370,2088
21,610370,8406
216,610370,1920
68,610370,10200
169,610370,412
17,610370,600
56,610370,2088
97,610370,1664
12,610370,2670
126,610370,542
91,610370,740
218,610370,348
70,610371,5476
60,610371,2994
46,610371,150
105,610373,546
48,610373,420
52,610373,544
231,610375,370
70,610375,482
46,610375,538
105,610379,684
52,610379,322
27,610380,6358
178,610380,1096
55,610380,3888
142,610380,1210
25,610382,420
23,610382,1770
7,610382,844
21,610382,3806
59,610382,2240
99,610382,272
202,610382,390
17,610382,204
126,610382,200
65,610382,896
116,610384,1780
7,610385,992
59,610385,774
216,610385,342
51,610385,404
4,610385,2452
232,610385,472
97,610385,736
126,610385,1562
76,610385,732
71,610386,728
25,610390,414
221,610390,428
54,610390,216
32,610392,1164
55,610392,632
96,610392,688
159,610392,810
50,610393,2484
98,610393,3256
117,610393,1044
88,610393,320
45,610397,220
125,610397,340
70,610402,540
94,610402,852
188,610409,320
47,610409,450
90,610409,360
62,610424,1362
223,610425,660
125,610425,486
188,610426,770
41,610426,440
47,610426,590
191,610429,1086
32,610429,930
47,610429,890
188,610431,198
25,610431,252
41,610431,648
47,610431,600
90,610431,520
66,610432,700
120,610432,220
32,610432,2352
236,610432,1298
96,610432,200
109,610432,424
47,610432,288
90,610432,950
125,610432,682
122,610432,2468
66,610434,1098
228,610434,246
191,610435,1160
32,610435,988
221,610435,312
236,610435,4584
228,610435,1254
157,610435,282
159,610435,248
125,610435,928
81,610435,696
8,610436,252
52,610436,1440
25,610437,3052
34,610437,2104
39,610437,1632
120,610437,1990
3,610437,2016
216,610437,18336
169,610437,5302
0,610437,1648
4,610437,2560
119,610437,4910
138,610437,3502
228,610437,868
232,610437,3226
17,610437,2374
56,610437,1988
12,610437,4104
31,610437,7222
126,610437,1300
24,610437,13966
91,610437,3150
37,610437,2120
89,610437,5862
141,610437,2100
217,610437,276
215,610437,320
29,610438,1356
56,610438,238
43,610440,7278
186,610440,756
120,610440,924
80,610440,1494
3,610440,1932
216,610440,1022
0,610440,4002
4,610440,2278
148,610440,1864
163,610440,22768
84,610440,2450
130,610440,1286
38,610440,1740
12,610440,13888
90,610440,2456
24,610440,10232
232,610441,1102
21,610442,1916
59,610442,328
216,610442,756
0,610442,1940
17,610442,1452
97,610442,276
12,610442,744
126,610442,414
89,610442,840
212,610442,204
25,610443,658
84,610443,3282
38,610443,820
59,610444,264
84,610444,390
24,610444,536
89,610445,892
23,610446,690
21,610446,980
99,610446,1536
216,610446,398
169,610446,564
128,610446,1356
126,610446,250
65,610446,754
91,610446,1044
59,610447,534
216,610447,1244
68,610447,1068
38,610448,920
121,610450,216
20,610450,644
220,610450,102
219,610450,204
215,610450,114
20,610451,4960
4,610451,1064
31,610451,1044
214,610451,216
215,610451,354
43,610452,912
121,610452,774
55,610452,6012
20,610452,9632
4,610452,576
12,610452,2772
31,610452,976
24,610452,2784
214,610452,2974
21,610453,1844
216,610453,798
211,610453,770
70,610454,5650
60,610454,1724
62,610454,1550
46,610454,5620
94,610454,994
82,610454,640
146,610455,262
132,610455,504
222,610455,396
45,610455,1080
146,610456,392
47,610456,888
34,610457,1260
124,610457,2866
222,610457,1286
228,610457,1872
235,610457,1086
155,610457,1268
54,610457,1692
25,610458,4266
34,610458,848
32,610458,580
236,610458,818
51,610458,636
139,610458,840
124,610458,216
112,610458,826
222,610458,300
162,610458,496
229,610458,920
108,610458,906
74,610458,264
159,610458,600
122,610458,504
62,610459,390
140,610459,324
94,610459,588
57,610459,460
44,610460,5458
94,610460,516
166,610460,3166
82,610460,200
44,610461,812
146,610461,1542
70,610461,1062
86,610461,664
120,610462,1178
222,610462,460
195,610462,304
112,610463,1764
131,610463,958
122,610463,216
120,610464,1072
235,610464,698
189,610465,2828
26,610466,408
112,610466,1010
96,610466,210
51,610469,256
124,610469,1008
157,610469,720
159,610469,744
55,610473,1458
129,610473,1172
142,610473,1220
111,610473,1172
228,610473,540
20,610474,6082
0,610474,644
229,610474,732
31,610474,742
212,610474,170
219,610474,200
245,610476,734
26,610477,624
89,610477,392
61,610479,702
216,610481,736
225,610482,374
232,610482,1096
20,610485,528
40,610485,1224
217,610485,160
3,610486,1144
232,610486,112
23,610487,1050
43,610487,676
217,610487,152
0,610488,1368
148,610488,116
34,610492,1116
23,610492,720
21,610492,816
59,610492,254
99,610492,660
169,610492,312
119,610492,228
92,610492,524
220,610492,216
219,610492,100
23,610493,2034
26,610493,276
56,610493,552
126,610493,338
21,610494,568
128,610494,252
213,610494,100
29,610495,908
49,610495,640
42,610495,560
160,610495,244
123,610495,704
25,610497,806
1,610497,520
151,610497,4762
58,610497,432
25,610498,9732
62,610498,4958
46,610498,1890
25,610501,432
77,610503,392
40,610503,1002
101,610503,756
85,610506,272
29,610506,350
145,610506,1610
49,610506,732
134,610506,2930
75,610506,336
105,610507,442
52,610507,858
25,610510,1068
233,610510,754
244,610510,852
21,610510,552
32,610510,812
236,610510,646
129,610510,348
96,610510,168
59,610512,1476
119,610512,412
12,610512,594
126,610512,1104
26,610514,430
4,610514,480
148,610514,264
84,610514,264
44,610516,1870
60,610516,1294
44,610517,1768
60,610517,332
189,610517,2482
117,610518,340
51,610518,696
32,610519,1450
32,610520,1116
72,610523,400
25,610558,740
46,610558,1236
72,610558,200
58,610558,5734
110,610598,704
109,610598,7390
138,610598,3908
164,610598,400
90,610598,1848
48,610598,500
211,610599,258
9,610599,252
186,610600,336
138,610600,1104
74,610600,400
17,610600,654
115,610600,2852
90,610600,9670
120,610604,496
232,610607,7764
95,610608,214
222,610608,384
131,610608,870
64,610608,564
62,610610,350
19,610610,228
199,610610,634
32,610611,408
19,610611,590
47,610611,300
25,610612,792
132,610612,810
236,610612,2382
222,610612,1376
19,610612,1808
9,610612,200
78,610612,4364
199,610612,1594
195,610612,3110
235,610613,580
221,610614,784
235,610616,276
159,610616,500
25,610620,624
32,610620,392
223,610620,432
95,610621,804
236,610621,312
51,610621,192
112,610621,1310
228,610621,360
155,610621,732
78,610621,242
120,610622,280
112,610622,424
101,610622,612
231,610623,536
142,610624,596
38,610624,400
108,610625,426
64,610626,680
235,610626,532
159,610626,220
66,610629,768
125,610629,594
195,610629,406
44,610631,526
140,610631,496
166,610631,770
231,610634,412
28,610634,1824
107,610642,7068
5,610642,20402
187,610642,420
0,610642,504
77,610642,492
49,610642,952
141,610642,1596
217,610642,468
215,610642,324
92,610645,500
101,610645,648
230,610646,336
218,610646,514
77,610647,320
75,610647,204
67,610648,470
25,610649,3152
146,610649,1452
120,610649,2956
32,610649,6140
94,610649,1258
229,610649,3048
45,610649,470
47,610649,2710
25,610651,1868
32,610651,3046
140,610651,424
124,610651,2478
45,610651,722
25,610652,764
19,610652,216
25,610654,820
125,610654,652
146,610655,432
46,610655,1386
19,610655,880
120,610656,374
244,610656,374
62,610656,480
19,610657,3962
229,610657,1022
66,610659,312
95,610659,1558
32,610659,882
236,610659,2086
93,610659,990
229,610659,1000
47,610659,384
66,610661,1302
34,610661,1656
32,610661,1662
236,610661,1026
229,610661,484
235,610661,852
125,610661,640
139,610662,204
125,610662,988
25,610663,278
21,610663,1436
32,610663,5836
236,610663,1590
139,610663,304
124,610663,1152
93,610663,3728
159,610663,1600
122,610663,266
95,610664,288
244,610664,2144
236,610664,1296
51,610664,840
139,610664,1284
124,610664,2234
131,610664,924
77,610664,308
122,610664,3838
66,610665,1064
132,610665,362
25,610666,1216
244,610666,220
155,610666,312
19,610667,1102
45,610667,336
66,610668,336
32,610668,640
236,610668,736
228,610668,384
157,610668,216
134,610672,528
40,610672,506
71,610675,652
9,610675,550
6,610676,1702
10,610676,1994
245,610676,216
147,610676,680
107,610677,1504
145,610677,958
92,610677,1854
134,610677,416
126,610677,200
75,610677,676
218,610677,1016
102,610677,900
101,610677,472
29,610694,200
101,610694,540
145,610696,1136
77,610696,918
49,610696,360
72,610696,13406
75,610696,1178
24,610696,1048
102,610696,2750
186,610698,692
187,610698,1006
211,610698,3632
71,610698,1540
138,610698,3136
74,610698,2478
115,610698,5522
90,610698,6996
90,610699,198
101,610699,192
29,610700,492
109,610705,650
164,610705,1482
48,610705,540
144,610706,270
186,610706,824
110,610706,1696
109,610706,3310
71,610706,1368
164,610706,720
115,610706,198
90,610706,22130
48,610706,548
144,610707,1966
186,610707,400
117,610707,442
110,610707,732
145,610707,288
109,610707,2050
138,610707,1250
164,610707,3060
115,610707,968
48,610707,1824
98,610712,418
110,610712,546
71,610713,306
74,610713,502
9,610723,264
22,610724,232
35,610724,650
110,610725,234
48,610725,390
120,610732,264
146,610733,240
19,610733,9026
229,610733,716
146,610734,280
19,610734,5650
25,610735,1378
19,610735,6558
122,610737,318
122,610738,1536
257,610739,1510
120,610741,696
221,610741,256
112,610741,1756
222,610741,2170
84,610741,1748
199,610741,568
195,610741,242
44,610742,2858
60,610742,1678
138,610743,516
49,610743,9916
90,610743,2292
76,610743,2264
233,610744,900
34,610744,1116
32,610744,648
112,610744,678
93,610744,308
132,610746,416
120,610746,680
32,610746,660
139,610746,800
195,610746,264
230,610754,396
40,610754,602
10,610755,1586
9,610755,1644
40,610755,524
243,610755,1062
5,610760,3648
23,610760,972
145,610760,440
202,610760,264
77,610760,676
138,610760,256
72,610760,2620
42,610760,1136
102,610760,984
141,610760,822
20,610761,1120
182,610761,338
85,610762,480
5,610762,252
75,610762,576
92,610764,1006
92,610765,336
102,610765,560
220,610765,112
202,610766,414
74,610766,494
75,610766,904
42,610766,610
220,610766,126
213,610766,210
23,610769,252
56,610769,240
227,610770,6012
169,610774,560
232,610774,1618
32,610780,560
93,610780,560
108,610780,224
132,610781,540
115,610783,504
195,610783,198
143,610784,888
222,610784,468
229,610784,432
108,610784,900
235,610784,622
125,610784,1070
195,610784,280
66,610785,320
32,610785,1498
140,610785,1476
221,610785,182
236,610785,3384
51,610785,272
222,610785,1384
84,610785,852
93,610785,1024
229,610785,1320
235,610785,684
199,610785,1068
125,610785,708
122,610785,264
195,610785,1116
236,610786,500
146,610788,1818
46,610788,504
47,610789,480
195,610789,286
28,610791,556
236,610793,348
131,610793,270
25,610794,594
112,610794,752
125,610794,732
32,610795,600
51,610795,1062
93,610795,1078
228,610795,1520
150,610795,240
75,610795,318
159,610795,708
122,610795,916
25,610796,1672
32,610796,610
236,610796,756
93,610796,1156
162,610796,2330
228,610796,876
102,610796,320
92,610807,240
49,610807,300
90,610807,1196
72,610808,1176
102,610808,612
123,610808,752
217,610808,2884
134,610811,660
42,610811,674
76,610811,1160
71,610813,1152
77,610813,252
42,610813,624
145,610816,468
57,610816,488
58,610816,250
107,610825,4820
182,610825,3010
29,610825,2956
77,610825,432
61,610825,800
72,610825,3952
218,610825,1344
101,610825,448
76,610825,7690
90,610828,282
57,610828,328
104,610834,1050
46,610834,370
187,610834,208
49,610834,624
134,610834,818
72,610834,3690
75,610834,288
74,610838,500
61,610838,846
42,610838,1200
75,610839,1040
76,610839,1080
123,610839,540
134,610840,740
72,610840,286
40,610840,1890
42,610840,1488
218,610840,1344
6,610841,1290
67,610841,900
182,610841,876
112,610841,2754
72,610841,1180
160,610841,4832
48,610841,1620
67,610842,2318
10,610842,1680
242,610842,2394
72,610842,2080
250,610842,1140
147,610842,790
160,610842,908
25,610843,572
10,610843,4876
40,610843,1012
145,610858,360
72,610858,570
43,610862,1486
62,610862,818
25,610867,2238
23,610867,466
32,610867,4898
236,610867,1114
93,610867,2344
131,610867,908
228,610867,2464
122,610867,11082
120,610868,786
244,610868,320
228,610868,630
112,610869,306
229,610869,1164
222,610871,1178
157,610871,272
247,610874,652
232,610874,424
34,610875,540
235,610875,690
66,610876,320
5,610876,790
95,610876,1004
21,610876,738
32,610876,3456
124,610876,3396
93,610876,272
162,610876,496
131,610876,224
228,610876,3230
122,610876,310
233,610877,610
95,610877,376
21,610877,5366
51,610877,306
124,610877,1656
191,610878,512
23,610878,960
120,610878,288
62,610878,4288
222,610878,1678
131,610878,726
228,610878,2712
47,610878,788
157,610878,190
40,610878,1194
8,610887,480
105,610887,330
52,610887,2080
23,610891,492
105,610894,1282
52,610894,216
157,610896,546
115,610896,284
4,610897,700
148,610897,540
130,610897,1530
31,610897,3798
25,610898,2046
4,610898,1794
84,610898,1032
130,610898,1432
56,610898,606
31,610898,726
23,610903,648
7,610903,1672
21,610903,950
169,610903,284
228,610903,352
232,610903,780
126,610903,446
65,610903,930
37,610903,912
25,610906,1008
23,610906,1820
7,610906,1472
21,610906,15094
187,610906,792
99,610906,1504
68,610906,2588
119,610906,494
128,610906,2616
56,610906,288
49,610906,1566
126,610906,480
65,610906,4560
89,610906,418
26,610908,380
80,610908,1672
216,610908,276
236,610908,1566
4,610908,848
148,610908,1084
138,610908,778
235,610908,1144
24,610908,954
25,610910,17306
39,610910,2796
146,610910,620
43,610910,928
26,610910,1644
121,610910,2100
59,610910,894
216,610910,4502
169,610910,1544
0,610910,7502
163,610910,246
205,610910,406
232,610910,3868
12,610910,7364
24,610910,11186
215,610910,442
146,610911,1000
121,610911,228
59,610911,252
216,610911,1296
0,610911,9476
4,610911,228
56,610911,708
12,610911,6012
214,610911,312
91,610911,1694
89,610911,440
116,610911,2000
144,610916,1610
109,610916,504
164,610916,2664
144,610917,460
110,610917,840
109,610917,2676
90,610917,2012
48,610917,336
110,610918,1176
109,610918,560
80,610923,1104
9,610923,300
105,610925,120
98,610926,1504
117,610926,594
88,610926,1000
25,610927,640
67,610927,360
59,610927,390
222,610927,312
229,610927,1268
45,610927,918
222,610929,760
21,610930,660
32,610930,1522
233,610931,344
235,610931,786
228,610932,840
34,610933,646
32,610933,660
139,610933,890
96,610933,714
93,610933,478
223,610933,948
237,610933,392
159,610933,702
122,610933,380
195,610933,1166
19,610934,2358
125,610935,360
66,610936,220
62,610936,432
74,610936,564
47,610937,430
78,610937,568
32,610938,550
25,610939,498
120,610939,288
62,610939,264
236,610939,372
25,610941,2368
62,610941,874
32,610941,1132
140,610941,736
236,610941,1836
94,610941,3616
111,610941,1248
108,610941,390
45,610941,676
125,610941,2232
27,610973,570
80,610973,720
55,610973,100
111,610973,640
8,610973,546
25,610974,1988
44,610974,388
3,610974,2480
0,610974,466
38,610974,980
50,610975,494
98,610975,2456
38,610975,480
88,610975,1426
228,610981,264
228,610982,580
120,610983,228
146,610985,920
62,610985,378
108,610986,680
25,610990,866
95,610990,500
84,610990,272
25,610991,2660
146,610991,420
132,610991,536
62,610991,2036
221,610991,832
223,610991,396
108,610991,1060
47,610991,1878
24,610991,216
148,610992,1400
119,610992,440
17,610992,594
20,610999,2084
0,610999,1416
4,610999,11764
84,610999,1242
31,610999,4758
214,610999,336
39,611000,1778
23,611000,3086
99,611000,1464
119,611000,790
97,611000,2296
126,611000,1380
0,611001,3502
4,611001,4842
119,611001,388
84,611001,1902
130,611001,506
31,611001,1510
89,611001,276
98,611004,1628
117,611004,3288
142,611004,1828
88,611004,3638
117,611010,2652
50,611013,720
117,611013,1768
109,611013,572
38,611013,2464
50,611014,1144
98,611014,324
88,611014,1056
48,611014,1112
38,611025,680
55,611028,960
25,611038,4188
34,611038,4460
32,611038,11526
34,611039,1020
32,611039,828
20,611041,2742
4,611041,456
214,611041,360
232,611043,1730
224,611043,442
23,611046,692
139,611046,1100
55,611047,642
227,611048,1144
148,611051,1024
115,611051,742
133,611051,960
89,611051,752
23,611066,1680
20,611066,488
216,611066,1732
68,611066,2096
0,611066,1296
128,611066,1060
65,611066,1102
71,611068,294
9,611068,1132
61,611068,1512
115,611068,2112
219,611068,220
74,611069,480
186,611070,1430
138,611070,4384
45,611070,432
74,611070,196
90,611070,1496
125,611070,220
212,611070,1112
215,611070,406
71,611071,396
9,611071,778
90,611073,400
48,611073,260
142,611075,238
109,611075,672
138,611075,1850
90,611075,2532
187,611076,712
241,611076,494
244,611121,834
51,611121,976
47,611121,578
21,611122,1030
139,611122,2446
124,611122,1142
228,611122,896
45,611122,1072
122,611122,534
34,611123,944
26,611123,476
32,611123,568
139,611123,1004
162,611123,330
228,611123,490
74,611123,216
90,611123,216
159,611123,220
191,611124,424
139,611124,740
235,611124,1670
214,611124,392
95,611125,418
120,611125,1404
96,611125,240
235,611125,1222
155,611125,822
41,611133,2034
62,611133,1994
108,611133,520
88,611133,648
235,611133,2022
125,611133,648
32,611134,272
236,611134,384
223,611134,872
1,611144,2746
10,611144,1742
42,611146,1146
90,611147,892
42,611149,850
186,611150,390
241,611150,670
90,611150,228
134,611152,462
90,611152,336
76,611152,660
10,611153,326
61,611153,332
104,611154,352
92,611155,1006
75,611158,444
145,611159,256
202,611159,862
61,611159,276
160,611159,1020
10,611160,424
250,611160,490
147,611160,260
145,611161,1384
9,611161,508
74,611161,438
115,611161,282
90,611161,2130
140,611162,696
145,611163,544
233,611164,608
244,611164,396
115,611164,288
155,611164,2182
122,611164,540
19,611165,204
229,611165,252
21,611167,1674
232,611167,1078
97,611167,1434
34,611171,658
191,611171,1072
146,611171,858
95,611171,702
244,611171,1550
178,611171,330
124,611171,726
112,611171,264
93,611171,3576
162,611171,312
64,611171,936
127,611171,204
228,611171,600
45,611171,600
150,611171,224
235,611171,600
90,611171,234
155,611171,1134
159,611171,1228
82,611171,390
141,611171,1080
81,611171,1050
25,611172,1860
34,611172,672
191,611172,540
95,611172,290
32,611172,4970
236,611172,4000
51,611172,322
124,611172,1480
112,611172,1384
96,611172,728
93,611172,2502
162,611172,1294
228,611172,612
45,611172,3564
235,611172,380
115,611172,390
90,611172,1048
255,611172,320
155,611172,2780
159,611172,1432
122,611172,1006
82,611172,352
39,611173,4240
22,611173,408
35,611173,3268
249,611173,458
33,611173,526
186,611174,1176
8,611176,270
105,611176,1038
52,611176,452
52,611177,1456
52,611178,1328
52,611179,1316
105,611180,2064
52,611180,800
52,611181,2146
98,611182,2208
55,611183,1778
202,611185,876
61,611185,552
160,611185,610
25,611190,244
62,611190,330
110,611191,790
42,611192,544
211,611195,206
109,611195,2160
138,611195,1004
115,611195,1208
109,611197,352
90,611197,4904
144,611198,722
110,611198,1050
88,611198,936
48,611198,468
71,611200,126
186,611201,680
110,611201,1704
109,611201,1768
72,611201,220
90,611201,1010
48,611201,324
110,611204,1650
52,611204,924
110,611208,1652
25,611220,584
146,611220,1762
26,611220,420
0,611220,580
4,611220,832
148,611220,4174
131,611220,1548
130,611220,540
232,611220,690
56,611220,2916
89,611220,624
146,611226,2544
60,611226,576
62,611226,1096
46,611226,1416
120,611228,652
139,611228,368
75,611228,738
19,611238,1846
229,611238,1702
25,611243,2504
66,611243,798
146,611243,460
120,611243,878
62,611243,240
112,611243,1796
64,611243,1420
125,611243,378
122,611243,960
80,611245,660
32,611245,396
108,611245,374
235,611245,508
47,611245,588
19,611246,1080
229,611246,3656
94,611266,216
223,611267,1100
45,611267,308
182,611270,740
10,611270,460
75,611271,396
71,611272,248
49,611272,470
92,611273,332
74,611273,426
49,611273,756
6,611276,690
186,611276,668
67,611276,2220
138,611276,256
9,611276,1024
74,611276,518
90,611276,410
40,611276,2096
125,611276,216
9,611277,348
61,611277,216
72,611278,272
25,611279,3276
104,611279,1138
67,611279,7664
10,611279,14166
72,611279,7596
40,611279,47736
58,611279,5588
49,611280,140
72,611280,244
101,611280,1796
29,611282,988
101,611282,526
217,611282,210
1,611284,500
72,611284,850
57,611284,422
44,611286,584
69,611286,264
86,611287,220
151,611287,446
72,611287,736
57,611287,760
145,611288,254
56,611288,450
90,611288,630
25,611289,1872
94,611289,588
151,611289,1016
236,611290,2940
29,611290,9348
148,611290,336
145,611290,4516
71,611290,6126
92,611290,3544
138,611290,13090
74,611290,4350
134,611290,14320
72,611290,17128
115,611290,3606
90,611290,7828
75,611290,240
147,611290,2886
76,611290,3042
89,611290,1944
123,611290,2852
25,611291,8288
70,611291,2116
104,611291,2354
67,611291,2474
20,611291,2120
182,611291,2160
10,611291,41170
242,611291,2700
38,611291,4094
72,611291,6130
147,611291,610
40,611291,36716
58,611291,4844
212,611294,136
77,611295,1610
42,611295,1512
76,611295,2166
217,611295,640
21,611306,1970
77,611306,1276
102,611306,2260
107,611311,4396
85,611311,990
3,611311,2604
29,611311,1374
145,611311,1144
77,611311,208
92,611311,220
9,611311,3176
232,611311,568
61,611311,9124
49,611311,2646
72,611311,18296
90,611311,9168
75,611311,4692
101,611311,712
76,611311,3438
58,611311,1180
123,611311,8650
141,611311,4880
10,611314,1598
9,611314,826
61,611314,1522
72,611314,1824
147,611314,400
57,611314,586
58,611314,1030
2,611315,276
22,611315,306
145,611316,648
72,611316,760
123,611316,264
85,611317,2114
186,611317,730
92,611317,340
49,611317,864
134,611317,200
42,611317,198
57,611317,328
123,611317,810
85,611318,600
187,611318,192
77,611318,1068
218,611318,1968
76,611318,3694
141,611318,5550
217,611318,504
212,611318,446
240,611318,516
32,611321,318
108,611324,992
220,611327,400
213,611327,100
230,611328,720
202,611328,640
10,611328,940
160,611328,434
68,611332,3560
228,611332,920
232,611332,648
37,611332,1588
2,611333,6344
224,611333,832
122,611336,276
23,611377,580
21,611377,612
59,611377,720
216,611377,1272
56,611377,300
91,611377,3166
55,611378,276
119,611378,318
89,611378,458
25,611379,1248
23,611379,9506
43,611379,2362
121,611379,640
20,611379,1144
0,611379,3906
4,611379,3904
91,611379,996
260,611380,3900
23,611380,810
21,611380,9078
169,611380,800
0,611380,4608
4,611380,1640
232,611380,2460
31,611380,3646
46,611403,1848
229,611403,2820
50,611405,900
27,611405,342
55,611405,784
112,611407,364
64,611407,414
253,611407,344
120,611408,1542
32,611408,1202
222,611408,2054
45,611408,1144
47,611408,396
157,611408,992
32,611409,1610
51,611409,784
112,611409,500
150,611409,264
122,611409,460
146,611410,5670
70,611410,2972
46,611410,318
51,611413,222
78,611413,936
38,611414,506
62,611415,360
129,611415,332
129,611416,334
23,611417,792
95,611417,874
244,611417,1030
21,611417,1656
32,611417,12830
236,611417,1734
139,611417,712
124,611417,1516
162,611417,1628
64,611417,368
150,611417,772
235,611417,1068
115,611417,548
155,611417,1356
159,611417,198
122,611417,3032
34,611418,592
95,611418,1540
244,611418,612
21,611418,1630
32,611418,336
236,611418,2952
139,611418,276
124,611418,3504
96,611418,1160
222,611418,1860
93,611418,5946
162,611418,572
64,611418,750
228,611418,2316
150,611418,1778
159,611418,240
122,611418,4194
132,611420,524
132,611421,624
244,611421,1152
51,611421,494
25,611422,2784
120,611422,1150
244,611422,848
21,611422,12346
32,611422,2252
55,611422,472
187,611422,732
139,611422,796
124,611422,2582
255,611422,1458
159,611422,350
143,611423,3674
120,611423,1178
32,611423,3760
236,611423,360
51,611423,1490
93,611423,676
235,611423,360
90,611423,360
159,611423,1164
122,611423,2794
25,611424,440
120,611424,1704
62,611424,1338
46,611424,612
236,611424,1092
229,611424,622
228,611424,396
195,611424,1674
110,611426,220
138,611426,1372
115,611426,1588
90,611426,2206
110,611427,286
109,611427,1196
88,611427,264
48,611427,440
187,611428,300
211,611428,2188
71,611428,1996
90,611428,1664
211,611429,230
71,611429,992
138,611429,794
74,611429,2018
211,611430,600
115,611430,888
144,611432,828
109,611432,720
74,611434,482
115,611434,686
90,611434,1248
186,611435,1056
71,611435,336
164,611435,338
90,611435,1280
110,611441,630
109,611441,1054
164,611441,760
235,611441,288
48,611441,442
144,611442,616
109,611442,1260
164,611442,468
48,611442,580
62,611445,640
110,611445,940
48,611445,390
69,611450,1784
221,611463,264
199,611463,240
125,611463,700
112,611464,2442
108,611464,964
47,611464,1924
144,611466,1516
109,611466,2386
164,611466,1470
90,611466,200
186,611467,900
142,611467,410
211,611467,724
71,611467,628
138,611467,1882
9,611467,2974
74,611467,1328
115,611467,4924
90,611467,1476
212,611467,100
104,611473,276
242,611473,416
67,611474,576
84,611474,420
160,611474,488
5,611477,792
134,611477,828
42,611477,504
102,611477,772
101,611477,660
76,611477,4284
25,611478,786
10,611479,990
242,611479,286
42,611482,560
218,611482,408
102,611482,402
28,611495,508
62,611500,748
32,611500,844
236,611500,1088
47,611500,474
28,611503,512
33,611503,224
25,611505,752
51,611505,312
107,611507,696
66,611508,1644
120,611508,196
62,611508,912
32,611508,2866
112,611508,1296
19,611508,400
138,611508,448
47,611508,2238
157,611508,920
126,611508,728
125,611508,1660
66,611509,420
143,611509,1684
132,611509,364
244,611509,380
62,611509,288
32,611509,1796
236,611509,2094
64,611509,664
159,611509,320
115,611512,420
236,611513,416
125,611513,720
66,611514,996
1,611514,1074
202,611514,216
10,611514,1176
9,611514,748
40,611514,1192
212,611514,330
107,611518,1754
49,611518,192
42,611518,1862
101,611518,260
212,611518,456
215,611518,468
6,611520,1068
147,611520,378
160,611520,828
25,611523,302
86,611523,360
72,611523,828
57,611523,546
107,611525,18894
5,611525,6266
67,611525,1660
71,611525,2034
77,611525,6064
92,611525,1846
138,611525,280
49,611525,5020
72,611525,5814
115,611525,784
75,611525,974
42,611525,4318
218,611525,1230
101,611525,576
76,611525,3774
123,611525,240
141,611525,31412
220,611525,312
212,611525,160
1,611532,1232
146,611545,1536
70,611545,5104
46,611545,6376
140,611545,792
94,611545,1416
166,611545,4282
72,611545,2024
82,611545,3688
82,611546,750
25,611547,1128
66,611547,966
32,611547,2094
236,611547,2432
93,611547,454
162,611547,228
228,611547,380
235,611547,576
47,611547,1248
157,611547,492
155,611547,792
78,611547,1100
199,611547,552
122,611547,1262
71,611548,252
64,611548,624
66,611549,492
78,611549,1316
38,611550,462
101,611550,754
236,611560,574
228,611560,632
94,611561,1696
188,611562,20724
41,611562,18672
62,611562,34966
117,611562,9214
110,611562,1162
125,611562,432
188,611563,5920
66,611563,416
41,611563,34602
62,611563,14982
88,611563,2160
47,611563,1314
125,611563,250
162,611564,532
108,611564,4162
199,611564,830
125,611564,1170
195,611564,888
25,611565,1524
191,611565,904
132,611565,606
21,611565,1866
32,611565,1804
46,611565,196
55,611565,592
140,611565,368
236,611565,1682
223,611565,660
162,611565,240
138,611565,288
45,611565,1186
150,611565,290
157,611565,1902
90,611565,1236
159,611565,352
125,611565,2654
54,611565,624
146,611566,1002
66,611567,1876
146,611567,3416
62,611567,1024
32,611567,20216
112,611567,1992
222,611567,1528
61,611567,300
90,611567,380
78,611567,260
54,611567,1526
157,611568,816
120,611571,336
66,611572,6902
38,611572,772
8,611575,612
52,611575,594
191,611576,488
45,611576,512
8,611577,1488
105,611577,414
52,611577,988
117,611578,574
105,611578,840
25,611579,2178
191,611579,1022
143,611579,3054
3,611579,312
46,611579,2492
236,611579,904
131,611579,384
138,611579,696
21,611580,2698
97,611580,224
217,611580,252
43,611581,340
0,611581,2142
4,611581,514
56,611581,480
146,611583,942
3,611583,1278
121,611583,260
216,611583,2068
0,611583,2924
163,611583,1206
130,611583,960
12,611583,1776
72,611583,612
141,611583,3904
217,611583,228
219,611583,144
232,611585,1232
23,611586,2488
26,611586,300
0,611586,4204
25,611588,4454
23,611588,24510
43,611588,456
26,611588,1306
3,611588,1628
121,611588,456
21,611588,3858
59,611588,1308
0,611588,8110
4,611588,4184
84,611588,878
130,611588,264
232,611588,3432
56,611588,594
24,611588,2572
199,611588,2954
37,611588,3996
3,611589,1504
121,611589,1782
72,611589,1824
23,611591,1240
217,611591,144
41,611594,960
62,611594,800
122,611595,840
48,611595,864
143,611599,472
132,611599,462
125,611600,1002
32,611601,532
236,611601,452
19,611601,840
125,611601,1128
62,611602,552
90,611602,600
41,611603,1070
62,611603,736
25,611608,544
229,611608,764
199,611608,310
146,611609,516
32,611609,664
96,611609,288
235,611609,616
25,611610,856
32,611610,336
51,611610,294
159,611610,1304
122,611610,5574
34,611611,208
80,611611,468
112,611611,224
253,611611,434
25,611612,4732
233,611612,8932
66,611612,1500
120,611612,1210
32,611612,896
221,611612,1146
236,611612,14698
112,611612,3916
111,611612,3336
19,611612,2124
108,611612,448
47,611612,6514
157,611612,1640
78,611612,3476
125,611612,1222
124,611615,468
46,611616,216
236,611618,340
67,611619,2980
145,611619,3874
202,611619,328
147,611619,2176
40,611619,5082
25,611621,3850
43,611621,1566
84,611621,5480
38,611621,8960
107,611623,1986
23,611623,3150
26,611623,540
7,611623,1120
21,611623,10400
68,611623,7228
169,611623,596
128,611623,240
88,611623,2700
12,611623,1070
23,611624,3210
43,611624,2660
121,611624,240
163,611624,1810
56,611624,882
97,611624,1982
12,611624,2064
25,611625,1350
0,611625,960
23,611626,3830
21,611626,3000
68,611626,3468
169,611626,378
17,611626,1284
97,611626,216
65,611626,624
217,611626,252
212,611626,372
224,611627,1510
26,611629,276
21,611629,4524
59,611629,1176
20,611629,644
216,611629,1426
0,611629,2544
128,611629,410
56,611629,236
12,611629,1786
126,611629,1296
37,611629,2100
76,611629,1972
89,611629,904
23,611630,1460
216,611630,430
90,611630,630
89,611630,472
23,611632,2398
21,611632,2280
37,611632,1710
217,611632,240
0,611633,5504
4,611633,500
31,611633,312
0,611638,2344
4,611638,372
25,611640,1080
232,611640,3966
216,611641,276
12,611641,1634
89,611641,552
25,611642,2730
20,611642,1382
0,611642,430
38,611642,1344
43,611644,310
89,611644,1458
146,611645,540
0,611645,3892
4,611645,1042
84,611645,300
3,611646,2982
46,611646,864
0,611646,1676
31,611646,4104
24,611646,1644
37,611646,1696
116,611646,1266
169,611647,204
56,611647,918
12,611647,1328
31,611647,1840
225,611648,314
232,611648,1842
25,611652,960
32,611652,3100
51,611652,816
222,611652,1216
97,611652,560
150,611652,150
235,611652,794
228,611653,306
38,611653,414
132,611654,312
108,611654,662
25,611656,5408
146,611656,16972
46,611656,1596
140,611656,2574
94,611656,420
112,611656,2302
84,611656,1930
47,611656,7920
72,611656,1280
199,611656,1104
58,611656,1326
195,611656,980
82,611658,1254
120,611659,330
115,611659,408
159,611664,200
125,611664,406
143,611665,792
132,611665,412
46,611665,312
236,611665,272
223,611665,760
108,611665,572
146,611667,1888
32,611667,230
124,611667,1186
96,611667,804
131,611667,420
108,611667,5270
78,611667,3154
228,611668,252
122,611668,864
38,611669,504
186,611677,560
71,611677,1694
74,611677,684
90,611677,1686
234,611681,2352
144,611681,340
186,611681,858
187,611681,1064
110,611681,864
109,611681,8940
164,611681,4044
115,611681,924
90,611681,24880
48,611681,216
187,611682,1104
71,611682,808
71,611684,3964
74,611684,3016
61,611684,1246
115,611684,4316
90,611684,11832
212,611684,444
23,611691,5948
7,611691,1076
21,611691,21148
32,611691,1848
67,611691,486
68,611691,1064
119,611691,2658
84,611691,480
38,611691,2760
12,611691,2502
90,611691,1856
31,611691,2088
126,611691,460
37,611691,1754
141,611691,2120
148,611692,730
84,611692,372
205,611692,1056
12,611692,330
21,611695,11912
59,611695,286
68,611695,2972
169,611695,456
119,611695,564
232,611695,1116
126,611695,216
91,611695,542
37,611695,774
23,611696,2466
21,611696,6390
68,611696,810
56,611696,1068
91,611696,550
27,611697,308
178,611697,1460
178,611698,294
129,611698,1368
142,611698,468
27,611699,900
121,611699,328
8,611703,1128
27,611704,396
80,611704,1760
111,611704,220
50,611706,2756
27,611706,1066
80,611706,1458
142,611706,2028
8,611706,982
38,611706,1342
233,611709,672
143,611709,240
241,611709,288
66,611710,926
45,611710,786
221,611711,782
236,611711,660
112,611711,544
235,611711,240
47,611711,280
157,611711,600
143,611712,1518
139,611712,696
71,611712,320
131,611712,376
47,611712,1412
125,611712,540
233,611713,928
34,611713,948
236,611713,624
122,611713,480
34,611714,980
244,611714,378
178,611714,540
32,611714,1080
236,611714,1688
169,611714,380
124,611714,448
112,611714,610
96,611714,1640
162,611714,530
64,611714,560
127,611714,612
108,611714,2066
235,611714,1984
155,611714,1206
78,611714,1544
159,611714,208
122,611714,1892
8,611715,1226
50,611718,792
117,611718,1008
234,611719,616
106,611719,1928
52,611719,1112
98,611720,2006
234,611720,4670
106,611720,29720
109,611720,240
8,611720,4292
88,611720,768
53,611720,4958
98,611721,3736
234,611721,4192
62,611721,252
106,611721,16392
8,611721,6802
53,611721,1360
234,611722,960
50,611723,240
117,611723,1576
88,611723,4940
55,611732,1200
142,611732,252
27,611733,346
80,611733,864
142,611733,1940
132,611738,736
32,611738,6404
236,611738,3360
124,611738,2720
223,611738,992
229,611738,550
150,611738,600
155,611738,702
159,611738,690
32,611744,336
72,611745,1150
57,611745,264
107,611746,2220
3,611746,420
211,611746,308
92,611746,390
49,611746,1872
101,611746,2108
141,611746,4280
107,611751,1464
169,611751,696
29,611751,4122
77,611751,336
92,611751,648
228,611751,1122
134,611751,3022
72,611751,2766
42,611751,4026
76,611751,2574
123,611751,480
217,611751,280
2,611754,814
186,611755,378
84,611755,884
61,611755,1800
25,611762,704
233,611762,420
143,611762,968
32,611762,470
46,611762,960
140,611762,704
236,611762,936
19,611762,2880
228,611762,744
61,611762,292
47,611762,898
157,611762,664
78,611762,288
195,611762,252
59,611763,524
233,611764,606
32,611764,616
221,611765,780
108,611765,688
21,611770,666
56,611770,248
97,611770,1588
91,611770,842
217,611770,96
99,611771,816
216,611771,248
169,611771,360
128,611771,378
17,611771,2402
97,611771,770
126,611771,1286
24,611771,812
37,611771,886
212,611771,192
225,611772,792
232,611772,874
7,611773,660
25,611774,840
97,611774,756
91,611774,280
43,611775,648
20,611775,966
90,611776,644
37,611776,1022
4,611777,592
84,611777,216
19,611778,648
31,611778,1008
219,611778,108
21,611780,840
212,611780,104
59,611781,492
0,611781,696
43,611782,262
4,611782,492
38,611782,536
20,611783,2264
244,611784,312
99,611784,320
37,611784,528
258,611785,824
126,611785,238
23,611787,1848
139,611787,660
145,611787,346
26,611788,1014
21,611788,612
99,611788,1110
119,611788,392
23,611789,452
21,611789,1690
126,611789,650
232,611790,966
224,611790,632
29,611793,300
108,611793,820
146,611794,764
70,611794,1230
46,611794,2720
140,611794,1826
94,611794,356
82,611794,4488
234,611797,2434
106,611797,1260
8,611797,920
98,611798,2092
117,611798,2220
88,611798,1782
106,611799,5544
98,611800,3094
117,611800,396
88,611800,642
50,611802,1044
98,611802,3978
117,611802,4222
106,611802,3388
88,611802,2262
50,611803,600
98,611803,1984
234,611803,240
117,611803,3996
88,611803,4552
25,611810,1932
39,611810,208
43,611810,2542
26,611810,1926
0,611810,3006
130,611810,2772
232,611810,1712
12,611810,2830
72,611810,1188
24,611810,2704
214,611810,2202
195,611811,1430
64,611812,1336
25,611813,624
146,611813,288
26,611813,588
27,611813,408
21,611813,1304
59,611813,1976
216,611813,260
169,611813,2464
119,611813,1466
128,611813,476
92,611813,920
56,611813,504
126,611813,488
24,611813,1240
91,611813,3326
89,611813,1632
27,611814,864
80,611814,216
55,611814,6366
129,611814,264
142,611814,650
222,611814,1100
111,611814,232
8,611814,230
127,611814,2630
38,611814,6768
212,611814,168
210,611815,564
27,611816,7228
55,611816,782
142,611816,2084
8,611816,896
219,611816,184
233,611819,2386
124,611819,1632
235,611819,1080
159,611819,760
34,611820,1608
191,611820,1280
21,611820,1116
124,611820,476
64,611820,400
78,611820,250
166,611821,630
82,611821,276
46,611822,224
51,611822,264
131,611822,530
117,611823,288
221,611824,358
125,611824,302
222,611825,646
25,611826,4464
143,611826,1136
132,611826,782
216,611826,340
112,611826,738
131,611826,558
228,611826,3518
235,611826,1560
72,611826,420
78,611826,1242
107,611833,1680
92,611833,1320
72,611833,1776
141,611833,1590
43,611834,288
0,611834,212
29,611834,450
142,611834,552
38,611834,394
72,611834,1102
136,611838,192
130,611849,192
228,611854,800
155,611854,336
195,611854,756
134,611862,712
115,611862,414
102,611864,848
0,611866,216
10,611866,648
9,611867,830
21,611868,302
49,611868,288
40,611868,1076
107,611869,3240
5,611869,1664
29,611869,3016
93,611869,2072
145,611869,2816
202,611869,198
92,611869,256
49,611869,4224
134,611869,448
42,611869,220
102,611869,300
101,611869,760
76,611869,3072
123,611869,360
141,611869,1970
182,611870,882
10,611870,320
25,611871,204
46,611871,476
6,611873,2298
67,611873,3618
202,611873,520
10,611873,3570
9,611873,3288
61,611873,4974
40,611873,8842
55,611876,904
67,611876,1476
202,611876,386
10,611876,1580
9,611876,700
61,611876,628
219,611876,126
107,611877,2876
29,611877,3336
77,611877,2244
10,611877,3564
134,611877,348
75,611877,546
123,611877,1308
217,611877,168
6,611882,210
77,611882,1080
42,611882,336
25,611884,1246
1,611887,2096
166,611887,630
58,611887,276
67,611888,2476
1,611888,1976
145,611888,1848
202,611888,2774
10,611888,3262
9,611888,1210
61,611888,1980
147,611888,5960
40,611888,4852
57,611888,5832
58,611888,904
25,611889,4704
86,611889,200
72,611889,3526
86,611890,204
1,611890,904
57,611890,540
85,611891,1056
23,611891,620
186,611891,372
29,611891,1592
77,611891,180
138,611891,3492
61,611891,378
49,611891,756
72,611891,1914
115,611891,2472
42,611891,1052
101,611891,1026
76,611891,4522
123,611891,1820
69,611892,5408
151,611892,7104
107,611896,1684
49,611896,190
134,611896,664
72,611896,2554
75,611896,1060
107,611905,7722
5,611905,5440
187,611905,840
68,611905,3308
77,611905,200
92,611905,696
49,611905,2752
90,611905,5806
75,611905,4298
42,611905,360
102,611905,2028
101,611905,6264
57,611905,216
76,611905,22604
123,611905,192
141,611905,5924
3,611907,756
57,611907,756
29,611909,586
77,611909,1098
75,611909,724
102,611909,534
57,611909,672
160,611909,240
123,611909,1668
33,611911,872
145,611913,1084
101,611913,1260
77,611914,226
57,611914,820
76,611914,1194
128,611915,274
115,611915,290
101,611915,1116
202,611916,512
147,611916,1028
29,611917,654
145,611917,790
134,611917,1848
101,611917,1920
123,611917,370
25,611918,5738
134,611920,240
76,611920,1032
242,611921,706
10,611922,204
242,611922,474
85,611923,572
145,611923,1684
77,611923,984
45,611923,1114
49,611923,848
134,611923,546
202,611924,686
61,611924,1602
147,611929,858
29,611931,512
9,611932,186
250,611932,486
109,611933,1258
186,611934,1112
8,611934,200
110,611936,266
109,611936,1332
72,611937,554
67,611944,1706
242,611944,528
160,611944,204
84,611945,806
19,611945,252
5,611946,1020
92,611946,944
232,611946,808
216,611947,300
77,611947,378
49,611947,210
102,611947,518
77,611948,196
49,611948,748
218,611948,762
57,611948,488
187,611949,336
29,611949,256
56,611949,200
42,611949,660
5,611951,1110
42,611951,2456
218,611951,564
101,611951,630
6,611952,228
3,611952,364
84,611952,1344
85,611954,696
128,611954,204
232,611954,476
25,611956,504
69,611956,750
151,611957,1214
49,611958,196
123,611958,514
97,611959,426
75,611959,300
102,611959,458
58,611959,832
5,611961,672
169,611961,214
77,611961,454
5,611962,948
77,611962,696
49,611962,752
72,611962,1240
169,611964,390
115,611964,816
75,611964,484
29,611965,272
92,611965,1096
218,611965,264
85,611966,1532
77,611966,238
92,611966,988
134,611966,1196
123,611966,1752
85,611967,320
5,611967,1176
169,611967,432
6,611970,1600
61,611970,806
90,611970,1908
29,611971,836
1,611972,1028
61,611973,808
147,611973,502
39,611974,728
22,611974,1446
35,611974,1646
44,611975,230
140,611975,472
66,611976,1632
191,611976,680
62,611976,1108
223,611976,256
228,611976,770
51,611977,336
41,611979,288
191,611979,594
27,611980,11500
142,611980,1856
111,611980,1306
8,611980,1938
127,611980,1852
38,611980,1000
23,611982,7760
26,611982,1844
7,611982,4058
21,611982,14832
68,611982,7664
169,611982,2804
119,611982,4466
128,611982,738
205,611982,1812
97,611982,898
37,611982,2958
39,611983,746
231,611983,942
232,611983,716
146,611984,1268
20,611984,300
182,611984,9250
84,611984,4856
19,611984,1100
229,611984,720
219,611984,228
213,611984,104
22,611987,22382
28,611987,1250
231,611988,1844
232,611988,678
28,611988,1382
21,611989,582
235,611989,260
122,611989,660
188,612003,468
41,612003,480
90,612003,440
108,612005,304
61,612005,300
159,612005,502
8,612007,1200
105,612007,336
52,612007,5120
46,612008,276
166,612008,648
25,612009,502
146,612009,224
236,612009,378
61,612009,288
72,612009,272
125,612009,552
132,612010,450
236,612010,1140
159,612010,240
52,612011,1326
105,612012,1246
52,612012,4274
120,612013,984
46,612013,712
51,612013,546
19,612013,2010
228,612013,2390
47,612013,1862
236,612014,540
93,612014,628
223,612014,458
146,612015,210
46,612015,2366
223,612016,566
61,612016,234
66,612017,924
146,612017,4656
236,612017,1092
93,612017,2316
228,612017,340
45,612017,712
38,612017,572
199,612017,2946
195,612017,1754
188,612018,2352
41,612018,198
98,612018,846
109,612018,1068
47,612018,1396
62,612019,396
106,612019,756
110,612019,336
235,612019,1132
188,612020,21778
25,612020,4962
41,612020,34074
50,612020,3316
62,612020,37690
117,612020,5348
55,612020,5184
47,612020,3672
188,612021,6176
41,612021,712
50,612021,480
120,612021,1162
62,612021,4168
117,612021,1358
110,612021,1076
188,612022,9514
25,612022,3380
41,612022,10934
186,612022,1280
62,612022,7948
117,612022,732
109,612022,240
47,612022,3372
90,612022,8458
188,612023,250
41,612023,1234
62,612023,1528
235,612024,1116
78,612025,638
217,612025,108
191,612027,506
46,612027,764
228,612027,378
66,612028,244
32,612028,1104
47,612028,336
199,612028,814
125,612028,4284
146,612029,390
121,612029,360
46,612029,1028
19,612029,1456
61,612029,866
132,612030,672
222,612030,378
228,612030,516
72,612030,290
143,612031,1888
120,612031,2424
46,612031,384
221,612031,1148
222,612031,494
131,612031,708
34,612032,4186
32,612032,1174
236,612032,1280
96,612032,550
93,612032,2762
64,612032,1082
228,612032,784
150,612032,480
34,612033,2168
132,612033,432
244,612033,1090
21,612033,1428
162,612033,2358
122,612033,506
236,612034,1956
93,612034,264
45,612034,828
25,612035,2182
66,612035,960
132,612035,420
32,612035,824
46,612035,1882
236,612035,1368
112,612035,1488
229,612035,516
64,612035,5610
47,612035,3870
157,612035,906
155,612035,664
122,612035,1702
195,612035,1034
120,612036,756
46,612036,272
132,612037,1232
32,612037,846
96,612037,1652
131,612037,210
122,612037,286
95,612038,804
51,612038,1172
139,612038,274
122,612038,2016
44,612039,6444
60,612039,5132
189,612039,16670
62,612040,300
229,612040,560
228,612040,220
199,612041,696
132,612042,472
244,612042,672
51,612042,752
62,612044,784
32,612044,266
9,612044,434
47,612044,864
132,612045,768
32,612045,240
120,612047,808
32,612047,810
140,612047,928
51,612047,312
112,612047,984
44,612048,518
60,612048,694
93,612049,806
162,612049,424
47,612050,854
66,612051,944
159,612051,286
236,612052,208
229,612052,588
115,612052,348
82,612052,526
95,612053,556
32,612053,618
51,612053,632
124,612053,294
93,612053,744
71,612053,526
64,612053,1044
81,612053,638
34,612054,3044
62,612054,2030
32,612054,1650
139,612054,1602
124,612054,240
162,612054,208
19,612054,574
228,612054,3920
45,612054,1164
150,612054,248
32,612055,1724
236,612055,2598
222,612055,828
228,612055,1448
150,612055,304
47,612055,794
78,612055,654
81,612055,730
66,612056,748
228,612056,672
95,612057,752
244,612057,586
222,612057,260
64,612057,728
228,612057,870
159,612057,608
81,612057,704
146,612058,212
84,612058,1286
120,612059,624
155,612059,1002
25,612060,1504
32,612060,448
51,612060,1728
124,612060,1572
223,612060,730
228,612060,4002
45,612060,442
122,612060,266
32,612061,1702
124,612061,2502
112,612061,1502
93,612061,1658
90,612061,1220
54,612061,1440
66,612062,440
132,612062,2424
32,612062,1104
236,612062,1164
108,612062,506
235,612062,336
55,612063,342
162,612063,194
138,612063,546
229,612063,1490
108,612063,812
155,612063,674
159,612063,486
191,612064,268
95,612064,470
132,612064,272
162,612064,596
108,612064,634
0,612066,342
47,612066,1386
55,612068,506
169,612068,706
139,612068,1324
119,612068,404
26,612075,714
59,612075,432
232,612075,444
17,612075,870
72,612075,936
37,612075,1110
146,612077,360
32,612077,6264
46,612077,1988
236,612077,1170
112,612077,2894
84,612077,1116
19,612077,372
47,612077,986
72,612077,420
78,612077,1002
62,612078,1376
46,612078,552
236,612078,1874
131,612078,644
115,612078,266
125,612078,260
195,612078,1632
191,612079,632
132,612079,1260
120,612079,496
62,612079,352
32,612079,1632
46,612079,1916
140,612079,1200
221,612079,702
236,612079,3578
19,612079,3510
229,612079,3076
108,612079,2490
235,612079,324
47,612079,2620
157,612079,476
28,612080,2256
25,612081,2754
32,612081,7236
112,612081,1560
229,612081,656
78,612081,752
82,612081,2696
186,612082,400
32,612082,630
231,612083,252
28,612083,2400
66,612084,1218
186,612084,448
112,612084,1364
229,612084,1200
228,612084,738
235,612084,3534
122,612084,864
81,612084,704
143,612085,638
62,612085,682
32,612085,1962
46,612085,756
139,612085,1056
235,612085,1602
82,612085,316
81,612085,480
66,612086,2760
191,612086,572
146,612086,1194
32,612086,7618
236,612086,288
45,612086,832
235,612086,1140
47,612086,288
125,612086,572
195,612086,1056
21,612087,1054
32,612087,3708
236,612087,4078
124,612087,960
96,612087,836
93,612087,770
64,612087,352
228,612087,528
45,612087,288
235,612087,1906
157,612087,210
122,612087,1632
25,612088,1414
143,612089,2922
32,612089,1400
236,612089,1020
19,612089,1476
228,612089,1040
47,612089,1152
122,612089,2352
62,612090,1178
46,612090,340
232,612091,3104
28,612091,580
146,612092,724
140,612092,780
166,612092,1152
25,612093,1092
233,612093,1296
66,612093,852
146,612093,390
62,612094,460
229,612094,200
61,612094,504
195,612094,792
66,612103,816
120,612103,226
62,612103,340
32,612103,374
1,612103,616
221,612103,2370
236,612103,1560
229,612103,308
45,612103,1176
157,612103,1368
125,612103,1108
233,612104,1156
146,612104,256
132,612104,330
62,612104,594
46,612104,198
222,612104,288
228,612104,570
80,612105,252
236,612105,816
124,612105,510
138,612107,600
108,612107,378
120,612108,1172
132,612109,880
25,612110,882
70,612111,200
140,612111,288
94,612111,1020
166,612111,1350
82,612111,516
120,612112,1386
47,612112,1334
112,612113,970
231,612114,680
233,612115,760
120,612115,2646
71,612115,418
195,612115,820
244,612116,486
140,612116,384
228,612116,660
236,612117,764
199,612117,280
231,612118,548
232,612119,518
66,612120,1192
47,612120,680
72,612120,480
125,612120,1966
233,612121,2530
120,612121,1326
211,612121,944
47,612121,1312
25,612122,930
120,612123,900
244,612123,828
228,612123,760
21,612124,642
46,612124,272
122,612124,750
32,612125,744
62,612126,596
40,612126,212
235,612127,680
96,612128,908
78,612128,808
199,612128,564
51,612130,732
150,612130,256
159,612130,438
140,612131,660
82,612131,546
120,612132,780
115,612132,378
102,612133,228
82,612133,732
236,612134,788
78,612134,500
123,612134,560
32,612135,600
124,612136,1778
223,612136,1264
229,612136,890
235,612136,284
122,612136,252
0,612138,1080
12,612138,5804
31,612138,312
58,612139,686
21,612141,2084
169,612141,218
119,612141,276
130,612141,264
56,612141,1240
97,612141,1754
90,612141,1336
120,612142,2448
20,612142,256
4,612142,792
84,612142,1120
72,612142,1136
37,612142,730
25,612143,1644
46,612143,1622
20,612143,594
4,612143,3280
84,612143,492
21,612144,4248
169,612144,334
25,612146,4336
121,612146,1008
21,612146,2546
4,612146,960
130,612146,836
12,612146,3264
133,612146,1890
43,612147,332
38,612147,1442
0,612148,1702
4,612148,676
214,612148,362
116,612148,680
58,612149,478
23,612152,4858
0,612152,4746
232,612152,324
31,612152,3576
23,612153,6870
21,612153,2130
187,612153,288
141,612153,1764
21,612155,3444
216,612155,192
25,612157,1914
134,612158,350
126,612158,238
116,612158,1692
26,612159,818
216,612159,648
169,612159,1782
4,612159,1920
89,612159,856
187,612160,2100
56,612160,184
23,612161,1604
7,612161,2080
97,612161,240
89,612161,420
212,612161,324
43,612162,336
26,612162,1956
25,612165,702
23,612165,800
120,612165,276
21,612165,2348
59,612165,276
216,612165,344
169,612165,672
128,612165,1022
232,612165,208
17,612165,204
56,612165,572
126,612165,278
78,612165,848
37,612165,456
213,612165,340
66,612166,266
43,612166,944
121,612166,600
4,612166,1406
163,612166,2554
232,612166,230
24,612166,1324
213,612166,350
219,612169,132
169,612171,956
119,612171,1056
128,612171,612
56,612171,616
91,612171,642
89,612171,1568
25,612172,640
27,612172,1234
169,612172,2292
128,612172,648
64,612172,884
24,612172,630
37,612172,1810
25,612173,716
26,612173,376
169,612173,366
97,612173,702
12,612173,1692
126,612173,744
91,612173,1380
116,612173,2520
169,612174,296
138,612174,448
17,612174,348
4,612176,536
84,612176,2088
4,612178,1016
89,612178,276
146,612179,312
19,612179,7392
25,612180,4930
146,612180,2366
143,612180,1938
120,612180,7018
46,612180,2896
236,612180,13184
112,612180,2080
84,612180,266
162,612180,1698
19,612180,5250
64,612180,1176
228,612180,3262
47,612180,3402
157,612180,582
90,612180,708
195,612180,1136
54,612180,6678
27,612181,3204
80,612181,1080
178,612181,1534
55,612181,3916
142,612181,588
111,612181,3710
127,612181,2648
38,612181,1056
219,612181,104
27,612182,2998
80,612182,11676
55,612182,6726
129,612182,1394
142,612182,1610
111,612182,750
8,612182,1670
127,612182,1624
217,612182,192
27,612183,5588
80,612183,12040
178,612183,3170
55,612183,19582
129,612183,4310
142,612183,5780
111,612183,6996
247,612183,1016
8,612183,5632
127,612183,4186
38,612183,5972
202,612184,200
9,612184,1584
202,612185,1816
9,612185,714
147,612185,904
55,612186,1976
0,612186,570
29,612186,3112
9,612186,1400
49,612186,960
134,612186,380
101,612186,672
232,612187,1720
77,612188,756
141,612188,1012
2,612190,4488
226,612190,1640
69,612191,3052
46,612192,1978
75,612193,1546
76,612193,1432
25,612195,1260
1,612195,796
25,612196,360
60,612196,990
46,612196,566
58,612196,298
67,612197,2822
61,612197,3762
187,612198,176
211,612198,1254
92,612198,658
10,612199,2356
138,612199,252
164,612199,2884
147,612199,392
82,612199,2064
22,612200,858
55,612201,940
72,612201,264
145,612202,1444
42,612202,800
25,612205,1332
211,612205,612
134,612205,342
141,612205,1980
3,612206,522
32,612206,3828
169,612206,180
0,612206,3744
49,612206,1960
72,612206,2134
123,612206,810
107,612208,18818
5,612208,4314
21,612208,1060
77,612208,666
92,612208,328
49,612208,1142
134,612208,496
90,612208,4384
102,612208,1320
76,612208,9498
141,612208,7680
10,612220,976
250,612220,538
58,612220,3088
59,612221,448
51,612221,374
128,612221,892
0,612222,1104
199,612222,378
19,612223,5160
229,612223,960
25,612224,572
120,612224,374
32,612224,286
131,612224,374
108,612224,632
45,612224,616
235,612224,320
47,612224,512
233,612225,338
110,612228,1150
109,612228,1184
164,612228,1440
110,612229,204
90,612229,990
48,612229,392
138,612230,1026
115,612230,1252
90,612230,1130
110,612231,716
109,612231,270
90,612231,1040
48,612231,230
144,612232,1440
164,612232,390
187,612233,532
115,612233,700
191,612234,368
90,612234,920
110,612235,200
211,612235,198
164,612235,1982
143,612236,280
55,612236,656
29,612236,720
138,612236,336
211,612237,1152
88,612237,954
144,612238,960
145,612239,740
71,612239,612
138,612239,352
48,612240,836
234,612241,840
144,612242,1344
109,612242,610
48,612242,1416
164,612245,840
115,612245,1680
110,612247,1888
110,612248,974
109,612248,180
110,612249,1888
109,612249,1310
110,612251,1774
138,612251,700
86,612252,1052
72,612252,1242
86,612253,1220
3,612253,528
182,612254,864
10,612254,952
147,612254,474
187,612255,528
138,612255,550
115,612255,458
7,612256,2186
21,612256,14132
99,612256,540
97,612256,398
231,612257,2882
225,612257,1400
232,612258,2148
23,612259,2128
21,612259,2460
59,612259,360
68,612259,3930
0,612259,2220
84,612259,540
97,612259,240
126,612259,1056
37,612259,392
2,612260,482
232,612260,558
224,612260,1226
136,612261,1634
2,612262,698
225,612262,1320
232,612262,1922
224,612262,464
232,612264,3178
20,612265,3686
21,612266,1680
23,612267,20704
7,612267,4164
68,612267,3936
0,612267,7162
128,612267,496
56,612267,384
12,612267,4360
31,612267,3662
24,612267,372
42,612267,292
3,612268,400
202,612268,608
9,612268,418
211,612272,894
74,612272,736
115,612272,612
187,612274,590
138,612274,602
74,612274,4332
115,612274,632
187,612282,294
71,612282,1314
74,612282,240
164,612282,312
138,612285,460
115,612285,710
90,612285,602
25,612286,2878
63,612286,560
10,612286,286
40,612286,1486
26,612300,204
169,612300,334
128,612300,180
91,612300,1068
88,612303,1714
95,612304,1134
55,612304,36
142,612304,570
27,612305,378
80,612305,180
187,612305,652
129,612305,1674
27,612306,1238
105,612306,260
55,612307,908
55,612308,1410
0,612310,946
38,612310,242
142,612311,2956
111,612311,208
127,612311,1376
38,612311,1622
27,612312,220
178,612312,1008
117,612312,1456
55,612312,360
142,612312,3536
8,612312,640
127,612312,2664
38,612312,962
98,612313,692
27,612313,7634
80,612313,740
178,612313,4062
117,612313,806
55,612313,1442
52,612313,612
55,612314,2300
219,612314,240
80,612315,2620
55,612315,180
127,612315,2424
27,612316,304
80,612316,912
55,612316,198
138,612316,476
55,612317,246
111,612317,1652
234,612319,1248
27,612319,6276
178,612319,1612
55,612319,1110
142,612319,1528
40,612319,2250
32,612320,480
125,612320,378
143,612321,832
32,612321,240
51,612321,264
64,612321,2528
234,612322,920
98,612324,760
234,612324,2050
106,612324,11654
8,612324,2318
52,612324,1652
98,612325,2370
117,612325,6798
110,612325,510
88,612325,6458
8,612326,256
52,612326,690
8,612327,954
234,612328,1888
27,612328,5554
8,612328,656
52,612328,836
50,612330,1826
98,612330,1356
117,612330,2832
88,612330,1998
117,612331,1656
98,612332,550
234,612332,480
117,612332,2866
109,612332,798
88,612332,5504
234,612333,2558
106,612333,4520
8,612333,5560
106,612334,1092
88,612335,1320
234,612336,288
106,612336,560
8,612336,1008
117,612337,1652
48,612337,754
227,612338,3600
117,612338,8172
254,612339,660
43,612339,1620
140,612339,700
148,612339,434
163,612339,656
232,612339,1030
12,612339,1098
24,612339,4516
78,612339,312
214,612339,850
236,612347,2126
112,612348,684
150,612348,342
186,612351,512
211,612351,280
90,612351,282
71,612353,280
110,612354,840
144,612355,3180
110,612355,4276
109,612355,1056
88,612355,1080
164,612355,3338
90,612355,200
48,612355,1716
186,612357,224
55,612357,910
211,612357,210
71,612357,9960
138,612357,4452
9,612357,770
105,612357,926
74,612357,29716
115,612357,8502
90,612357,15054
255,612360,252
144,612362,2060
186,612362,2304
27,612362,522
110,612362,2186
109,612362,8112
138,612362,200
164,612362,5184
90,612362,702
48,612362,1494
186,612363,1182
27,612363,1080
187,612363,776
138,612363,1492
9,612363,272
74,612363,616
115,612363,1312
90,612363,606
5,612364,294
186,612364,4388
187,612364,660
77,612364,860
61,612364,1274
49,612364,636
134,612364,928
115,612364,4248
75,612364,1252
42,612364,1562
76,612364,1376
123,612364,3038
75,612365,972
102,612365,756
107,612366,2766
85,612366,1020
7,612366,1150
216,612366,996
29,612366,1276
77,612366,1016
92,612366,1434
9,612366,670
49,612366,3292
72,612366,4004
90,612366,2090
75,612366,586
147,612366,2028
42,612366,1658
102,612366,1636
101,612366,3186
76,612366,4640
123,612366,948
141,612366,4126
84,612367,808
147,612367,1304
187,612368,556
74,612368,194
160,612368,294
25,612369,480
6,612369,1432
10,612369,928
74,612369,3684
67,612370,560
9,612370,200
92,612371,172
49,612371,270
134,612371,446
186,612372,210
92,612372,816
72,612372,2896
90,612372,1312
63,612374,560
160,612374,832
39,612375,3456
43,612375,1212
0,612375,2378
4,612375,1160
84,612375,210
232,612375,1212
31,612375,3506
24,612375,2942
133,612375,938
23,612377,3574
26,612377,256
21,612377,1946
59,612377,624
130,612377,976
56,612377,464
24,612377,5254
43,612378,636
121,612378,1986
24,612378,3176
25,612379,4110
43,612379,2814
3,612379,220
0,612379,2512
130,612379,2268
38,612379,3724
24,612379,7754
7,612381,1614
21,612381,2544
99,612381,520
68,612381,2078
128,612381,1260
65,612381,1178
21,612382,614
68,612382,3284
77,612382,400
24,612382,386
65,612382,908
43,612383,528
121,612383,620
0,612383,400
56,612383,180
47,612383,1806
56,612384,276
97,612384,2214
26,612385,312
21,612385,2072
59,612385,1322
4,612385,312
128,612385,450
12,612385,938
25,612386,1024
38,612386,580
58,612386,3380
119,612389,644
17,612390,308
31,612390,720
43,612392,696
148,612392,602
99,612393,960
49,612393,464
97,612393,238
215,612393,114
26,612394,710
214,612395,1040
59,612396,908
126,612396,352
212,612396,170
115,612397,1560
20,612398,500
31,612398,858
215,612398,120
39,612399,1052
23,612399,4438
59,612399,1068
99,612399,930
169,612399,1042
119,612399,236
97,612399,2680
235,612399,740
126,612399,288
91,612399,444
37,612399,1472
7,612400,1314
23,612401,1082
225,612402,940
232,612402,1414
33,612402,616
232,612403,724
28,612403,468
107,612406,2762
211,612406,452
92,612406,450
72,612406,13946
42,612406,748
141,612406,5260
107,612407,11698
85,612407,774
109,612407,888
77,612407,1568
49,612407,844
134,612407,296
75,612407,2240
42,612407,614
218,612407,3148
102,612407,534
101,612407,1452
76,612407,1600
141,612407,11460
217,612407,948
219,612407,1268
110,612408,238
76,612416,800
123,612417,616
107,612418,5784
85,612418,232
186,612418,560
145,612418,1752
77,612418,3376
92,612418,852
138,612418,1048
9,612418,1400
61,612418,1476
134,612418,300
72,612418,1730
75,612418,1136
40,612418,348
42,612418,1222
141,612418,1554
58,612419,424
245,612420,264
57,612420,322
46,612421,666
72,612423,896
90,612423,234
23,612424,344
80,612424,532
7,612424,1362
59,612424,612
169,612424,528
119,612424,266
202,612424,878
49,612424,988
97,612424,420
126,612424,1646
37,612424,336
112,612430,912
228,612430,964
195,612430,514
146,612431,630
244,612431,516
112,612431,240
235,612431,448
155,612431,1032
62,612432,6140
112,612433,620
25,612434,852
162,612435,648
150,612435,204
93,612436,620
191,612437,576
32,612438,590
236,612438,440
131,612438,280
236,612439,650
139,612439,308
157,612439,360
32,612440,1162
93,612440,868
229,612440,728
228,612440,970
157,612440,2080
125,612440,2058
25,612441,870
146,612441,216
43,612441,252
43,612456,440
55,612456,910
148,612456,1260
232,612456,5106
17,612456,1578
56,612456,2064
115,612456,1820
65,612456,234
78,612456,1944
25,612457,556
216,612457,546
4,612457,300
119,612457,852
128,612457,3306
232,612457,396
56,612457,1050
97,612457,720
12,612457,1802
24,612457,716
3,612458,1092
216,612458,2478
169,612458,1222
128,612458,642
232,612458,390
56,612458,3076
31,612458,1260
126,612458,830
65,612458,216
37,612458,444
23,612459,4230
43,612459,3228
216,612459,3210
0,612459,2604
4,612459,242
84,612459,1080
128,612459,2376
232,612459,396
37,612459,1314
195,612459,1944
21,612460,810
216,612460,378
169,612460,1032
0,612460,3000
4,612460,600
119,612460,3034
128,612460,1548
12,612460,2172
72,612460,1254
25,612461,648
3,612461,2328
7,612461,2112
21,612461,3234
216,612461,312
169,612461,3730
84,612461,936
232,612461,320
126,612461,894
24,612461,306
37,612461,2616
25,612464,16598
43,612464,3298
120,612464,1896
3,612464,3312
121,612464,7250
4,612464,10784
163,612464,2590
84,612464,11070
130,612464,1046
38,612464,4822
133,612464,2752
214,612464,3952
25,612468,3328
107,612468,1146
39,612468,978
23,612468,15194
7,612468,14566
21,612468,9008
216,612468,904
68,612468,9218
169,612468,862
148,612468,1068
128,612468,896
97,612468,400
12,612468,2066
126,612468,804
24,612468,2226
65,612468,450
23,612469,8214
43,612469,420
7,612469,7188
21,612469,10568
55,612469,850
59,612469,360
68,612469,9610
169,612469,1470
148,612469,280
119,612469,252
128,612469,1160
126,612469,820
65,612469,4082
91,612469,1276
37,612469,5142
34,612470,946
23,612470,2776
7,612470,2612
21,612470,13958
68,612470,2378
169,612470,970
0,612470,6340
128,612470,336
56,612470,1074
97,612470,580
126,612470,330
25,612471,1290
107,612471,4876
23,612471,16146
7,612471,3650
21,612471,51244
59,612471,742
99,612471,1120
216,612471,228
68,612471,3816
128,612471,2362
56,612471,252
12,612471,1768
65,612471,548
37,612471,612
116,612471,1788
141,612471,2436
12,612472,2628
23,612473,378
119,612473,1896
23,612474,682
21,612474,3080
216,612474,1080
126,612474,408
37,612474,930
59,612475,1908
128,612475,336
21,612476,1538
236,612476,480
169,612476,230
17,612476,876
12,612476,490
21,612477,2100
68,612477,726
56,612477,756
235,612477,1264
126,612477,680
24,612477,354
212,612477,250
68,612478,688
97,612478,1710
213,612478,280
148,612479,288
17,612479,1232
24,612479,1476
220,612479,300
25,612480,686
23,612480,1176
26,612480,1872
3,612480,4440
21,612480,3474
59,612480,3440
216,612480,1010
169,612480,1118
0,612480,432
148,612480,2370
119,612480,672
17,612480,636
56,612480,306
97,612480,696
12,612480,434
24,612480,1454
37,612480,2546
25,612481,1748
26,612481,1428
7,612481,2400
55,612481,1476
68,612481,10686
169,612481,510
0,612481,5504
4,612481,2366
148,612481,252
119,612481,3660
128,612481,280
232,612481,2388
17,612481,372
61,612481,700
97,612481,1028
12,612481,1476
134,612481,946
31,612481,2380
126,612481,942
24,612481,1476
37,612481,4518
4,612482,374
24,612482,2028
89,612482,960
3,612483,546
89,612483,606
27,612484,692
80,612484,3472
142,612484,2080
38,612484,234
25,612485,612
26,612485,864
17,612485,546
37,612485,826
59,612486,1724
216,612486,624
17,612486,714
37,612486,492
59,612487,924
169,612487,2162
17,612487,608
97,612487,510
65,612487,1744
37,612487,920
52,612487,1026
80,612489,508
178,612489,1488
55,612489,576
142,612489,1124
127,612489,414
142,612491,1690
38,612491,490
98,612493,240
88,612493,1960
52,612493,610
98,612495,220
88,612495,1748
52,612495,210
88,612497,952
23,612499,19668
26,612499,692
7,612499,5570
21,612499,23810
68,612499,4998
169,612499,462
4,612499,420
128,612499,1146
17,612499,1076
97,612499,1356
12,612499,7962
31,612499,3714
24,612499,3360
91,612499,2494
23,612500,1344
163,612500,1464
68,612501,2004
232,612501,952
97,612501,416
37,612501,1056
25,612502,432
7,612502,892
32,612502,888
169,612502,188
23,612503,3572
7,612503,2016
21,612503,2536
67,612503,318
119,612503,224
128,612503,2110
56,612503,224
25,612505,2850
104,612505,1100
67,612505,5794
145,612505,444
10,612505,3742
9,612505,576
61,612505,4046
147,612505,3724
40,612505,2286
57,612505,3674
21,612508,3106
68,612508,3812
169,612508,1160
128,612508,480
126,612508,356
24,612508,444
65,612508,834
23,612509,1080
99,612509,2540
97,612509,2284
115,612509,510
65,612509,744
37,612509,3498
80,612510,240
55,612510,2430
80,612512,304
55,612512,606
23,612517,2248
7,612517,3536
46,612517,494
128,612517,826
92,612517,500
49,612517,7120
134,612517,3968
90,612517,5240
75,612517,312
40,612517,816
42,612517,858
101,612517,262
76,612517,18070
123,612517,2638
48,612517,270
141,612517,17196
107,612518,18714
85,612518,396
67,612518,4992
109,612518,180
74,612518,184
49,612518,2462
90,612518,3618
147,612518,3174
40,612518,876
42,612518,1138
101,612518,1884
76,612518,2174
123,612518,460
141,612518,12174
225,612520,2134
232,612520,2114
55,612521,1008
55,612524,792
27,612525,868
55,612525,684
111,612525,754
127,612525,352
151,612527,324
58,612527,774
4,612528,250
56,612528,594
23,612529,4796
26,612529,642
7,612529,530
21,612529,5698
59,612529,876
99,612529,220
216,612529,1462
119,612529,380
128,612529,950
17,612529,700
235,612529,400
126,612529,1312
65,612529,366
89,612529,1130
4,612530,214
49,612530,460
4,612531,260
49,612531,408
23,612532,742
21,612532,816
187,612532,424
68,612532,866
23,612533,536
21,612533,976
216,612533,642
49,612533,624
97,612533,210
89,612533,658
59,612535,336
148,612535,728
130,612535,1362
130,612536,1224
24,612537,1198
27,612540,252
27,612546,220
163,612546,420
247,612549,676
25,612553,582
58,612553,616
6,612554,1296
84,612555,924
19,612555,944
85,612557,794
85,612558,186
92,612558,804
138,612558,210
85,612559,798
5,612559,696
23,612559,756
187,612559,1284
211,612559,1176
92,612559,240
228,612559,1284
134,612559,220
218,612559,256
5,612561,838
101,612562,924
182,612563,552
84,612563,560
19,612563,880
77,612564,532
123,612564,964
35,612565,1106
5,612566,1256
26,612566,528
29,612566,732
77,612566,1344
92,612566,3982
49,612566,1282
134,612566,1044
75,612566,1114
40,612566,1300
42,612566,540
102,612566,434
123,612566,796
0,612570,3342
43,612573,240
27,612574,794
59,612574,520
25,612575,1032
51,612575,608
162,612575,696
235,612575,720
94,612576,648
166,612576,288
25,612578,876
222,612578,850
228,612578,348
47,612578,216
45,612579,732
228,612580,692
34,612581,2782
5,612581,1016
244,612581,1108
21,612581,7250
32,612581,10722
51,612581,384
139,612581,3210
124,612581,862
71,612581,836
131,612581,1396
228,612581,6680
72,612581,450
159,612581,900
125,612581,858
25,612582,760
21,612582,1456
32,612582,2612
236,612582,1120
93,612582,6874
64,612582,2244
150,612582,462
155,612582,612
159,612582,220
122,612582,1512
25,612583,776
145,612583,250
95,612584,1496
236,612584,810
112,612584,1800
47,612584,228
34,612585,1948
32,612585,612
93,612585,684
228,612585,1016
139,612586,584
157,612586,442
146,612587,558
60,612587,260
80,612588,846
55,612588,426
98,612589,312
27,612589,1634
55,612589,3038
129,612589,510
142,612589,216
8,612589,680
38,612589,2590
88,612589,472
199,612589,688
52,612589,3238
260,612590,1478
34,612591,2892
26,612591,840
119,612591,360
65,612591,442
186,612592,318
142,612592,1236
126,612592,400
32,612598,1090
191,612599,1212
143,612599,860
125,612599,1380
108,612600,648
90,612600,588
125,612600,1006
62,612601,576
235,612602,522
41,612603,846
120,612604,672
47,612604,1376
25,612605,1056
66,612605,710
98,612605,1064
146,612605,2540
27,612605,756
80,612605,2008
62,612605,2460
236,612605,3796
235,612605,1210
47,612605,1144
191,612606,252
32,612606,536
61,612606,330
126,612606,744
188,612607,1234
41,612607,4074
62,612607,2904
235,612607,2816
188,612608,1360
41,612608,2814
62,612608,1352
25,612609,5950
43,612609,4700
3,612609,972
121,612609,2046
0,612609,1884
4,612609,6756
84,612609,5922
130,612609,2282
38,612609,2254
214,612609,3134
109,612610,616
48,612610,1120
110,612611,240
109,612611,240
10,612611,948
47,612613,254
125,612613,240
44,612614,924
60,612614,2424
189,612614,6806
120,612616,436
32,612616,720
64,612616,1170
228,612616,756
66,612617,360
132,612617,976
120,612617,1864
236,612617,514
112,612617,3356
45,612617,2384
26,612618,994
120,612618,2092
27,612618,276
62,612618,770
112,612618,1056
229,612618,872
45,612618,552
89,612618,828
195,612618,1402
45,612619,730
157,612619,186
90,612619,270
25,612621,1042
146,612621,2088
120,612621,2376
140,612621,3334
228,612621,2052
78,612621,724
199,612621,222
195,612621,1984
44,612622,3626
70,612622,3422
60,612622,3496
46,612622,3648
140,612622,3536
166,612622,8142
107,612625,3580
23,612625,888
92,612625,726
47,612625,3978
48,612625,384
107,612626,8228
5,612626,480
77,612626,1412
49,612626,494
75,612626,222
101,612626,360
76,612626,7556
141,612626,3118
217,612626,1296
107,612627,20550
85,612627,1078
71,612627,512
72,612627,11198
75,612627,1066
42,612627,1716
102,612627,402
76,612627,4062
141,612627,2418
29,612628,966
211,612628,568
67,612629,210
202,612629,4842
9,612629,1212
61,612629,2674
72,612629,2010
147,612629,648
40,612629,3518
57,612629,532
1,612630,888
58,612630,1358
107,612634,2970
186,612634,1276
29,612634,2402
84,612634,4146
92,612634,2682
134,612634,462
72,612634,19082
90,612634,7010
65,612634,1284
42,612634,1850
101,612634,264
123,612634,5398
141,612634,2496
202,612636,616
57,612636,1038
160,612636,1500
217,612636,132
220,612636,258
25,612637,180
9,612637,3522
61,612637,982
187,612640,184
169,612640,552
134,612640,456
76,612640,1686
25,612642,1180
57,612642,380
58,612642,1140
10,612643,674
27,612644,1284
50,612650,1486
27,612650,2082
80,612650,586
55,612650,1320
129,612650,1460
142,612650,1466
236,612651,936
146,612652,754
70,612652,1844
166,612652,1298
82,612652,966
231,612653,756
46,612653,198
28,612653,6030
32,612654,432
236,612654,442
112,612654,1638
47,612654,1284
157,612654,216
143,612655,2576
112,612655,270
128,612655,1248
64,612655,1128
127,612655,220
45,612655,888
47,612655,2012
157,612655,11900
78,612655,2908
199,612655,4192
25,612656,1722
132,612656,240
32,612656,720
112,612656,552
45,612656,468
46,612658,1064
82,612658,1080
124,612659,922
162,612659,1380
44,612660,13592
70,612660,1276
140,612660,1240
94,612660,512
166,612660,8420
26,612661,360
46,612661,468
229,612661,400
19,612662,2288
231,612663,528
229,612663,410
232,612663,384
150,612664,794
157,612664,516
159,612664,940
143,612665,456
32,612665,1104
93,612665,396
166,612666,1176
43,612667,330
46,612667,400
236,612667,1596
229,612667,300
228,612667,1224
47,612667,288
82,612667,240
95,612668,816
229,612668,340
32,612670,442
131,612670,364
128,612670,306
146,612671,450
132,612671,1080
62,612671,2350
112,612671,322
108,612671,528
199,612671,952
125,612671,7290
228,612672,520
233,612673,494
120,612673,284
25,612674,756
120,612674,756
21,612674,1540
236,612674,2532
51,612674,252
112,612674,374
229,612674,644
157,612674,672
236,612675,520
45,612675,1542
25,612676,906
96,612676,572
229,612676,928
199,612676,708
232,612678,600
33,612678,228
143,612679,324
229,612679,660
235,612679,888
70,612680,764
143,612681,1440
32,612681,1260
236,612681,1676
96,612681,2102
108,612681,5416
45,612681,378
47,612681,380
78,612681,996
32,612682,786
145,612682,264
47,612683,826
195,612683,208
146,612684,476
112,612684,966
199,612684,434
233,612686,1680
32,612686,902
124,612686,1766
162,612686,304
131,612686,648
228,612686,2374
120,612687,684
51,612687,418
139,612687,700
124,612687,220
155,612687,342
159,612687,1186
122,612687,456
236,612688,474
124,612688,370
119,612688,840
122,612688,216
85,612691,396
77,612691,460
25,612692,632
84,612692,4088
19,612692,772
108,612692,6488
47,612692,2510
25,612693,576
4,612693,308
236,612694,590
66,612695,692
140,612696,450
145,612696,276
199,612696,582
32,612697,456
93,612697,438
64,612697,540
32,612701,2320
139,612701,4542
233,612702,450
132,612702,536
32,612702,670
125,612702,2168
236,612703,492
25,612704,900
32,612705,4160
112,612705,564
157,612705,978
143,612706,572
32,612706,1418
84,612706,816
228,612706,270
59,612707,356
229,612707,540
47,612707,198
233,612708,6170
21,612708,16428
32,612708,32830
187,612708,188
139,612708,15180
96,612708,4056
93,612708,13152
228,612708,14646
150,612708,198
235,612708,8516
155,612708,1188
122,612708,15744
25,612709,1542
34,612709,2474
143,612709,444
21,612709,4458
32,612709,5992
236,612709,434
139,612709,500
124,612709,2556
93,612709,11046
131,612709,252
228,612709,4172
159,612709,1554
122,612709,3906
81,612709,1782
25,612710,508
233,612710,2690
120,612710,3616
27,612710,456
71,612710,694
56,612710,398
47,612710,5900
21,612711,1982
169,612711,312
91,612711,320
107,612713,3892
85,612713,1462
5,612713,5548
29,612713,504
92,612713,416
138,612713,2436
49,612713,1180
75,612713,2752
42,612713,966
102,612713,544
76,612713,14288
58,612713,224
123,612713,444
85,612714,648
228,612714,874
25,612722,760
23,612722,3190
7,612722,490
21,612722,920
99,612722,1310
216,612722,694
68,612722,972
148,612722,1170
119,612722,722
128,612722,620
17,612722,1164
97,612722,1536
65,612722,1682
91,612722,584
217,612722,120
219,612722,144
27,612723,1010
187,612723,224
144,612724,672
110,612724,1424
109,612724,1574
90,612724,1782
110,612725,1124
109,612725,286
164,612725,598
48,612725,532
187,612728,206
138,612728,452
115,612728,996
211,612729,264
71,612729,936
138,612729,560
74,612729,210
55,612733,848
138,612733,392
115,612733,400
187,612735,666
211,612735,248
71,612735,1052
138,612735,11770
74,612735,2888
115,612735,12386
90,612735,9028
187,612736,1102
233,612742,354
132,612742,416
120,612742,392
169,612742,576
228,612742,882
45,612742,1980
150,612742,350
125,612742,426
93,612743,732
229,612743,560
235,612743,266
25,612744,528
78,612744,260
191,612745,204
108,612745,288
125,612745,450
236,612747,760
131,612747,586
155,612747,448
8,612748,200
105,612748,1384
8,612750,1040
105,612750,644
52,612750,270
8,612751,522
52,612751,1800
45,612752,520
188,612753,3592
41,612753,564
235,612753,570
66,612754,12128
32,612754,2456
55,612754,1036
129,612754,468
142,612754,1080
228,612754,836
90,612754,974
125,612754,2546
25,612755,816
66,612755,2024
8,612755,1080
125,612755,2116
25,612756,1212
120,612756,2106
236,612756,750
112,612756,1662
93,612756,2614
228,612756,1268
97,612756,324
150,612756,762
235,612756,990
25,612757,872
96,612757,270
235,612757,444
66,612758,1464
120,612758,446
191,612759,542
120,612759,2548
55,612759,1056
221,612759,252
93,612759,516
235,612759,3320
90,612759,710
199,612759,1182
125,612759,222
108,612760,576
61,612760,380
72,612761,912
146,612762,448
62,612762,432
46,612762,672
140,612762,572
82,612762,522
80,612763,1718
111,612763,408
43,612765,220
26,612765,724
3,612765,1644
4,612765,3830
163,612765,808
145,612766,484
151,612766,804
72,612766,638
57,612766,776
236,612788,832
235,612788,210
47,612788,556
159,612788,554
143,612792,1210
46,612792,330
34,612793,504
32,612793,1944
139,612793,574
223,612793,876
64,612793,700
235,612793,2388
157,612793,224
159,612793,950
34,612794,1296
32,612794,3540
51,612794,1048
93,612794,2904
228,612794,848
115,612794,388
155,612794,342
95,612795,1676
221,612795,686
236,612795,5652
51,612795,696
139,612795,4466
124,612795,452
162,612795,702
228,612795,4482
150,612795,242
164,612795,686
157,612795,1616
159,612795,982
25,612796,570
146,612796,3200
32,612796,3104
46,612796,1068
96,612796,800
78,612796,360
125,612796,324
25,612797,1552
146,612797,2842
120,612797,1712
62,612797,1678
236,612797,922
112,612797,4262
19,612797,720
229,612797,1594
47,612797,2310
199,612797,1416
214,612797,744
195,612797,906
146,612798,246
32,612798,612
146,612799,690
80,612799,926
78,612799,1068
125,612799,512
101,612799,210
244,612800,864
21,612800,5606
32,612800,9740
139,612800,6106
124,612800,10802
96,612800,1488
93,612800,5520
229,612800,3300
150,612800,1524
78,612800,4748
42,612800,636
122,612800,10084
141,612800,1860
81,612800,1096
222,612801,362
78,612801,876
34,612802,3480
32,612802,19856
46,612802,1456
139,612802,6572
124,612802,4168
93,612802,13072
223,612802,400
235,612802,588
21,612803,3304
32,612803,2730
236,612803,498
124,612803,474
93,612803,2888
229,612803,1284
45,612803,544
159,612803,792
44,612804,528
60,612804,2870
189,612804,1486
112,612805,692
159,612805,196
143,612806,1322
120,612806,1038
51,612806,528
93,612806,1716
157,612806,648
146,612807,744
236,612807,190
229,612807,548
45,612807,1266
47,612807,1152
195,612807,760
25,612808,2684
62,612808,504
21,612808,648
1,612808,588
72,612808,35188
90,612808,1204
233,612812,3666
143,612812,1614
244,612812,550
62,612812,240
46,612812,780
236,612812,216
51,612812,636
96,612812,1854
131,612812,516
64,612812,986
228,612812,3690
45,612812,240
235,612812,1056
47,612812,480
78,612812,3468
159,612812,504
25,612813,1028
1,612813,1588
72,612813,306
146,612814,948
143,612814,2652
32,612814,970
46,612814,1216
199,612814,558
186,612815,6268
211,612815,1388
71,612815,10870
138,612815,4528
115,612815,848
144,612817,1308
186,612817,1000
110,612817,3324
109,612817,5034
138,612817,612
9,612817,1170
164,612817,204
115,612817,964
90,612817,4142
138,612820,1432
115,612820,838
109,612822,2052
144,612823,260
110,612823,1094
109,612823,3680
164,612823,504
186,612825,240
211,612825,1392
138,612825,2924
74,612825,516
115,612825,892
90,612825,2190
110,612826,644
109,612826,3318
144,612827,208
110,612827,2772
109,612827,878
164,612827,1206
90,612827,10694
144,612828,1116
110,612828,5454
109,612828,2188
48,612828,2936
234,612831,1240
117,612831,3776
110,612831,5218
109,612831,10498
164,612831,5122
90,612831,2384
48,612831,494
53,612831,1100
144,612833,1730
110,612833,1090
164,612833,1084
48,612833,2584
144,612834,3306
110,612834,560
109,612834,1572
138,612834,1260
164,612834,4510
48,612834,466
121,612844,1276
0,612844,884
90,612845,256
123,612845,1916
29,612849,1214
92,612849,3080
138,612849,1072
134,612849,1028
72,612849,8744
147,612849,2712
101,612849,828
123,612849,532
138,612851,220
134,612851,280
72,612851,4830
75,612851,2994
102,612851,792
76,612851,3824
62,612852,778
151,612852,1522
85,612853,1368
144,612853,924
77,612853,874
42,612853,572
85,612854,540
134,612854,1320
75,612854,910
102,612854,360
107,612855,5438
5,612855,780
145,612855,648
134,612855,1600
72,612855,5384
42,612855,460
102,612855,240
123,612855,322
141,612855,3172
44,612857,408
69,612857,3586
151,612857,1342
29,612862,1554
92,612862,306
141,612862,3204
10,612865,1398
9,612865,2162
40,612865,1424
49,612867,2584
102,612867,612
101,612867,2330
76,612867,900
2,612868,672
22,612868,3672
35,612868,2400
5,612869,960
29,612869,976
77,612869,1100
92,612869,1278
61,612869,1922
49,612869,738
72,612869,2292
160,612869,368
123,612869,956
141,612869,2436
77,612870,204
123,612870,344
141,612870,2130
25,612871,1648
86,612871,208
107,612872,2286
77,612872,868
92,612872,1818
72,612872,584
25,612873,346
32,612873,1364
23,612875,15190
7,612875,5570
21,612875,39626
68,612875,13092
128,612875,216
17,612875,276
97,612875,1200
12,612875,2756
91,612875,280
25,612877,3862
43,612877,780
205,612877,1880
38,612877,2624
214,612877,1690
29,612884,540
29,612885,1052
106,612888,1004
98,612889,2310
117,612889,5872
88,612889,1000
234,612890,1172
8,612890,1242
234,612891,1452
8,612891,860
234,612892,1088
106,612892,380
41,612893,252
98,612893,14618
234,612893,2150
62,612893,2332
117,612893,19026
109,612893,208
88,612893,5996
52,612893,2888
117,612894,25724
109,612894,700
88,612894,25072
52,612894,4076
27,612900,744
148,612900,258
127,612900,544
98,612901,804
55,612901,1220
27,612902,2280
55,612902,2308
142,612903,1176
111,612904,768
8,612904,1578
8,612905,1808
27,612906,7600
27,612907,504
80,612907,888
88,612907,1078
27,612908,846
55,612908,312
55,612909,222
111,612909,1514
25,612910,3408
107,612910,3672
186,612910,2988
29,612910,2050
4,612910,504
145,612910,432
10,612910,2982
9,612910,3456
74,612910,926
134,612910,10220
72,612910,28574
90,612910,18624
40,612910,1236
218,612910,572
57,612910,216
76,612910,3104
141,612910,1644
92,612912,1470
75,612912,966
42,612912,580
141,612912,2270
186,612913,2332
211,612913,504
71,612913,1140
138,612913,3300
74,612913,2890
164,612913,960
115,612913,2248
90,612913,2778
109,612914,590
34,612915,1542
32,612915,686
78,612915,1020
159,612915,524
32,612916,360
96,612916,688
122,612916,328
32,612917,352
228,612917,240
108,612917,330
78,612917,540
195,612917,728
146,612918,796
46,612918,216
41,612919,2158
143,612919,456
108,612919,1918
235,612919,516
195,612919,2704
66,612920,600
120,612920,1304
131,612920,928
191,612921,696
95,612921,650
157,612921,444
46,612922,548
140,612922,2520
94,612922,1020
108,612923,504
34,612924,2490
191,612924,1056
32,612924,928
46,612924,542
223,612924,1674
62,612925,224
106,612925,320
235,612925,540
70,612926,832
41,612927,1328
191,612928,2728
120,612928,4046
128,612928,684
82,612928,650
191,612929,568
96,612929,1148
41,612930,416
235,612930,1296
188,612931,264
62,612931,572
27,612934,4134
80,612934,3318
55,612934,5810
142,612934,2140
111,612934,1492
90,612934,920
27,612935,2004
80,612935,1088
55,612935,3976
216,612935,1222
142,612935,810
80,612936,744
55,612936,540
105,612936,720
27,612937,1184
142,612937,600
127,612937,556
27,612938,1740
80,612938,2900
55,612938,2368
0,612938,468
38,612938,816
98,612939,2118
80,612939,644
55,612939,612
129,612939,444
142,612939,954
127,612939,594
97,612939,924
25,612940,272
26,612940,328
17,612940,304
56,612940,480
97,612940,648
65,612940,1504
85,612941,1884
21,612941,1968
17,612941,432
0,612942,1620
4,612942,660
56,612942,320
23,612943,6756
21,612943,3060
68,612943,2590
39,612944,1056
121,612944,2436
225,612944,2948
232,612944,4792
38,612944,3868
25,612945,1788
84,612946,220
38,612946,2316
25,612949,1886
121,612949,1604
38,612949,2424
232,612950,940
191,612952,1450
143,612952,960
235,612953,520
41,612954,1092
62,612954,528
25,612955,490
112,612955,284
191,612956,948
27,612956,824
32,612956,3252
84,612956,602
223,612956,1240
127,612956,570
235,612956,1524
125,612956,1556
147,612958,2688
23,612959,2692
3,612959,264
21,612959,1118
169,612959,300
128,612959,252
17,612959,848
126,612959,1064
24,612959,2304
21,612961,2908
169,612961,514
39,612962,5756
225,612962,1410
232,612962,1868
224,612962,994
23,612963,3054
7,612963,290
169,612963,240
232,612963,2358
12,612963,1708
24,612963,1432
65,612963,3396
116,612963,976
7,612964,2436
59,612964,876
216,612964,396
169,612964,496
0,612964,980
128,612964,654
12,612964,1390
202,612965,522
9,612965,1762
72,612965,2250
29,612966,598
138,612966,252
3,612967,2364
38,612967,3322
84,612968,1536
21,612969,770
130,612969,2642
17,612969,1234
31,612969,958
24,612969,918
89,612969,3168
25,612970,1390
43,612970,318
121,612970,146
119,612970,954
130,612970,492
126,612970,830
91,612970,726
89,612970,1248
38,612971,2222
25,612972,240
26,612972,1080
59,612972,272
99,612972,736
216,612972,338
169,612972,324
4,612972,466
31,612972,1224
65,612972,732
91,612972,1102
37,612972,2632
39,612973,2124
225,612973,3266
232,612973,7396
224,612973,1708
25,612974,492
43,612974,628
26,612974,308
0,612974,3426
4,612974,1944
119,612974,930
130,612974,1668
56,612974,1132
141,612974,2008
3,612975,3076
20,612975,248
4,612975,366
84,612975,648
23,612976,756
21,612976,2208
65,612976,890
23,612977,1356
68,612977,1838
17,612977,228
12,612977,842
43,612978,560
216,612978,1920
169,612978,848
56,612978,1418
126,612978,942
23,612979,15332
80,612979,1948
3,612979,3486
21,612979,10766
59,612979,410
68,612979,3552
169,612979,264
148,612979,4092
128,612979,4372
9,612979,1772
232,612979,4422
17,612979,1356
97,612979,320
12,612979,3164
24,612979,1432
37,612979,8006
120,612980,3964
234,612981,1344
88,612982,1238
106,612983,1112
62,612984,828
125,612984,1236
52,612985,480
105,612986,336
52,612986,738
143,612988,740
25,612989,1034
146,612989,1250
95,612989,820
32,612989,462
124,612989,456
78,612990,492
110,612992,348
105,612992,260
52,612992,270
23,612993,4502
43,612993,612
0,612993,3676
4,612993,1168
4,613021,1354
130,613021,994
56,613021,196
23,613025,1020
37,613025,424
25,613026,480
59,613026,3122
4,613026,726
148,613026,1572
84,613026,496
91,613026,284
89,613026,1126
26,613027,396
32,613027,880
20,613028,808
4,613028,460
7,613029,1238
119,613029,266
126,613029,236
163,613030,1112
71,613030,360
228,613031,992
25,613032,228
23,613032,1224
128,613032,408
23,613033,270
216,613033,276
142,613033,336
91,613033,680
25,613034,360
23,613034,1052
7,613034,1080
169,613034,198
126,613034,318
42,613034,586
99,613035,964
216,613036,1472
25,613037,984
136,613037,200
4,613038,1046
31,613038,1300
21,613039,1036
21,613040,4680
169,613040,564
124,613040,868
119,613040,796
97,613040,586
126,613040,214
65,613040,1710
91,613040,1722
227,613041,2700
186,613042,2184
227,613042,7956
186,613044,2416
138,613044,4808
74,613044,742
61,613044,1398
72,613044,1006
115,613044,666
46,613047,782
140,613047,888
94,613047,1602
82,613047,980
39,613048,2906
23,613048,14498
43,613048,808
3,613048,4316
7,613048,14786
21,613048,4312
99,613048,852
216,613048,716
68,613048,13678
0,613048,4490
12,613048,2540
24,613048,930
125,613048,238
91,613048,2268
37,613048,4328
76,613048,4000
68,613049,1460
24,613049,636
76,613049,2110
71,613050,552
138,613050,13524
74,613050,2458
115,613050,3712
90,613050,2724
57,613050,1218
85,613052,1060
59,613052,678
68,613052,1004
56,613052,1548
80,613053,1602
142,613054,1136
21,613055,968
126,613055,360
219,613055,348
107,613062,15146
85,613062,442
5,613062,2868
29,613062,1888
77,613062,1020
92,613062,868
49,613062,4722
134,613062,180
72,613062,1174
42,613062,4074
218,613062,1624
102,613062,748
76,613062,2852
123,613062,1768
141,613062,1190
5,613063,420
75,613063,768
218,613063,1160
76,613063,900
29,613064,536
218,613064,880
123,613064,266
102,613065,736
22,613066,998
35,613066,438
77,613068,240
78,613068,1046
102,613068,320
145,613069,390
90,613069,1312
42,613069,696
85,613070,290
211,613070,176
77,613070,506
92,613070,330
42,613070,468
102,613070,554
101,613070,960
57,613070,812
76,613070,3228
231,613071,1914
29,613072,1918
145,613072,712
138,613072,246
134,613072,1632
72,613072,9058
90,613072,7802
37,613072,1190
57,613072,1076
123,613072,1800
29,613073,2914
49,613073,1452
123,613073,1176
110,613075,1256
48,613075,308
110,613076,5246
109,613076,2738
48,613076,420
85,613077,230
0,613077,2482
145,613077,2384
71,613077,570
92,613077,1590
134,613077,3116
72,613077,8954
90,613077,730
75,613077,390
42,613077,2586
101,613077,1430
123,613077,828
3,613078,692
216,613078,400
4,613078,456
232,613078,804
24,613078,278
37,613078,2662
98,613080,3040
234,613080,1506
106,613080,9540
8,613080,3416
88,613080,700
235,613080,408
53,613080,980
85,613096,204
29,613096,778
92,613096,1636
49,613096,4272
75,613096,6414
42,613096,648
102,613096,900
101,613096,440
76,613096,3970
123,613096,920
141,613096,9562
107,613097,910
5,613097,978
49,613097,396
147,613097,864
42,613097,288
76,613097,3228
231,613098,768
226,613098,1792
5,613099,264
134,613099,284
218,613099,912
102,613099,480
107,613100,1282
77,613100,288
102,613100,832
6,613101,294
186,613101,348
9,613101,998
61,613101,378
85,613102,1296
92,613102,342
134,613102,228
67,613103,840
182,613103,1096
77,613104,980
92,613104,270
226,613105,266
232,613105,1030
29,613106,948
145,613107,920
72,613109,588
40,613109,646
76,613109,294
9,613111,270
101,613111,506
76,613111,720
219,613111,510
34,613113,762
143,613113,414
32,613113,590
223,613113,372
122,613113,496
25,613114,1512
21,613114,1608
32,613114,828
236,613114,864
51,613114,298
139,613114,764
112,613114,552
96,613114,736
162,613114,620
228,613114,5204
159,613114,518
122,613114,1954
223,613115,528
150,613115,760
122,613115,408
51,613116,260
235,613116,632
25,613118,660
62,613118,700
32,613118,520
46,613118,740
4,613118,544
229,613118,1080
125,613118,1644
66,613119,260
27,613119,592
221,613119,968
236,613119,944
95,613120,606
93,613120,2136
108,613120,1132
122,613120,1382
146,613121,1218
19,613121,2966
229,613121,1080
19,613122,1176
229,613122,240
233,613123,216
66,613123,702
62,613123,984
32,613123,2264
38,613123,434
235,613123,368
84,613125,624
25,613126,3048
233,613126,740
66,613126,2592
95,613126,216
221,613126,368
94,613126,3050
93,613126,2400
229,613126,1908
235,613126,608
47,613126,2646
255,613126,814
54,613126,822
32,613127,792
228,613127,578
159,613127,560
21,613128,624
139,613128,1928
124,613128,1250
131,613128,288
64,613128,528
150,613128,816
122,613128,3188
140,613129,234
122,613129,636
120,613130,780
231,613131,814
33,613132,528
34,613133,866
25,613135,5136
26,613135,990
0,613135,352
4,613135,4620
31,613135,1950
37,613135,624
5,613136,880
42,613136,332
102,613136,280
2,613140,3130
39,613140,1140
22,613140,1828
231,613140,1362
33,613140,506
2,613141,720
231,613141,884
232,613142,874
138,613143,744
115,613143,640
90,613143,872
9,613144,1250
93,613145,432
123,613145,230
29,613146,340
134,613146,516
123,613146,580
145,613147,620
75,613147,528
123,613147,260
29,613149,456
232,613149,406
10,613150,960
85,613151,948
187,613151,896
77,613151,1836
92,613151,890
101,613151,570
30,613153,638
256,613153,316
25,613154,2956
67,613154,2554
84,613154,2094
9,613154,200
40,613154,846
72,613155,11444
146,613156,860
67,613156,2364
182,613156,384
6,613158,4404
10,613158,1698
61,613158,1336
40,613158,3196
160,613158,402
67,613161,6064
61,613161,2842
107,613163,14058
85,613163,1122
67,613163,910
110,613163,848
77,613163,2182
92,613163,1220
138,613163,512
74,613163,3020
49,613163,306
72,613163,9486
90,613163,3504
75,613163,216
42,613163,900
102,613163,504
76,613163,11304
58,613163,3078
141,613163,14772
6,613165,4398
67,613165,6812
202,613165,1098
10,613165,5682
9,613165,7662
61,613165,3484
147,613165,2464
40,613165,2288
110,613166,2232
145,613166,1336
202,613166,4356
10,613166,11638
138,613166,1944
61,613166,1524
72,613166,6152
90,613166,5088
147,613166,6054
101,613166,1798
57,613166,6176
218,613167,304
101,613167,1044
123,613167,448
85,613168,522
21,613168,972
102,613168,324
101,613168,630
146,613169,1368
77,613169,266
75,613169,872
10,613173,898
9,613173,418
85,613176,210
71,613176,740
92,613176,442
134,613176,1814
72,613176,462
123,613176,360
5,613177,980
77,613177,896
75,613177,472
102,613177,1512
76,613177,1584
141,613177,1214
101,613178,868
22,613180,666
10,613181,13924
9,613181,2066
61,613181,552
40,613181,1262
160,613181,908
233,613183,820
34,613183,810
146,613183,888
236,613183,834
51,613183,444
124,613183,2260
93,613183,640
162,613183,528
150,613183,342
90,613183,666
155,613183,342
159,613183,324
125,613183,500
102,613183,264
25,613184,546
23,613184,608
120,613184,992
21,613184,600
32,613184,3742
124,613184,2280
96,613184,468
162,613184,1260
64,613184,976
150,613184,1770
235,613184,1614
75,613184,324
155,613184,264
159,613184,480
102,613184,700
122,613184,260
221,613185,792
159,613185,224
157,613186,996
46,613187,522
94,613187,976
146,613188,480
120,613188,838
84,613188,390
125,613188,674
44,613189,512
25,613190,1784
233,613190,706
146,613190,482
120,613190,502
236,613190,978
94,613190,1014
19,613190,998
229,613190,1000
45,613190,1770
47,613190,1708
199,613190,516
25,613191,3046
66,613191,286
143,613191,1912
120,613191,3480
32,613191,208
46,613191,264
55,613191,630
112,613191,706
222,613191,1374
19,613191,1148
229,613191,1844
108,613191,3524
199,613191,564
125,613191,1120
195,613191,610
62,613192,4724
25,613193,1456
146,613193,1444
120,613193,1736
62,613193,562
32,613193,4230
55,613193,696
236,613193,480
229,613193,3584
64,613193,6160
228,613193,650
157,613193,1194
25,613194,2734
66,613194,1460
95,613194,680
120,613194,3344
32,613194,9320
51,613194,878
93,613194,3214
64,613194,5398
228,613194,612
47,613194,7850
84,613196,924
120,613197,852
134,613197,256
132,613198,1394
47,613198,622
95,613199,876
222,613199,796
93,613199,288
155,613199,696
21,613200,1188
32,613200,852
162,613200,1460
125,613200,322
122,613200,1002
21,613201,1710
32,613201,856
71,613201,910
229,613201,740
155,613201,642
122,613201,2166
191,613202,714
94,613202,774
222,613202,206
228,613202,866
47,613202,402
125,613202,320
89,613202,208
44,613203,12712
146,613203,600
70,613203,1434
166,613203,3768
143,613204,984
47,613204,274
159,613204,294
195,613204,672
44,613205,960
70,613205,714
166,613205,1172
70,613206,4214
94,613206,528
25,613207,844
146,613207,1736
120,613207,3760
244,613207,204
32,613207,5546
236,613207,1616
96,613207,234
222,613207,996
84,613207,736
131,613207,2608
19,613207,576
229,613207,1194
228,613207,1310
47,613207,3670
157,613207,1036
147,613207,1180
54,613207,4960
81,613207,2742
44,613208,6708
70,613208,1362
189,613208,892
82,613208,1016
199,613209,778
233,613210,4568
120,613210,3416
62,613210,568
71,613210,338
38,613210,448
47,613210,6168
44,613211,5616
146,613211,638
60,613211,1440
140,613211,1188
94,613211,568
166,613211,1478
82,613211,1464
236,613213,634
51,613213,1230
45,613213,718
25,613214,1664
23,613214,560
119,613214,588
23,613215,1264
7,613215,2726
21,613215,504
126,613215,1248
23,613216,1800
21,613216,2886
216,613216,1312
37,613216,1194
21,613217,6168
65,613217,300
34,613218,1996
23,613218,2640
7,613218,2004
21,613218,2662
169,613218,670
97,613218,420
37,613218,1670
52,613219,5008
43,613222,3364
4,613222,1894
130,613222,960
56,613222,1312
24,613222,1014
3,613223,248
38,613223,488
26,613224,210
24,613224,300
65,613224,632
4,613225,532
163,613225,320
214,613225,360
20,613226,696
7,613227,1134
97,613228,1140
65,613228,644
244,613229,710
148,613230,780
148,613231,920
163,613231,528
37,613233,1012
21,613234,996
21,613235,876
216,613235,322
91,613235,510
34,613236,1632
23,613236,1428
26,613236,560
7,613236,868
21,613236,4426
59,613236,1004
68,613236,1728
128,613236,1180
126,613236,352
65,613236,1892
91,613236,1120
227,613237,2202
23,613238,1460
148,613238,240
43,613239,280
4,613239,1104
23,613240,26166
7,613240,9228
21,613240,20340
59,613240,652
216,613240,496
68,613240,3458
169,613240,384
128,613240,364
122,613240,860
25,613246,13182
70,613246,1552
72,613246,79196
58,613246,3128
125,613247,852
51,613248,426
139,613248,3860
112,613248,4014
96,613248,4772
228,613248,3454
47,613248,5368
65,613248,842
155,613248,264
199,613248,4546
195,613248,1830
32,613249,450
47,613249,792
125,613249,340
25,613250,416
120,613250,988
32,613250,1662
236,613250,462
229,613250,2382
228,613250,1312
47,613250,1064
125,613250,916
195,613250,982
32,613251,432
47,613251,276
199,613251,590
125,613251,792
95,613252,320
32,613252,286
228,613252,702
120,613253,1370
46,613253,884
108,613253,820
49,613253,244
157,613253,1044
78,613253,1000
143,613254,378
112,613254,1080
199,613254,540
32,613255,832
140,613255,942
47,613255,882
66,613256,624
93,613256,832
45,613256,740
25,613257,540
112,613258,288
78,613258,720
244,613259,1088
32,613259,512
93,613259,2676
232,613260,4122
25,613261,534
43,613261,624
120,613261,830
138,613261,794
229,613261,736
47,613261,464
157,613261,672
19,613262,840
157,613262,216
25,613263,532
34,613263,1480
32,613263,3732
93,613263,12764
229,613263,3830
64,613263,1050
108,613263,864
157,613263,840
78,613263,828
125,613263,4686
46,613264,480
228,613264,308
199,613264,1056
62,613265,570
46,613265,758
108,613265,588
143,613266,2744
32,613266,1152
124,613266,696
223,613266,684
162,613266,774
122,613266,2170
144,613275,208
109,613275,1184
48,613275,270
211,613276,516
71,613276,270
74,613276,1950
138,613280,1360
74,613280,1300
146,613281,276
228,613281,690
231,613282,1022
132,613283,1710
32,613283,606
162,613283,456
19,613283,932
78,613283,1134
195,613283,732
32,613284,840
93,613284,688
223,613284,598
65,613284,492
155,613284,320
132,613285,1026
120,613285,420
19,613285,432
195,613285,500
232,613286,384
28,613286,446
62,613287,460
32,613287,1084
195,613287,540
25,613288,1124
115,613288,228
155,613289,840
159,613289,328
34,613290,672
124,613290,1032
93,613290,1198
108,613290,2064
233,613291,1546
132,613291,560
244,613291,418
32,613291,1322
51,613291,480
78,613291,816
124,613292,470
159,613292,528
122,613292,744
32,613293,680
93,613293,224
78,613293,758
159,613293,540
120,613294,620
32,613294,448
51,613294,804
93,613294,732
223,613294,2174
157,613294,694
90,613294,220
125,613294,804
25,613295,2398
191,613295,578
95,613295,288
132,613295,206
32,613295,864
236,613295,1612
112,613295,5978
45,613295,4460
47,613295,1624
157,613295,4098
72,613295,834
159,613295,1920
54,613295,3300
46,613296,992
229,613296,880
244,613297,1200
32,613297,1254
221,613297,816
157,613297,810
199,613298,510
125,613298,464
120,613299,264
46,613299,972
236,613299,312
195,613299,694
25,613300,656
120,613300,324
62,613300,800
46,613300,840
234,613303,640
52,613303,340
8,613304,638
105,613304,1168
8,613305,280
52,613305,644
8,613306,528
105,613306,1172
52,613306,408
8,613307,782
52,613308,638
38,613309,2400
27,613310,834
32,613312,972
236,613312,572
51,613312,988
19,613312,468
235,613312,432
17,613314,1056
12,613314,598
60,613315,426
46,613315,184
166,613315,1330
120,613316,950
148,613316,294
91,613316,2110
143,613317,4324
132,613317,2922
62,613317,536
46,613317,962
140,613317,4060
45,613317,3158
31,613317,3822
78,613317,1432
125,613317,580
195,613317,1318
62,613319,1420
0,613319,2152
4,613319,1776
120,613322,842
62,613322,1292
46,613322,1188
195,613322,1848
46,613323,696
68,613324,3068
96,613324,1000
219,613324,252
43,613325,1288
130,613325,1380
219,613325,216
25,613326,4898
51,613326,212
96,613326,516
228,613326,5604
169,613327,2376
212,613327,216
219,613327,190
68,613328,2316
56,613328,692
24,613328,308
212,613328,468
38,613330,2588
212,613330,230
219,613330,210
25,613331,4784
95,613331,792
21,613331,250
139,613331,1466
124,613331,3472
112,613331,838
228,613331,1808
155,613331,1282
159,613331,1916
125,613331,814
95,613332,1036
236,613332,832
112,613332,1664
155,613332,828
78,613332,260
236,613334,1066
19,613334,620
195,613334,496
146,613335,4826
84,613335,3662
82,613336,1960
25,613338,1848
19,613338,442
47,613338,516
157,613338,4424
195,613338,2674
39,613339,512
232,613339,3262
27,613340,486
32,613340,690
24,613340,216
112,613341,502
125,613341,1320
21,613351,1704
4,613351,1126
132,613352,3518
120,613352,1016
27,613352,208
80,613352,656
32,613352,1356
55,613352,8256
221,613352,420
108,613352,224
90,613352,752
78,613352,1288
125,613352,782
120,613353,448
47,613353,650
188,613354,1344
41,613354,600
62,613354,1672
188,613355,480
62,613355,616
117,613355,624
235,613356,1346
235,613357,544
191,613359,4298
27,613359,1260
162,613359,1300
90,613359,536
125,613359,6756
60,613361,1356
236,613362,758
131,613362,210
228,613362,282
25,613363,1128
19,613363,216
25,613364,600
235,613365,590
157,613365,238
51,613366,670
235,613366,328
146,613367,2184
62,613367,630
46,613367,540
191,613368,2734
236,613368,6364
112,613368,6438
162,613368,704
47,613368,3842
159,613368,1676
25,613369,7120
32,613369,1248
46,613369,6276
51,613369,2136
124,613369,4524
112,613369,1308
93,613369,3136
131,613369,3142
157,613369,2952
78,613369,4784
199,613369,2658
54,613369,1904
95,613370,1272
51,613370,456
96,613370,782
162,613370,532
131,613370,2194
123,613370,400
70,613371,2228
166,613371,17934
46,613372,606
166,613372,1792
120,613373,2420
84,613373,1142
186,613382,192
94,613382,2458
77,613382,606
72,613382,1608
57,613382,960
141,613382,2264
245,613383,276
107,613385,1840
74,613385,294
49,613385,440
90,613385,3108
75,613385,276
42,613385,1240
76,613385,2238
123,613385,186
141,613385,1396
107,613387,1004
5,613387,2724
21,613387,1976
187,613387,896
202,613387,2128
77,613387,2094
92,613387,672
49,613387,2944
90,613387,3390
40,613387,900
42,613387,288
102,613387,252
101,613387,1950
76,613387,6882
123,613387,234
48,613387,920
141,613387,9182
80,613390,536
8,613390,1088
27,613391,288
178,613391,260
55,613391,384
142,613391,912
142,613392,922
27,613393,1048
178,613393,216
55,613394,484
38,613394,422
55,613396,2088
142,613396,500
138,613397,1008
62,613401,980
146,613402,768
95,613402,620
62,613402,2794
94,613402,590
235,613402,396
47,613402,1132
157,613402,198
78,613402,792
10,613403,1372
61,613403,944
58,613403,1006
27,613404,2592
55,613404,13370
127,613404,474
38,613404,224
55,613405,1450
0,613405,2952
142,613405,2528
8,613405,742
38,613405,360
146,613406,308
86,613406,556
72,613406,10216
57,613406,702
82,613406,240
27,613409,4626
80,613409,1928
55,613409,2720
52,613409,2534
98,613410,2552
117,613410,252
106,613410,2496
88,613410,7960
52,613410,5368
10,613412,552
30,613415,634
256,613415,318
133,613415,160
62,613421,840
229,613421,450
157,613421,290
110,613423,540
109,613423,1512
143,613428,258
120,613428,420
51,613428,640
108,613428,1084
90,613428,900
81,613428,584
112,613429,3142
19,613429,640
24,613429,596
32,613430,1860
223,613430,1288
159,613430,420
120,613431,662
129,613431,1428
112,613431,936
159,613431,1066
32,613432,3404
236,613432,948
162,613432,1338
64,613432,560
75,613432,442
236,613433,652
139,613433,972
93,613433,2508
64,613433,582
150,613433,816
155,613433,248
70,613434,4244
46,613434,450
82,613434,240
25,613435,2130
66,613435,380
132,613435,786
120,613435,938
32,613435,2022
112,613435,2234
96,613435,378
222,613435,1078
19,613435,2220
229,613435,7292
228,613435,2640
45,613435,3452
78,613435,604
25,613436,736
235,613436,308
236,613437,390
228,613437,360
235,613437,1718
125,613437,1120
46,613438,324
94,613438,340
228,613438,820
25,613440,1636
66,613440,6770
132,613440,294
120,613440,4194
80,613440,348
62,613440,678
32,613440,810
222,613440,2968
25,613441,710
112,613441,264
124,613442,352
232,613442,600
44,613443,1326
140,613443,264
132,613444,842
32,613444,1016
112,613445,1022
25,613446,750
51,613446,344
157,613446,568
221,613447,576
112,613447,2890
162,613447,1326
159,613447,1110
122,613447,1060
43,613450,4520
26,613450,1440
84,613450,700
12,613450,1194
31,613450,1282
38,613451,1172
20,613452,1964
216,613452,232
0,613452,1722
232,613452,1642
31,613452,390
133,613452,1360
25,613453,3562
148,613453,220
232,613453,432
24,613453,450
214,613453,766
25,613454,3632
23,613454,2008
21,613454,5258
59,613454,216
119,613454,2428
56,613454,270
89,613454,1110
25,613455,866
43,613455,220
3,613455,1152
0,613455,8724
130,613455,182
12,613455,6300
21,613456,1080
0,613456,1226
119,613456,456
21,613457,2832
65,613457,360
23,613458,2850
43,613459,2910
59,613459,1054
130,613459,578
31,613459,1184
34,613460,2628
23,613460,3324
7,613460,2588
21,613460,10682
68,613460,8176
17,613460,264
97,613460,636
31,613460,648
126,613460,360
65,613460,456
107,613464,1090
23,613464,198
27,613464,864
7,613464,2028
21,613464,1958
68,613464,7214
119,613464,666
12,613464,852
65,613464,2014
91,613464,664
37,613464,2250
89,613464,270
216,613470,352
128,613470,808
126,613470,256
4,613472,626
214,613472,430
39,613473,944
169,613473,210
163,613473,824
84,613473,198
130,613473,210
80,613476,1740
55,613476,2676
111,613476,888
25,613478,5990
23,613478,5308
7,613478,2592
21,613478,9890
99,613478,378
68,613478,3340
169,613478,1336
0,613478,3360
97,613478,310
37,613478,1224
89,613478,288
7,613480,2796
21,613480,5554
99,613480,672
232,613480,868
12,613480,2832
31,613480,448
178,613486,2762
117,613486,1162
191,613490,1306
32,613490,960
120,613491,706
62,613491,440
45,613491,486
191,613492,244
32,613492,1314
51,613492,1116
0,613492,664
90,613492,706
159,613492,1038
125,613492,564
235,613493,1592
62,613498,1894
110,613499,1218
109,613499,630
88,613499,160
164,613499,374
44,613502,888
60,613502,472
189,613502,1218
132,613503,632
235,613503,492
47,613503,716
146,613504,1372
143,613504,1084
62,613504,360
140,613504,510
236,613504,456
21,613505,2014
32,613505,882
124,613505,626
93,613505,5548
228,613505,1356
21,613506,646
236,613506,726
124,613506,1066
120,613507,526
112,613507,774
143,613508,1286
120,613508,604
244,613508,1460
93,613508,1512
125,613508,1224
122,613508,1280
25,613509,600
233,613509,704
132,613509,1872
32,613509,2688
131,613509,5370
228,613509,836
47,613509,1032
199,613509,1614
54,613509,804
132,613510,680
32,613510,220
112,613510,540
19,613510,888
108,613510,1950
78,613510,850
199,613510,1028
32,613511,180
235,613511,646
34,613512,780
95,613512,930
32,613512,1984
146,613513,970
157,613513,278
44,613514,1800
189,613514,428
191,613515,664
46,613515,402
62,613516,564
62,613517,834
70,613518,1758
21,613519,480
32,613519,4060
236,613519,2450
93,613519,348
162,613519,876
64,613519,4734
228,613519,2374
150,613519,596
122,613519,7320
162,613520,1276
8,613521,1452
117,613522,1562
88,613522,1402
234,613523,972
98,613524,4072
117,613524,5922
129,613524,460
88,613524,9328
52,613524,7304
105,613526,1836
52,613526,352
21,613532,4728
51,613532,264
139,613532,924
96,613532,504
131,613532,612
228,613532,1656
235,613532,1364
157,613532,196
143,613535,1286
120,613535,1320
244,613535,1550
32,613535,2960
236,613535,996
51,613535,5042
139,613535,1092
124,613535,2380
112,613535,1184
64,613535,3872
47,613535,364
90,613535,894
75,613535,770
155,613535,1014
52,613537,4238
25,613538,6578
143,613538,3070
95,613538,3020
32,613538,1456
51,613538,4230
139,613538,506
124,613538,1568
93,613538,3806
71,613538,510
223,613538,540
162,613538,2668
131,613538,1178
64,613538,1052
228,613538,1224
150,613538,392
235,613538,1358
47,613538,2022
157,613538,1962
155,613538,726
78,613538,798
159,613538,644
122,613538,3656
30,613558,2374
3,613558,480
256,613558,918
251,613558,716
71,613566,744
138,613566,284
48,613567,504
109,613568,1368
110,613569,1500
109,613569,1328
48,613569,792
53,613569,360
144,613570,864
110,613570,936
109,613570,374
164,613570,1312
90,613570,540
109,613571,532
90,613571,1248
164,613572,1260
202,613573,4198
10,613573,4226
90,613573,6588
57,613573,2132
20,613574,1800
182,613574,5306
29,613574,2524
84,613574,216
10,613574,2614
9,613574,1806
147,613574,2264
58,613574,616
141,613578,2084
141,613580,1858
107,613581,4192
85,613581,1048
92,613581,1924
9,613581,552
72,613581,240
75,613581,320
40,613581,3000
102,613581,406
76,613581,1020
123,613581,224
211,613583,444
202,613583,448
49,613583,2360
72,613583,2520
75,613583,598
26,613584,238
187,613584,310
49,613584,1050
42,613584,1146
102,613584,710
76,613584,3288
25,613586,3146
107,613586,1506
5,613586,2478
29,613586,660
77,613586,1342
92,613586,5816
9,613586,7686
74,613586,1392
38,613586,2170
49,613586,2334
134,613586,570
75,613586,3028
102,613586,1710
101,613586,660
76,613586,6444
123,613586,792
141,613586,2492
107,613587,1870
85,613587,834
218,613587,756
67,613591,3700
216,613591,420
92,613591,944
134,613591,210
72,613591,1382
24,613591,1674
101,613591,3656
57,613591,2100
144,613592,252
92,613592,1152
42,613592,432
218,613592,1522
76,613592,660
123,613592,1992
29,613593,240
101,613593,484
76,613593,1816
29,613594,1932
57,613594,240
110,613595,240
109,613595,728
164,613595,588
110,613596,1544
110,613597,1496
138,613597,2346
164,613597,200
115,613597,5162
48,613597,764
59,613598,600
119,613598,616
49,613598,804
3,613599,368
0,613599,826
25,613600,1766
121,613600,354
25,613601,696
0,613601,3808
38,613601,526
26,613602,1270
7,613602,850
169,613602,656
128,613602,530
91,613602,900
27,613603,1996
130,613604,2532
97,613604,1448
23,613605,2896
119,613605,520
224,613606,1126
34,613607,2282
55,613607,564
216,613607,2904
68,613607,1828
169,613607,1804
4,613607,1164
148,613607,1724
97,613607,456
24,613607,324
65,613607,912
37,613607,280
89,613607,1566
0,613608,2200
128,613609,276
12,613609,2266
25,613610,8048
43,613610,6396
27,613610,2160
121,613610,3166
0,613610,1444
4,613610,11080
163,613610,12172
84,613610,9930
38,613610,2908
214,613610,5416
138,613611,2636
74,613611,1000
109,613612,1640
144,613613,162
110,613613,516
109,613613,1232
186,613614,602
187,613614,1096
68,613614,1202
211,613614,1368
71,613614,6818
138,613614,3476
74,613614,294
115,613614,224
90,613614,2980
186,613615,6840
110,613615,300
211,613615,6538
71,613615,10080
138,613615,18524
9,613615,4100
74,613615,9286
164,613615,3012
72,613615,3636
115,613615,23608
90,613615,29558
186,613616,276
211,613616,1382
71,613616,952
115,613616,192
90,613616,3352
110,613617,3212
109,613617,1368
90,613617,3286
109,613618,2268
164,613618,936
48,613618,396
132,613619,480
26,613619,414
120,613619,372
80,613619,288
32,613619,2452
112,613619,584
131,613619,510
228,613619,910
115,613619,454
78,613619,948
66,613620,1692
146,613620,1210
32,613620,5888
236,613620,976
24,613620,1002
199,613620,3054
195,613620,512
5,613621,1006
244,613621,1342
7,613621,900
21,613621,10976
32,613621,1212
139,613621,2766
124,613621,16664
96,613621,5850
162,613621,784
64,613621,1276
228,613621,260
24,613621,5656
255,613621,2798
159,613621,874
122,613621,356
81,613621,4148
34,613622,2688
95,613622,288
244,613622,378
21,613622,1044
32,613622,2186
236,613622,1188
51,613622,308
139,613622,2868
124,613622,3098
93,613622,3580
64,613622,4150
228,613622,7638
45,613622,3020
159,613622,1612
122,613622,12144
141,613622,5118
81,613622,2646
25,613623,2738
21,613623,8516
32,613623,5686
236,613623,1974
139,613623,3944
96,613623,3640
93,613623,2732
64,613623,4024
228,613623,15462
150,613623,900
159,613623,1440
122,613623,10610
54,613623,336
34,613624,2796
95,613624,524
21,613624,13758
32,613624,8656
46,613624,1936
236,613624,1328
112,613624,1032
162,613624,2908
64,613624,2218
228,613624,5374
150,613624,580
78,613624,2568
159,613624,596
146,613625,796
199,613625,790
46,613626,878
143,613627,924
95,613627,836
236,613627,528
51,613627,3156
93,613627,3154
235,613627,6332
155,613627,360
159,613627,234
132,613628,700
45,613628,728
195,613628,980
25,613630,816
124,613630,638
96,613630,464
122,613630,560
27,613632,570
150,613632,1186
25,613633,4010
146,613633,4708
62,613633,8164
9,613633,534
45,613633,3606
25,613634,962
120,613634,750
187,613634,548
47,613634,1000
30,613635,2824
256,613635,2034
251,613635,884
133,613635,2094
30,613640,2388
3,613640,694
256,613640,458
251,613640,4486
133,613640,800
3,613644,246
251,613644,462
133,613644,368
30,613645,3284
3,613645,1742
256,613645,1530
251,613645,1198
133,613645,1838
30,613647,1286
251,613647,374
133,613647,98
30,613653,668
251,613656,212
133,613656,544
85,613658,1228
77,613658,2166
102,613658,190
101,613658,742
141,613658,1170
29,613659,848
218,613659,640
76,613659,876
85,613660,352
49,613660,3058
115,613660,188
90,613660,3312
42,613660,732
218,613660,600
76,613660,1134
160,613660,480
187,613661,390
115,613661,932
90,613661,720
25,613662,3520
72,613662,3936
2,613663,8650
39,613663,1150
231,613663,532
232,613663,2262
28,613663,2258
9,613664,41264
40,613664,3874
67,613665,756
110,613665,710
145,613665,650
10,613666,524
72,613666,606
57,613666,398
75,613667,480
42,613667,216
2,613668,3054
22,613668,8692
226,613668,544
224,613668,1654
28,613668,320
85,613669,468
0,613669,994
29,613669,216
72,613669,278
160,613669,1288
107,613670,5916
85,613670,1518
5,613670,648
216,613670,876
145,613670,720
202,613670,2634
77,613670,2778
92,613670,720
74,613670,1392
49,613670,2008
134,613670,2878
72,613670,206
75,613670,2992
42,613670,1108
101,613670,1334
76,613670,5560
141,613670,1536
182,613671,2006
216,613673,340
72,613673,2492
231,613676,432
225,613676,1630
226,613676,3488
28,613676,1084
49,613677,310
75,613677,540
102,613677,1024
101,613677,2756
0,613682,928
38,613682,3732
56,613683,1144
25,613684,2202
23,613685,3010
21,613685,2348
216,613685,538
169,613685,558
128,613685,700
148,613686,344
119,613686,2308
17,613686,1240
148,613687,2782
214,613687,346
23,613688,1760
216,613688,368
68,613688,3334
25,613689,1260
23,613690,2972
119,613690,240
25,613691,1308
121,613691,304
0,613691,2168
38,613691,258
39,613693,9620
22,613693,4272
225,613693,4146
232,613693,3952
224,613693,2662
21,613694,2764
216,613694,396
97,613694,274
85,613697,506
21,613697,4726
46,613697,448
68,613697,4828
29,613697,2316
110,613697,5310
134,613697,464
72,613697,630
90,613697,17580
101,613697,532
57,613697,4540
76,613697,26648
141,613697,38674
2,613698,1036
233,613700,632
143,613700,2808
120,613700,3110
32,613700,676
46,613700,888
140,613700,240
236,613700,3842
84,613700,2980
108,613700,1630
45,613700,1054
47,613700,528
157,613700,414
90,613700,486
125,613700,2884
195,613700,494
54,613700,3198
62,613701,774
85,613702,460
72,613702,198
90,613702,530
75,613702,760
24,613702,910
102,613702,608
123,613702,290
107,613703,1452
75,613703,616
224,613704,798
202,613706,750
61,613706,780
147,613706,2084
40,613706,4802
25,613707,5102
146,613707,2374
145,613707,3282
10,613707,6362
61,613707,7778
72,613707,2424
147,613707,672
40,613707,19414
25,613708,3012
67,613709,1324
145,613709,2822
202,613709,3930
10,613709,900
9,613709,4934
61,613709,2840
40,613709,3470
57,613709,3998
151,613710,2164
46,613711,1588
151,613711,2690
40,613714,1874
20,613715,342
182,613715,5478
84,613715,912
147,613715,3156
92,613716,1474
72,613716,360
24,613716,868
123,613716,1704
23,613717,816
29,613717,432
211,613717,590
92,613717,448
134,613717,1050
90,613717,1078
75,613717,752
101,613717,760
61,613719,1250
67,613720,1674
61,613720,418
40,613720,616
25,613721,768
6,613721,1054
67,613721,2132
10,613721,3626
9,613721,1028
74,613721,976
61,613721,616
40,613721,4990
5,613722,812
92,613722,1300
75,613722,524
42,613722,918
76,613722,1150
6,613723,1080
49,613723,400
75,613723,792
22,613724,888
20,613725,944
182,613725,2354
84,613725,2720
147,613725,2852
58,613725,3744
68,613726,540
29,613726,498
77,613726,920
10,613726,450
49,613726,1236
72,613726,234
90,613726,228
42,613726,1044
102,613726,208
101,613726,750
76,613726,810
123,613726,576
69,613730,664
69,613731,1534
151,613731,440
218,613732,1290
57,613732,198
29,613733,1196
145,613733,544
134,613733,266
224,613734,442
5,613735,1164
90,613735,328
6,613736,2148
6,613737,1102
67,613737,1276
9,613737,200
40,613737,708
29,613740,1166
145,613740,414
75,613740,1438
101,613740,290
76,613740,3248
123,613740,998
20,613741,3010
182,613741,1428
84,613741,2602
141,613745,1656
26,613746,364
49,613746,272
218,613746,680
141,613746,1272
107,613747,1406
10,613747,336
0,613748,2364
234,613750,1868
106,613750,8130
8,613750,1088
234,613751,1152
27,613751,1092
178,613751,1408
55,613751,4114
129,613751,1044
142,613751,4928
127,613751,3804
38,613751,1842
0,613752,214
38,613752,2340
112,613753,1792
56,613753,434
89,613753,228
42,613754,1360
218,613754,992
101,613754,440
123,613754,1140
25,613755,560
61,613755,904
72,613755,960
43,613756,710
67,613756,626
9,613756,478
110,613757,600
9,613757,788
146,613759,2316
84,613759,2148
10,613759,2292
147,613759,23326
58,613759,2184
6,613760,432
40,613760,924
61,613761,1136
40,613761,898
160,613761,948
25,613762,446
34,613762,3940
146,613762,550
120,613762,936
244,613762,1218
21,613762,4380
32,613762,9962
236,613762,2464
139,613762,532
124,613762,5412
211,613762,1096
92,613762,294
64,613762,1568
228,613762,3714
150,613762,272
157,613762,654
155,613762,234
159,613762,840
122,613762,2256
82,613762,182
81,613762,2706
25,613763,4180
62,613763,4212
21,613763,11910
32,613763,6928
236,613763,5088
139,613763,2144
124,613763,276
131,613763,778
92,613763,372
64,613763,1200
228,613763,19098
150,613763,736
159,613763,780
125,613763,420
122,613763,9910
54,613763,4072
25,613764,1776
233,613764,6114
120,613764,852
244,613764,1688
21,613764,2382
32,613764,1524
140,613764,222
236,613764,6696
124,613764,5042
96,613764,1386
222,613764,2268
93,613764,750
162,613764,600
64,613764,886
228,613764,4686
45,613764,408
235,613764,2610
159,613764,732
122,613764,7710
76,613764,2092
81,613764,990
72,613765,886
123,613765,364
134,613766,240
75,613766,540
186,613768,824
187,613768,330
138,613768,414
107,613770,1450
85,613770,528
77,613770,344
92,613770,850
138,613770,216
49,613770,2876
72,613770,6294
115,613770,636
75,613770,528
42,613770,3730
102,613770,288
76,613770,4360
123,613770,1032
145,613771,958
101,613771,814
123,613771,1144
147,613772,3542
23,613773,20876
7,613773,1320
21,613773,32754
59,613773,600
68,613773,6228
17,613773,552
126,613773,1176
37,613773,1788
25,613774,284
121,613774,186
0,613774,216
38,613774,1570
44,613775,730
25,613777,2082
57,613777,516
84,613778,756
147,613778,2354
25,613779,608
132,613779,460
62,613779,402
142,613779,216
84,613779,856
19,613779,456
229,613779,1086
108,613779,890
125,613779,908
21,613780,1952
32,613780,1866
236,613780,840
157,613780,200
78,613780,1562
32,613781,1440
236,613781,448
45,613781,572
51,613782,192
150,613782,440
19,613783,440
229,613783,216
244,613789,700
162,613789,2218
64,613789,718
228,613789,660
150,613789,456
155,613789,1028
122,613789,230
142,613790,500
228,613790,540
159,613790,958
95,613791,416
244,613791,706
124,613791,630
122,613791,240
66,613792,484
32,613792,220
46,613792,478
131,613792,352
233,613793,572
66,613793,364
32,613793,522
112,613793,560
228,613793,408
62,613794,216
19,613794,1512
229,613794,432
62,613795,336
19,613795,576
229,613795,450
46,613796,2564
236,613796,358
84,613796,1708
108,613796,4086
47,613796,2110
78,613796,1352
233,613798,440
146,613798,652
32,613798,384
112,613798,200
93,613798,1220
235,613798,766
30,613799,378
256,613799,224
25,613800,3060
121,613800,1788
4,613800,5662
84,613800,1260
130,613800,400
38,613800,1888
214,613800,4386
32,613802,520
66,613803,240
223,613803,960
47,613803,602
66,613804,892
120,613804,594
223,613804,468
66,613805,950
125,613805,280
157,613806,224
125,613806,1540
23,613812,5976
21,613812,5880
68,613812,3468
17,613812,972
59,613814,198
68,613814,730
148,613814,480
56,613814,286
126,613814,300
91,613814,344
37,613814,396
23,613815,9384
56,613815,108
3,613816,486
251,613816,1366
30,613825,480
256,613833,1392
251,613833,1088
133,613833,208
236,613841,840
133,613842,242
235,613844,798
157,613844,970
191,613845,760
120,613845,660
82,613845,698
236,613847,914
25,613849,396
26,613849,5860
21,613849,2064
59,613849,362
68,613849,2484
169,613849,1352
17,613849,1132
56,613849,2834
89,613849,1262
191,613855,914
95,613855,180
228,613855,360
39,613858,2028
140,613862,476
251,613870,170
133,613870,312
66,613875,400
62,613875,544
236,613875,420
235,613875,240
34,613876,2612
107,613876,1972
21,613876,1800
32,613876,6754
46,613876,424
236,613876,1404
129,613876,698
139,613876,3020
124,613876,1752
228,613876,1608
45,613876,608
150,613876,534
78,613876,1640
125,613876,5640
122,613876,864
66,613877,656
236,613877,1152
74,613877,956
66,613878,1232
143,613878,1290
112,613878,498
108,613878,1132
235,613878,640
155,613878,680
78,613878,344
125,613878,892
51,613879,624
112,613879,558
125,613879,1110
8,613881,1336
105,613881,264
52,613881,3096
191,613884,390
32,613884,214
55,613884,1170
236,613884,504
84,613884,1758
125,613884,288
5,613885,1010
120,613885,8230
80,613885,1590
46,613885,3198
140,613885,3324
124,613885,498
131,613885,1674
228,613885,550
12,613885,1480
157,613885,836
102,613885,272
141,613885,1120
105,613887,506
52,613887,1130
23,613903,1182
26,613903,240
21,613903,4696
67,613903,1732
59,613903,604
119,613903,516
17,613903,384
25,613905,7078
233,613905,716
120,613905,2092
32,613905,6784
221,613905,1346
236,613905,1122
51,613905,3866
45,613905,830
157,613905,3034
255,613905,1666
122,613905,5114
25,613912,3478
120,613912,2704
244,613912,1212
32,613912,3424
221,613912,160
236,613912,2372
51,613912,238
64,613912,308
228,613912,582
78,613912,1538
199,613912,1344
25,613916,772
233,613916,972
132,613916,520
120,613916,2292
32,613916,4906
221,613916,1630
51,613916,3288
112,613916,682
93,613916,2284
235,613916,1656
47,613916,1492
255,613916,560
146,613919,2844
120,613919,708
244,613919,984
80,613919,640
32,613919,2210
94,613919,1862
112,613919,2380
96,613919,1338
93,613919,966
162,613919,458
131,613919,1588
47,613919,1200
25,613920,240
146,613920,300
32,613920,1408
221,613920,864
112,613920,352
96,613920,568
150,613920,748
157,613920,1740
78,613920,428
25,613921,4252
146,613921,7840
120,613921,2184
244,613921,1104
236,613921,2908
93,613921,3384
131,613921,1500
19,613921,7688
229,613921,2880
157,613921,1184
54,613921,1000
25,613923,664
78,613923,222
251,613925,430
30,613928,118
256,613928,324
146,613930,262
120,613930,690
95,613931,1308
120,613931,998
236,613931,630
93,613931,954
64,613931,2684
159,613931,318
122,613931,710
5,613932,368
95,613932,642
139,613932,1104
124,613932,1200
96,613932,4136
162,613932,850
228,613932,6174
150,613932,542
195,613932,768
54,613932,1310
81,613932,1218
85,613935,704
92,613935,704
130,613935,462
216,613938,416
9,613938,1020
134,613938,180
42,613938,480
216,613939,396
134,613939,688
147,613939,266
145,613940,1404
61,613940,252
0,613941,456
38,613941,1888
23,613943,24986
21,613943,38326
68,613943,2424
0,613943,1808
76,613943,2568
116,613943,1984
28,613944,992
163,613945,1250
130,613945,3042
38,613945,584
24,613945,5082
133,613945,2068
214,613945,1992
43,613946,1604
3,613946,2604
121,613946,2124
0,613946,4780
4,613946,2240
232,613946,2772
31,613946,1206
24,613946,1968
21,613947,5640
0,613947,4884
12,613947,2736
126,613947,524
25,613948,912
23,613948,3538
21,613948,2706
68,613948,5232
56,613948,1888
24,613948,1540
65,613948,396
21,613949,198
68,613949,1736
216,613950,568
169,613950,650
12,613950,1428
3,613952,1534
4,613952,2794
163,613952,2840
84,613952,3732
130,613952,1488
31,613952,3826
24,613952,1834
214,613952,2158
23,613953,1180
126,613953,204
25,613955,352
121,613955,294
20,613955,636
0,613955,304
4,613955,462
25,613956,374
38,613956,380
4,613957,1660
31,613957,1162
43,613958,1396
20,613958,912
4,613958,5716
84,613958,1212
31,613958,1016
214,613958,2286
4,613959,324
84,613959,610
31,613959,1674
43,613960,312
130,613960,294
38,613960,890
148,613961,1076
227,613962,15460
187,613962,1056
216,613963,328
169,613963,1490
126,613963,286
84,613965,834
163,613966,1144
26,613967,216
169,613967,936
119,613967,540
17,613967,848
56,613967,488
126,613967,384
59,613968,1172
119,613968,1464
17,613968,396
126,613968,322
26,613969,320
59,613969,500
216,613969,426
68,613969,408
97,613969,464
126,613969,472
37,613969,1440
27,613970,3712
7,613971,900
23,613981,3048
27,613981,240
148,613989,2380
89,613989,2734
34,613993,2168
169,613993,512
4,613993,420
24,613993,440
25,613995,1736
121,613995,3402
84,613995,3980
25,613996,1610
3,613996,210
169,613999,232
148,613999,386
12,613999,1512
55,614000,260
0,614000,3524
216,614003,232
169,614003,220
232,614003,280
91,614003,1696
7,614004,1014
21,614004,5736
169,614004,578
128,614004,606
90,614004,1104
89,614004,864
234,614006,1498
106,614006,4752
105,614006,4128
52,614006,3972
80,614007,2970
178,614007,2660
55,614007,7148
129,614007,1292
142,614007,2078
111,614007,1352
8,614007,2262
127,614007,1526
38,614007,1058
25,614008,3968
0,614008,1392
38,614008,1320
106,614010,976
98,614011,708
234,614011,2614
106,614011,5430
110,614011,1290
52,614011,23372
27,614012,790
0,614012,1026
25,614014,2004
3,614014,2258
0,614014,1080
4,614014,1548
24,614014,1798
89,614014,2692
116,614014,1988
25,614015,1788
30,614017,740
251,614017,444
23,614024,734
7,614024,2358
21,614024,3042
99,614024,520
169,614024,234
128,614024,778
97,614024,708
43,614025,1356
0,614025,2910
211,614025,696
9,614025,3196
105,614025,1674
72,614025,1128
89,614025,1970
27,614029,9494
27,614030,1590
55,614030,1696
27,614031,1670
55,614031,566
111,614032,1042
27,614033,388
55,614033,710
38,614033,1654
55,614034,420
142,614034,8792
8,614034,1260
127,614034,224
74,614034,420
38,614034,6244
80,614036,228
178,614036,1792
117,614036,420
55,614036,1542
52,614036,504
55,614037,2936
142,614037,2918
111,614037,1620
127,614037,934
142,614038,884
38,614039,938
178,614042,576
55,614042,7684
129,614042,940
127,614042,1790
178,614043,864
55,614043,1504
105,614043,790
55,614044,1278
105,614044,1302
92,614045,280
75,614045,476
76,614045,1312
25,614046,3778
107,614046,6618
5,614046,25544
186,614046,3912
216,614046,440
29,614046,7364
77,614046,3360
10,614046,1338
92,614046,3096
138,614046,3816
49,614046,16874
134,614046,888
235,614046,3892
72,614046,4868
75,614046,1272
40,614046,3728
218,614046,800
101,614046,3816
76,614046,9304
141,614046,10408
217,614046,1572
213,614046,624
106,614047,608
117,614048,748
88,614048,1400
98,614049,1248
27,614050,444
178,614050,1480
106,614051,2042
98,614054,3510
88,614054,192
117,614056,15348
38,614056,4116
88,614056,7398
95,614062,1064
120,614062,568
221,614062,220
124,614062,672
108,614062,846
159,614062,1192
25,614063,1562
120,614063,574
62,614063,408
112,614063,248
45,614063,346
47,614063,220
125,614063,504
58,614063,418
4,614064,3616
148,614064,230
23,614065,2280
7,614065,1120
59,614065,320
216,614065,1322
68,614065,1236
202,614065,2768
17,614065,1104
97,614065,400
92,614066,1632
164,614066,242
138,614067,198
105,614067,714
97,614067,312
72,614067,2172
236,614068,702
229,614068,208
146,614069,1020
140,614069,1184
43,614088,1528
25,614089,1584
26,614089,414
169,614089,388
0,614089,254
90,614089,432
7,614091,2180
21,614091,5990
216,614091,800
68,614091,2976
28,614093,906
25,614094,630
0,614094,1636
38,614094,1902
25,614095,1086
43,614095,2472
26,614095,404
59,614095,176
12,614095,602
37,614095,416
89,614095,1292
148,614096,1096
130,614096,512
89,614096,3498
4,614099,2284
55,614100,378
148,614100,434
119,614100,1086
232,614100,746
89,614100,714
34,614101,2480
169,614101,1788
37,614101,330
23,614102,4414
26,614102,266
21,614102,1908
68,614102,828
25,614103,510
3,614103,376
38,614103,2164
25,614104,4354
1,614104,1436
0,614104,2622
169,614106,612
128,614106,276
37,614106,2390
32,614107,480
93,614107,224
228,614107,242
25,614108,460
93,614108,240
228,614108,240
155,614108,224
120,614109,198
62,614109,612
32,614109,400
108,614109,286
72,614109,816
125,614109,798
25,614110,588
132,614110,400
32,614110,348
236,614110,378
130,614110,450
112,614111,376
64,614111,734
78,614111,216
25,614112,2750
233,614112,576
143,614112,856
32,614112,442
236,614112,4986
139,614112,324
4,614112,512
235,614112,216
47,614112,1512
122,614112,234
76,614112,620
25,614113,1188
66,614113,318
146,614113,2136
143,614113,660
132,614113,384
21,614113,576
32,614113,652
140,614113,688
131,614113,216
229,614113,534
45,614113,2076
47,614113,740
157,614113,1446
125,614113,1608
25,614114,5886
143,614114,1092
132,614114,512
120,614114,416
21,614114,528
32,614114,2944
112,614114,1092
93,614114,1216
223,614114,266
229,614114,1240
228,614114,624
108,614114,414
47,614114,2650
54,614114,648
231,614115,3398
46,614115,378
189,614115,484
143,614119,826
32,614119,1724
236,614119,1160
51,614119,216
94,614119,672
235,614119,252
44,614120,460
70,614120,910
144,614125,3628
110,614125,1368
109,614125,2420
164,614125,2260
90,614125,198
48,614125,768
187,614126,1050
211,614126,782
71,614126,270
115,614126,1026
90,614126,4804
106,614127,7040
110,614127,8176
109,614127,2880
235,614127,940
48,614127,14656
109,614129,324
90,614129,3544
144,614130,234
109,614130,1720
90,614130,792
120,614132,1560
62,614132,17424
235,614132,21384
75,614134,700
218,614134,208
29,614135,240
72,614135,1042
148,614136,768
134,614136,860
90,614136,624
20,614137,476
182,614137,578
84,614137,1056
22,614138,480
35,614138,520
92,614139,200
72,614139,1880
141,614139,1478
145,614141,456
49,614141,982
20,614142,1056
147,614142,840
6,614143,1140
67,614143,974
202,614143,704
9,614143,1020
6,614144,696
85,614145,1122
216,614145,304
77,614145,792
75,614145,760
218,614145,204
102,614145,1324
76,614145,4420
107,614147,2220
85,614147,192
5,614147,1934
101,614147,1414
76,614147,1050
141,614147,1672
42,614148,192
141,614148,1216
102,614149,1176
101,614149,780
123,614149,310
84,614150,256
58,614150,794
25,614151,478
25,614152,756
67,614152,468
40,614152,1094
6,614153,670
29,614153,340
218,614153,468
85,614154,228
76,614154,754
66,614156,4004
191,614156,2470
32,614156,1632
236,614156,4280
223,614156,360
228,614156,1980
90,614156,192
25,614157,774
38,614157,336
72,614157,1368
58,614157,362
62,614158,3468
8,614158,2240
105,614158,5650
52,614158,12258
49,614161,394
134,614161,1834
186,614162,200
49,614162,176
134,614162,2400
42,614162,336
107,614164,17936
110,614164,738
92,614164,172
138,614164,3960
49,614164,366
72,614164,3762
90,614164,8256
75,614164,560
147,614164,228
101,614164,270
76,614164,27226
123,614164,252
141,614164,2798
101,614165,680
76,614165,2700
77,614166,192
49,614166,1174
49,614167,2534
75,614167,220
65,614167,520
102,614167,780
29,614168,2194
72,614168,862
42,614168,1118
123,614168,696
46,614170,1372
151,614170,2560
25,614171,672
46,614171,1704
25,614173,1130
46,614173,612
1,614173,426
151,614173,1590
57,614173,374
58,614173,724
107,614174,1032
49,614174,582
10,614176,756
61,614176,4130
147,614176,1020
57,614176,504
160,614176,3026
145,614179,870
49,614179,1078
75,614179,954
218,614179,876
102,614179,210
76,614179,1816
20,614181,654
84,614181,1194
19,614181,856
227,614182,8622
134,614183,192
72,614183,1940
34,614184,2244
119,614184,204
97,614184,564
91,614184,1212
233,614185,2608
120,614185,17764
62,614185,3602
236,614185,1520
8,614185,546
228,614185,2030
47,614185,11194
90,614185,5192
125,614185,6266
95,614205,714
26,614205,288
21,614205,5016
236,614205,3356
68,614205,638
51,614205,1286
124,614205,1290
96,614205,5150
222,614205,2790
93,614205,234
223,614205,638
131,614205,284
235,614205,1114
159,614205,464
32,614206,19138
46,614206,520
29,614206,492
96,614206,240
64,614206,1330
228,614206,2398
150,614206,774
235,614206,616
122,614206,1132
25,614207,1002
95,614207,902
120,614207,1848
32,614207,882
46,614207,1188
51,614207,340
131,614207,782
244,614208,976
51,614208,664
93,614208,1056
228,614208,1004
34,614209,3722
95,614209,618
32,614209,11740
51,614209,200
139,614209,414
93,614209,208
131,614209,2604
64,614209,4054
228,614209,2616
235,614209,698
90,614209,578
78,614209,4972
122,614209,2624
34,614210,2114
95,614210,2286
32,614210,2210
236,614210,652
51,614210,2636
139,614210,336
112,614210,2952
93,614210,352
255,614210,1364
155,614210,1538
78,614210,1270
122,614210,640
32,614213,1652
236,614213,1188
162,614213,1192
235,614213,624
122,614213,528
21,614214,1192
32,614214,1464
51,614214,528
235,614214,860
233,614215,1150
95,614215,744
46,614215,300
236,614215,1360
222,614215,236
150,614215,220
122,614215,502
143,614216,510
95,614216,1362
124,614216,256
228,614216,3414
144,614218,1104
164,614218,180
144,614220,220
48,614220,1288
144,614221,220
110,614221,384
211,614221,448
109,614221,364
138,614221,2080
164,614221,480
115,614221,200
90,614221,5680
48,614221,1176
144,614222,756
187,614222,726
109,614222,2916
90,614222,2952
109,614223,1520
164,614223,1684
48,614223,1224
187,614224,228
71,614224,1890
110,614225,3800
48,614225,678
110,614226,5042
146,614229,660
139,614229,1560
159,614229,470
55,614230,568
25,614232,400
3,614232,378
121,614232,268
0,614232,1808
84,614233,392
130,614233,484
12,614233,1940
24,614233,1840
214,614233,236
46,614235,574
221,614235,448
47,614235,852
25,614236,1030
136,614236,2620
21,614238,2000
216,614238,356
128,614238,438
43,614239,1850
3,614239,576
59,614239,1976
216,614239,1992
0,614239,1314
148,614239,1148
119,614239,2900
17,614239,256
56,614239,2368
91,614239,960
89,614239,4454
211,614252,1252
115,614252,480
90,614252,522
48,614252,602
110,614253,1178
109,614253,2020
164,614253,220
48,614253,594
187,614254,554
71,614254,2036
138,614254,5702
74,614254,3712
115,614254,7160
90,614254,4728
110,614255,3144
109,614255,2532
90,614255,2808
48,614255,216
186,614256,1516
71,614256,216
138,614256,5586
74,614256,320
90,614256,2890
138,614257,2440
74,614257,3352
115,614257,2742
90,614257,4034
186,614260,2528
187,614260,528
142,614260,1322
71,614260,2534
74,614260,896
90,614260,14888
115,614261,1522
186,614263,1326
211,614263,1556
71,614263,336
138,614263,3970
74,614263,1692
115,614263,624
90,614263,2700
187,614264,630
71,614264,394
90,614264,304
62,614266,2612
235,614266,360
188,614267,252
41,614267,260
62,614267,3970
191,614268,396
236,614268,696
125,614268,310
66,614269,5208
191,614269,570
143,614269,4140
32,614269,4300
55,614269,702
142,614269,1240
228,614269,2002
108,614269,564
125,614269,5050
120,614271,496
199,614271,1086
66,614272,888
120,614272,212
108,614272,420
92,614274,1374
42,614274,740
85,614275,684
134,614276,280
102,614276,420
76,614276,2076
145,614277,2542
92,614278,780
67,614279,1444
9,614279,2688
40,614279,850
57,614279,1608
58,614279,1104
134,614280,618
72,614280,528
218,614280,228
93,614282,1334
64,614282,1194
155,614282,828
159,614282,216
120,614283,932
236,614283,458
120,614284,612
32,614284,666
96,614284,1146
93,614284,398
159,614284,1670
32,614285,456
96,614285,854
41,614286,690
235,614286,688
32,614288,474
235,614288,436
199,614288,294
191,614292,582
32,614292,830
108,614292,232
82,614292,364
107,614295,5018
5,614295,1510
145,614295,612
138,614295,2828
232,614295,200
134,614295,454
72,614295,2896
40,614295,730
42,614295,740
101,614295,510
212,614295,240
21,614296,250
77,614296,532
92,614296,228
61,614296,564
21,614297,408
29,614297,616
92,614297,264
61,614297,248
29,614310,2086
145,614310,390
92,614310,240
49,614310,442
72,614310,880
76,614310,1836
141,614310,1854
72,614311,2940
107,614312,2440
49,614312,686
76,614312,1804
123,614312,386
25,614313,586
69,614313,1476
2,614315,544
22,614315,4138
35,614315,914
67,614316,848
202,614316,300
61,614316,422
72,614316,2020
25,614317,1386
107,614318,2064
72,614318,480
72,614319,578
141,614319,2400
49,614320,448
72,614320,1242
141,614320,1490
145,614321,608
74,614321,504
49,614321,504
134,614321,484
72,614321,6946
90,614321,2226
25,614322,1162
86,614322,444
107,614323,16056
67,614323,2464
68,614323,2010
77,614323,396
92,614323,1000
138,614323,2208
49,614323,2016
72,614323,5306
90,614323,2396
75,614323,612
42,614323,468
101,614323,948
57,614323,408
76,614323,18544
141,614323,660
85,614324,1342
10,614325,1938
29,614326,12758
71,614326,570
92,614326,4156
9,614326,2748
61,614326,3056
134,614326,6238
72,614326,7582
75,614326,680
101,614326,918
123,614326,3210
25,614329,4486
121,614329,1202
46,614329,1206
1,614329,1616
166,614329,1020
58,614329,15020
29,614330,1108
92,614330,768
72,614330,2510
72,614332,348
57,614332,638
84,614333,990
57,614333,2010
160,614333,720
67,614334,1032
40,614335,662
62,614336,650
109,614336,950
42,614337,1524
25,614338,1830
9,614338,1966
61,614338,1516
76,614339,2032
92,614340,290
76,614340,2092
29,614341,1414
72,614341,186
75,614341,944
123,614341,1014
72,614342,2148
5,614354,1996
77,614354,504
69,614356,860
20,614358,358
182,614358,1044
68,614362,1288
74,614362,620
5,614365,912
92,614365,320
123,614365,860
20,614366,280
182,614366,472
85,614367,308
92,614367,792
92,614369,712
42,614369,636
102,614369,734
25,614370,448
38,614370,720
226,614371,1920
28,614371,706
27,614372,1020
80,614372,240
142,614372,3628
119,614372,1308
127,614372,816
38,614372,4298
34,614373,2496
32,614373,3120
125,614373,594
78,614374,496
25,614375,740
108,614375,240
78,614376,512
25,614377,1398
32,614377,2976
124,614377,1300
112,614377,2142
93,614377,1260
131,614377,1154
45,614377,1260
155,614377,344
122,614377,846
95,614378,1038
236,614378,1612
124,614378,1410
93,614378,2610
228,614378,2542
122,614378,2834
32,614379,4974
236,614379,1072
51,614379,2434
93,614379,1128
235,614379,376
159,614379,490
62,614380,342
108,614380,952
244,614381,1130
21,614381,912
124,614381,548
93,614381,1134
71,614381,944
159,614381,2220
122,614381,2174
146,614382,506
120,614382,792
140,614382,2648
21,614383,266
124,614383,1056
150,614383,438
255,614383,792
34,614384,544
95,614384,3130
32,614384,6154
236,614384,1712
124,614384,2042
162,614384,1444
228,614384,1322
150,614384,2132
159,614384,526
120,614385,2336
96,614385,708
45,614385,1532
47,614385,624
255,614385,872
120,614386,720
19,614386,1148
108,614386,1628
61,614386,516
235,614386,6636
195,614386,992
66,614387,648
222,614387,956
236,614388,704
108,614388,1258
235,614388,624
195,614389,1070
47,614390,1040
120,614391,2532
120,614392,316
32,614392,918
120,614393,896
139,614393,926
255,614393,874
155,614393,500
244,614394,660
32,614394,640
162,614394,976
44,614395,546
60,614395,1004
189,614395,728
132,614396,1442
62,614396,808
78,614397,400
195,614397,696
120,614398,608
235,614398,684
155,614398,552
25,614399,1264
32,614399,2068
221,614399,1238
131,614399,1340
78,614399,762
195,614399,222
120,614400,624
96,614400,638
45,614400,548
155,614400,596
82,614400,1978
146,614401,2100
19,614401,3414
229,614401,200
191,614402,378
32,614402,728
64,614402,832
70,614403,2302
46,614403,590
166,614403,4112
32,614404,1134
155,614404,1066
159,614404,192
122,614404,1522
95,614405,516
21,614405,3638
139,614405,1396
124,614405,6060
96,614405,1200
131,614405,888
228,614405,8412
235,614405,1744
157,614405,858
159,614405,784
122,614405,762
236,614406,544
244,614407,474
32,614407,858
108,614407,428
155,614407,900
236,614409,1104
25,614410,1002
108,614411,1016
199,614411,738
47,614412,1962
236,614413,796
25,614414,6824
146,614414,13514
121,614414,930
221,614414,1350
19,614414,4368
228,614414,3654
108,614414,1240
255,614414,2030
195,614414,3302
32,614415,1432
112,614415,688
244,614416,1266
51,614416,1920
47,614416,192
143,614417,1288
142,614417,592
222,614417,986
47,614417,508
120,614418,584
96,614418,1286
222,614418,1532
34,614419,1530
146,614419,734
120,614419,1146
64,614419,1628
236,614421,1200
51,614421,350
159,614421,460
25,614423,702
25,614424,590
32,614424,204
159,614424,274
62,614425,2760
34,614431,2026
32,614431,600
236,614431,696
124,614431,1972
228,614431,4120
244,614432,880
236,614432,980
139,614432,2198
211,614432,612
64,614432,2546
159,614432,216
146,614433,240
32,614433,884
199,614433,500
131,614434,800
229,614434,348
34,614435,2376
95,614435,320
32,614435,7366
236,614435,1156
129,614435,432
119,614435,564
93,614435,312
229,614435,2816
64,614435,1562
228,614435,800
150,614435,228
72,614435,1468
82,614435,930
236,614436,1098
95,614437,280
244,614437,1416
32,614437,1324
236,614437,2774
124,614437,1434
162,614437,1768
155,614437,624
159,614437,994
46,614438,1176
236,614438,604
112,614438,2850
157,614438,620
122,614438,560
32,614439,1200
221,614439,306
122,614439,616
34,614440,366
32,614440,1256
25,614441,900
229,614441,552
39,614442,360
232,614442,1080
28,614442,1958
144,614443,3258
117,614443,300
110,614443,396
109,614443,1284
115,614443,460
90,614443,16562
105,614445,1692
52,614447,640
25,614448,960
132,614448,732
139,614448,792
112,614448,984
131,614448,2786
228,614448,2342
235,614448,564
78,614448,804
159,614448,330
195,614448,658
120,614449,678
84,614449,1164
155,614451,1652
8,614452,360
105,614452,600
8,614453,992
52,614453,5122
32,614455,640
46,614455,352
125,614455,220
51,614456,1120
41,614457,598
41,614458,526
95,614458,432
112,614458,492
236,614459,1300
108,614459,1128
25,614460,1016
228,614461,910
19,614462,508
80,614463,550
235,614463,306
66,614464,1450
47,614464,984
38,614466,490
125,614466,306
39,614467,3192
231,614467,1192
28,614467,1640
33,614467,264
25,614468,660
51,614468,588
150,614468,184
235,614468,792
233,614470,240
21,614470,1400
32,614470,2546
51,614470,1646
139,614470,834
96,614470,5686
93,614470,4788
162,614470,1056
228,614470,5928
235,614470,2114
159,614470,920
122,614470,564
32,614471,1302
46,614471,1606
51,614471,1932
139,614471,1216
93,614471,736
64,614471,2540
228,614471,980
235,614471,770
255,614471,978
159,614471,740
122,614471,3042
82,614471,1260
107,614490,14076
85,614490,1434
5,614490,2946
186,614490,486
77,614490,408
92,614490,216
138,614490,228
49,614490,2146
42,614490,1804
102,614490,322
101,614490,854
76,614490,6420
141,614490,6848
107,614491,27974
5,614491,13032
77,614491,628
92,614491,382
49,614491,10204
134,614491,1080
72,614491,4810
90,614491,7420
75,614491,764
42,614491,3402
101,614491,600
76,614491,10166
123,614491,1056
141,614491,11804
10,614492,1130
9,614492,2836
47,614493,2016
143,614494,498
32,614494,858
127,614494,576
235,614494,1050
159,614494,306
125,614494,356
25,614495,1026
120,614495,1656
62,614495,836
32,614495,3474
94,614495,888
19,614495,4248
64,614495,994
228,614495,3058
108,614495,638
157,614495,406
78,614495,2914
195,614495,484
54,614495,2860
81,614495,672
228,614496,874
34,614497,1140
46,614497,1036
233,614498,646
191,614498,1034
25,614500,1770
107,614500,12496
85,614500,266
5,614500,6806
77,614500,774
92,614500,1960
61,614500,296
49,614500,324
134,614500,210
90,614500,1172
75,614500,1868
42,614500,234
218,614500,844
102,614500,1936
101,614500,2696
76,614500,11286
123,614500,216
140,614502,1584
47,614502,528
34,614504,700
221,614504,1490
236,614504,444
131,614504,1682
228,614504,1344
157,614504,200
155,614504,468
95,614505,1590
32,614505,2368
25,614506,642
23,614506,1050
32,614506,12238
236,614506,1286
93,614506,11914
223,614506,1158
229,614506,4358
150,614506,216
159,614506,1178
122,614506,7586
54,614506,952
44,614508,932
70,614508,916
255,614509,420
78,614509,960
191,614510,346
96,614510,660
108,614510,624
44,614511,1640
60,614511,840
32,614512,616
221,614512,912
235,614512,330
159,614512,340
151,614513,768
72,614513,4050
58,614513,1402
144,614514,2588
186,614514,780
117,614514,3012
110,614514,7684
109,614514,4000
88,614514,544
164,614514,2060
90,614514,14986
228,614517,858
235,614517,1760
195,614517,360
19,614518,4070
229,614518,1568
47,614519,712
78,614519,220
236,614520,532
222,614520,192
25,614521,1872
146,614521,588
120,614521,2732
140,614521,312
222,614521,1512
229,614521,864
47,614521,420
157,614521,1064
236,614522,1170
47,614522,416
157,614522,572
46,614523,528
125,614523,932
96,614524,400
108,614524,702
157,614524,820
21,614525,1320
32,614525,7814
139,614525,1938
124,614525,1406
96,614525,560
228,614525,6106
74,614525,312
235,614525,1112
159,614525,308
122,614525,3712
38,614526,954
55,614527,1674
55,614528,396
127,614528,1260
142,614529,1196
88,614530,1564
80,614531,196
55,614531,1610
8,614533,280
105,614533,1110
27,614534,54628
3,614534,5148
8,614534,14796
105,614534,2480
88,614534,2692
52,614534,13266
120,614535,1250
21,614535,720
124,614535,198
228,614535,774
159,614535,792
122,614535,944
25,614536,1524
112,614536,600
19,614536,1000
195,614536,552
25,614537,1746
235,614537,652
47,614537,532
157,614537,2076
143,614538,200
62,614538,1222
95,614539,648
64,614539,196
95,614541,768
221,614541,1422
236,614541,2596
51,614541,1820
229,614541,738
228,614541,2586
47,614541,836
157,614541,792
54,614541,776
141,614541,742
25,614543,1032
229,614543,450
236,614544,692
19,614544,300
47,614544,858
95,614545,560
229,614545,1742
25,614546,1128
84,614546,1168
45,614546,520
125,614546,546
62,614547,904
19,614548,722
191,614549,432
199,614549,1008
66,614550,1176
199,614550,714
125,614550,216
25,614551,986
132,614551,660
51,614551,2318
112,614551,2756
84,614552,780
19,614552,1428
236,614553,560
51,614554,990
150,614554,264
32,614555,960
122,614555,224
120,614556,980
94,614556,1014
143,614557,1156
25,614558,1380
233,614558,844
146,614558,1642
143,614558,1242
132,614558,726
120,614558,5240
62,614558,740
32,614558,480
46,614558,2266
236,614558,4526
111,614558,1358
84,614558,614
228,614558,420
108,614558,1002
61,614558,592
47,614558,1248
157,614558,1060
54,614558,3372
21,614559,1272
236,614559,1518
93,614559,432
162,614559,966
45,614559,306
235,614559,2112
122,614559,918
106,614560,2366
8,614561,1824
88,614561,360
106,614562,7028
3,614572,2080
256,614572,1230
133,614572,1270
234,614573,820
117,614574,756
88,614574,1166
106,614575,1044
98,614576,1736
117,614576,288
52,614577,1456
88,614578,1300
106,614580,1658
98,614581,2462
117,614581,2700
88,614581,816
52,614581,1690
27,614582,1156
106,614583,412
106,614584,208
106,614585,7682
106,614586,7894
98,614587,1248
55,614587,4016
19,614590,480
229,614590,816
256,614591,228
251,614591,182
133,614591,736
143,614592,1612
61,614592,240
146,614594,552
94,614594,700
84,614594,788
25,614596,630
34,614596,1116
132,614596,776
21,614596,408
236,614596,798
51,614596,336
45,614596,204
157,614596,776
131,614597,588
19,614598,2174
25,614599,1104
23,614599,636
236,614599,458
115,614600,320
125,614600,1404
211,614601,388
164,614601,580
115,614601,360
25,614603,1560
120,614603,288
157,614603,576
199,614603,792
44,614604,584
46,614604,876
44,614605,702
46,614605,892
25,614606,1902
233,614606,2568
66,614606,768
146,614606,3096
143,614606,1766
120,614606,1258
32,614606,4614
140,614606,216
236,614606,2988
51,614606,924
94,614606,672
112,614606,1400
93,614606,1218
150,614606,288
47,614606,3096
159,614606,2876
125,614606,1058
122,614606,4594
44,614607,180
166,614607,612
19,614608,3050
229,614608,396
44,614614,4698
70,614614,880
166,614614,1226
82,614614,1222
25,614615,546
72,614615,1832
57,614615,960
25,614616,588
72,614616,5028
59,614618,216
37,614618,288
163,614619,210
133,614619,204
25,614620,1024
39,614620,1496
23,614620,1814
26,614620,652
68,614620,978
169,614620,240
148,614620,534
17,614620,368
56,614620,332
12,614620,3650
31,614620,1436
91,614620,672
0,614634,984
74,614634,642
160,614634,490
29,614635,520
218,614635,858
23,614636,960
7,614636,620
21,614636,1404
126,614636,242
91,614636,306
25,614638,354
32,614638,1006
112,614638,256
222,614638,1678
45,614638,212
125,614638,672
55,614640,1608
55,614641,2056
106,614642,1380
27,614643,5078
80,614643,1720
143,614645,720
45,614645,348
0,614646,734
4,614646,500
56,614646,1272
25,614647,2146
43,614647,14118
62,614647,3230
225,614648,1040
224,614648,432
26,614649,276
7,614649,350
99,614649,1682
25,614650,216
31,614650,2558
126,614650,200
21,614651,2738
65,614651,718
21,614652,2156
24,614653,2436
232,614654,3980
23,614655,3282
21,614655,12144
55,614655,1928
216,614655,376
68,614655,7422
169,614655,1126
0,614655,6414
148,614655,260
128,614655,706
17,614655,2700
24,614655,3540
147,614655,1484
37,614655,3498
216,614657,368
163,614657,726
56,614657,1152
89,614657,1668
25,614658,3070
136,614658,372
3,614658,1434
38,614658,2268
142,614659,216
119,614659,1760
26,614662,1418
59,614662,2076
0,614662,1916
128,614662,252
25,614663,416
43,614663,2796
27,614663,3136
55,614663,3152
4,614663,3120
130,614663,396
56,614663,1038
12,614663,3734
31,614663,1570
231,614664,18184
28,614664,3470
33,614664,924
7,614665,204
128,614665,684
91,614665,1324
21,614666,1360
25,614667,1690
20,614667,462
0,614667,822
148,614668,1070
23,614669,6004
21,614669,210
99,614669,616
169,614669,928
0,614669,1172
119,614669,1260
97,614669,1774
37,614669,1966
43,614670,304
148,614670,692
84,614670,444
163,614672,1368
23,614673,1232
169,614673,652
17,614673,724
31,614674,1262
20,614675,1070
4,614675,2368
84,614676,1196
20,614677,1008
4,614677,596
84,614677,842
26,614678,360
21,614678,1168
214,614679,990
216,614680,274
84,614680,1136
43,614681,746
84,614681,602
89,614681,1252
23,614682,408
21,614682,1008
59,614682,1300
169,614682,264
25,614683,4206
121,614683,3770
38,614683,24244
25,614684,270
38,614684,1252
2,614685,2616
39,614685,8546
22,614685,812
232,614685,4184
25,614686,2812
121,614686,1130
38,614686,1560
136,614687,1556
0,614687,4624
38,614687,1616
39,614688,1946
225,614688,1276
232,614688,1250
117,614709,840
88,614709,210
62,614716,1288
244,614718,528
140,614718,856
236,614718,1560
62,614719,1008
139,614720,1708
228,614721,948
108,614721,908
78,614721,972
195,614721,434
8,614722,1200
105,614722,672
52,614722,1028
62,614723,1252
105,614723,2712
52,614723,4622
46,614724,774
52,614725,1104
46,614726,222
47,614726,1488
143,614727,1194
139,614727,228
32,614728,528
236,614728,336
112,614728,372
47,614728,996
21,614729,962
32,614729,420
139,614729,1734
162,614729,544
44,614730,1304
189,614730,1448
23,614731,6098
121,614731,452
21,614731,2552
68,614731,984
169,614731,634
142,614731,640
97,614731,1990
2,614735,610
22,614735,8016
35,614735,2560
26,614741,290
27,614741,428
20,614741,1974
4,614744,1464
130,614744,1966
17,614744,1628
126,614744,942
136,614745,3544
121,614745,324
0,614745,1582
25,614746,1644
59,614746,1238
89,614746,608
25,614747,1460
128,614747,282
119,614748,300
128,614748,336
97,614748,324
126,614748,684
65,614748,2122
43,614749,302
38,614749,1446
214,614749,324
25,614751,2498
68,614752,2254
142,614752,198
56,614752,860
23,614753,2680
26,614753,318
126,614753,636
91,614753,1080
7,614754,1900
21,614754,3144
216,614754,554
142,614754,1242
128,614754,324
126,614754,234
25,614755,3576
43,614755,3202
121,614755,242
163,614755,696
31,614755,2862
214,614755,532
23,614756,2368
216,614756,1240
169,614756,244
128,614756,266
56,614756,2270
31,614756,2406
0,614757,1914
169,614758,316
128,614758,960
97,614758,748
89,614758,1490
23,614759,2280
169,614759,432
119,614759,720
126,614759,192
91,614759,2212
37,614759,1670
34,614760,3216
23,614760,2838
21,614760,5792
119,614760,904
56,614760,336
126,614760,204
68,614761,5036
119,614761,684
65,614761,1732
99,614762,732
169,614762,312
128,614762,716
24,614762,312
65,614762,2140
59,614763,622
169,614763,560
0,614763,3364
4,614763,2046
24,614763,632
89,614763,1108
133,614764,590
30,614780,264
251,614780,170
133,614780,212
30,614783,428
133,614783,284
62,614784,860
106,614784,1046
109,614784,988
105,614784,4882
52,614784,16284
23,614785,3722
7,614785,6984
21,614785,10250
99,614785,2736
216,614785,448
68,614785,1256
169,614785,1050
0,614785,2110
142,614785,1216
56,614785,638
126,614785,232
133,614785,1332
65,614785,800
0,614791,4346
23,614796,8026
21,614796,3778
232,614796,1870
91,614796,350
101,614796,1500
136,614797,1798
3,614797,2282
7,614798,2048
169,614798,222
144,614799,256
109,614799,288
164,614799,336
90,614799,7814
144,614800,1552
109,614800,6356
164,614800,1510
48,614800,2478
186,614802,200
27,614802,442
71,614802,800
138,614802,1888
115,614802,504
71,614803,208
138,614803,1178
90,614803,490
109,614804,280
8,614804,1196
48,614804,234
144,614805,956
164,614805,1012
182,614806,4048
10,614806,3512
58,614806,498
144,614807,338
109,614807,980
74,614807,510
90,614807,4210
7,614808,1680
21,614808,1044
169,614808,198
56,614808,370
126,614808,756
37,614808,2008
59,614809,216
99,614809,576
216,614809,668
68,614809,600
128,614809,1104
17,614809,420
65,614809,480
23,614820,1374
21,614820,794
99,614820,1384
97,614820,294
126,614820,216
236,614821,532
90,614822,1650
144,614823,896
109,614823,792
164,614823,270
71,614824,1086
138,614824,1186
115,614824,208
144,614825,792
109,614825,844
138,614825,888
186,614826,1926
71,614826,4436
138,614826,3488
74,614826,2172
90,614826,5248
186,614827,1336
71,614827,560
138,614827,1070
74,614827,1076
115,614827,2882
90,614827,6404
186,614828,352
27,614828,9992
71,614828,2432
138,614828,25814
115,614828,16914
90,614828,19388
202,614829,1798
10,614829,1292
72,614829,1026
236,614830,920
93,614830,1570
159,614830,1760
34,614831,880
236,614831,846
150,614831,798
122,614831,1260
25,614832,1770
95,614832,696
178,614832,630
122,614832,1172
132,614833,630
244,614833,980
236,614833,3160
96,614833,1752
93,614833,220
157,614833,680
132,614834,720
84,614834,1460
19,614835,916
229,614835,876
143,614836,1596
47,614836,3990
229,614837,4228
25,614839,524
46,614839,6264
236,614839,1584
74,614839,722
235,614839,822
102,614839,690
236,614840,582
228,614840,1140
228,614841,892
235,614841,404
120,614842,1316
132,614843,3840
228,614843,980
115,614843,502
146,614844,216
84,614844,948
60,614845,1384
94,614846,684
228,614846,720
94,614847,1096
146,614848,570
84,614848,1420
46,614849,232
47,614849,1432
25,614850,736
120,614850,1858
32,614850,1868
222,614850,1114
45,614850,768
195,614850,1830
132,614851,462
32,614851,920
222,614851,156
228,614851,1416
150,614851,234
235,614851,540
125,614851,860
82,614851,216
71,614852,216
115,614852,200
90,614852,882
186,614853,1120
187,614853,1134
211,614853,388
71,614853,472
138,614853,3428
74,614853,2944
115,614853,936
90,614853,2408
211,614856,904
138,614856,1598
74,614856,732
115,614856,1642
90,614856,3438
186,614858,2706
109,614858,500
71,614858,1212
138,614858,2156
74,614858,2282
115,614858,600
90,614858,11916
187,614860,828
74,614860,304
90,614860,252
144,614862,448
109,614862,32796
164,614862,5714
90,614862,12798
48,614862,4348
186,614863,4236
187,614863,728
211,614863,1370
71,614863,884
138,614863,5088
74,614863,200
115,614863,2206
90,614863,24718
51,614864,772
109,614864,312
32,614866,658
112,614866,828
162,614866,372
188,614867,1054
32,614867,512
125,614868,450
80,614869,480
109,614869,728
45,614869,756
66,614870,336
125,614870,510
66,614871,868
32,614871,978
125,614871,1084
66,614872,4318
55,614872,540
223,614872,2598
90,614872,484
66,614873,984
51,614873,672
52,614875,1028
52,614876,1088
61,614880,1280
75,614880,220
42,614880,210
115,614881,790
42,614881,1478
123,614881,348
72,614882,2184
42,614882,234
25,614885,420
46,614885,860
72,614886,584
48,614888,756
20,614889,952
182,614889,1780
84,614889,910
9,614890,976
90,614891,1288
29,614892,188
102,614892,768
85,614893,786
92,614893,180
74,614893,312
75,614893,870
102,614893,598
29,614894,910
77,614894,2808
134,614894,574
72,614894,2156
115,614894,552
90,614894,270
75,614894,2194
102,614894,424
76,614894,924
123,614894,868
2,614896,564
35,614896,212
49,614897,204
218,614897,784
142,614899,1404
131,614899,1216
41,614900,480
62,614900,828
125,614900,850
188,614901,528
66,614901,660
62,614901,468
235,614903,822
188,614905,432
41,614905,264
233,614906,528
191,614906,438
19,614906,302
98,614907,1664
62,614907,2140
235,614907,4614
47,614907,1872
25,614908,1540
32,614908,700
108,614908,260
47,614908,906
7,614910,1008
169,614910,380
17,614910,288
145,614916,988
77,614916,204
102,614916,224
42,614917,586
102,614917,714
123,614917,1108
145,614918,528
56,614918,1080
72,614918,1100
85,614919,174
72,614919,642
2,614920,502
22,614920,1810
9,614922,2820
147,614922,1578
40,614922,2834
58,614922,17416
67,614923,1726
40,614923,478
5,614924,228
29,614924,186
138,614924,1778
49,614924,1960
42,614924,476
101,614924,2390
76,614924,16712
123,614924,708
141,614924,8052
77,614925,504
92,614925,420
72,614925,1052
115,614925,400
42,614925,1242
37,614925,938
102,614925,1044
76,614925,1702
6,614926,924
67,614926,1402
202,614926,806
9,614926,1154
40,614926,1378
85,614927,660
49,614927,1458
101,614927,1590
145,614929,952
57,614929,548
25,614930,1598
6,614931,710
61,614931,1486
61,614932,750
160,614932,852
160,614934,1008
10,614935,602
58,614935,2170
68,614937,1254
101,614937,280
102,614938,1228
6,614939,780
147,614939,406
160,614939,224
107,614940,1240
92,614940,1028
75,614940,1046
42,614940,222
102,614940,210
22,614941,5668
35,614941,672
28,614941,774
33,614941,742
187,614942,1146
77,614942,3372
75,614942,1604
42,614942,1476
75,614943,1634
25,614944,786
76,614945,1680
76,614946,1624
107,614947,398
21,614947,2972
29,614947,1752
92,614947,640
72,614947,1872
75,614947,504
102,614947,180
101,614947,836
76,614947,4430
160,614947,1704
123,614947,200
20,614949,3040
84,614949,1360
19,614949,870
25,614950,234
9,614950,680
76,614952,894
202,614954,1994
61,614954,3922
160,614954,448
77,614955,2086
101,614955,630
76,614955,3948
107,614956,20822
23,614956,2166
109,614956,242
92,614956,940
49,614956,2036
72,614956,270
90,614956,4728
42,614956,506
101,614956,3732
76,614956,912
141,614956,10016
85,614957,308
144,614957,1686
27,614957,1820
29,614957,238
75,614957,208
102,614957,950
101,614957,640
141,614957,2136
107,614958,27716
144,614958,962
77,614958,2846
92,614958,3390
134,614958,1980
72,614958,3616
90,614958,3850
40,614958,4536
102,614958,1256
76,614958,10098
123,614958,500
48,614958,1452
141,614958,4988
67,614959,1956
84,614959,554
61,614959,2074
40,614959,2306
57,614959,192
85,614960,1684
23,614960,2172
102,614960,376
101,614960,2346
86,614961,926
72,614961,246
1,614962,600
151,614962,492
101,614963,3702
134,614964,188
90,614964,1566
202,614965,216
147,614965,3292
57,614965,250
61,614966,284
40,614966,1658
57,614966,998
160,614966,1506
134,614967,1224
72,614967,2360
72,614968,1344
57,614968,436
71,614969,360
138,614969,366
74,614969,602
25,614971,456
34,614971,2778
146,614971,396
143,614971,2420
95,614971,4650
120,614971,902
46,614971,2528
221,614971,1392
236,614971,1732
127,614971,880
228,614971,3640
108,614971,252
47,614971,1426
157,614971,250
78,614971,4156
54,614971,1344
95,614990,1544
244,614990,978
112,614990,1196
255,614990,702
95,614991,1308
110,614991,380
44,614992,838
60,614992,586
189,614992,518
95,614993,1068
132,614993,216
32,614993,1412
236,614993,4190
51,614993,5678
142,614993,924
96,614993,384
93,614993,1270
228,614993,3056
47,614993,1902
90,614993,972
62,614994,1482
84,614994,512
19,614995,3080
229,614995,3238
189,614996,852
32,614997,1432
112,614997,1944
93,614997,706
131,614997,1304
32,614998,1440
96,614998,256
93,614998,582
25,614999,3744
146,614999,7214
132,614999,1518
27,614999,2430
80,614999,1794
229,614999,4490
195,614999,1218
25,615000,1348
143,615000,1210
146,615001,1090
235,615001,642
25,615002,908
228,615002,688
112,615003,684
95,615004,338
112,615004,658
150,615004,192
146,615005,600
236,615005,1376
25,615006,312
146,615006,512
228,615006,664
78,615006,994
89,615006,738
231,615007,300
33,615007,820
92,615011,204
232,615011,1362
49,615011,240
107,615012,1610
71,615012,708
92,615012,852
101,615012,432
123,615012,1150
107,615013,3508
77,615013,192
76,615013,1184
25,615014,886
151,615014,172
29,615015,2938
57,615015,204
22,615017,1604
35,615017,1080
151,615018,1140
72,615018,360
25,615019,2056
6,615019,5376
10,615019,2024
9,615019,1678
74,615019,654
61,615019,15886
72,615019,13386
115,615019,4148
40,615019,22232
89,615019,1532
25,615020,2640
151,615020,2386
72,615020,570
58,615020,280
55,615021,2362
142,615021,758
98,615022,440
234,615022,1786
106,615022,2322
27,615023,6120
80,615023,1464
55,615023,3356
142,615023,1956
211,615023,2066
8,615023,572
90,615023,2048
98,615024,1224
117,615024,2596
129,615024,672
105,615024,1320
88,615024,1704
27,615025,834
55,615025,750
142,615025,652
120,615027,264
45,615027,1610
46,615028,1206
94,615028,468
82,615028,806
44,615029,21008
70,615029,968
94,615029,984
166,615029,16138
233,615030,4772
146,615030,1484
120,615030,2308
244,615030,2932
80,615030,1050
32,615030,6504
112,615030,1860
96,615030,650
93,615030,4506
150,615030,260
47,615030,3754
157,615030,2112
195,615030,3734
143,615031,984
236,615031,960
112,615031,1740
229,615031,690
78,615031,938
32,615032,674
228,615033,858
159,615033,300
25,615034,636
34,615036,3880
32,615036,2558
187,615036,240
236,615036,432
51,615036,1774
139,615036,396
124,615036,694
228,615036,1398
150,615036,702
235,615036,1464
122,615036,992
54,615036,996
81,615036,722
25,615037,720
95,615037,1764
21,615037,8908
32,615037,24936
51,615037,922
228,615037,6960
235,615037,850
155,615037,760
122,615037,4284
25,615038,964
159,615038,270
25,615039,2712
199,615039,1532
195,615039,588
70,615040,868
236,615041,552
93,615041,1018
162,615041,1620
235,615041,420
62,615042,952
46,615042,528
244,615043,644
140,615043,852
236,615043,1060
71,615043,1344
235,615043,1544
155,615043,740
32,615044,2356
124,615044,2700
72,615049,1682
236,615052,560
64,615052,1098
131,615053,768
82,615053,450
21,615054,860
96,615054,1338
25,615055,1130
66,615055,1828
143,615055,778
32,615055,1498
140,615055,880
111,615055,468
19,615055,1752
10,615055,1330
125,615055,2416
120,615056,3644
32,615056,3676
222,615056,1364
19,615056,1964
229,615056,1684
45,615056,936
125,615056,5690
236,615057,1100
129,615057,684
107,615060,660
95,615060,364
228,615060,1120
46,615061,210
96,615061,808
19,615062,1158
19,615063,1248
229,615063,420
143,615064,580
131,615064,1558
94,615066,836
139,615066,710
222,615066,1162
255,615066,990
125,615066,598
51,615067,228
139,615067,978
74,615067,912
157,615067,600
64,615068,1290
34,615069,518
236,615069,584
235,615069,638
32,615071,498
229,615071,618
228,615071,270
108,615071,672
78,615071,1294
34,615072,612
120,615072,1082
235,615072,984
32,615073,1648
93,615073,744
120,615074,336
236,615074,514
235,615074,540
32,615075,2140
244,615076,776
47,615076,880
155,615076,730
146,615077,882
46,615077,850
221,615077,766
34,615078,1704
32,615078,2008
140,615078,748
162,615078,590
159,615078,1540
21,615079,2738
32,615079,1714
236,615079,2184
51,615079,450
139,615079,1644
138,615079,308
228,615079,972
235,615079,3000
159,615079,724
34,615080,1564
95,615080,308
32,615080,2596
51,615080,210
162,615080,1256
64,615080,1624
42,615080,588
39,615081,4414
232,615081,5294
25,615082,4920
132,615082,614
7,615082,608
93,615082,3976
131,615082,1452
228,615082,368
45,615082,1282
235,615082,472
47,615082,878
146,615083,11390
46,615083,9446
166,615083,1868
72,615083,4428
82,615083,14382
95,615084,580
32,615084,2096
46,615084,1842
236,615084,830
96,615084,7138
81,615084,2610
120,615085,1092
229,615085,440
32,615086,6072
94,615086,2584
228,615086,1242
255,615086,2312
125,615086,1512
89,615086,828
54,615086,994
233,615087,812
95,615087,484
120,615087,696
244,615087,1816
32,615087,2112
51,615087,480
139,615087,3552
93,615087,5156
228,615087,678
45,615087,1808
42,615087,290
101,615087,1012
122,615087,3262
81,615087,720
25,615088,1472
146,615088,250
120,615088,982
233,615089,1878
146,615089,3082
120,615089,3240
32,615089,1924
140,615089,620
221,615089,848
138,615089,1916
229,615089,280
45,615089,2730
38,615089,644
235,615089,306
47,615089,10518
115,615089,260
78,615089,4070
82,615089,660
195,615089,3468
32,615090,1168
25,615091,600
66,615091,1818
39,615091,866
132,615091,1092
120,615091,1716
221,615091,198
51,615091,1222
222,615091,2016
108,615091,2282
45,615091,1014
21,615092,6254
32,615092,4404
55,615092,1474
140,615092,270
236,615092,4512
229,615092,1468
228,615092,12584
235,615092,20074
47,615092,776
122,615092,2608
82,615092,2630
95,615093,1194
80,615093,256
32,615093,7278
46,615093,894
51,615093,2558
124,615093,5386
142,615093,512
112,615093,1632
93,615093,5552
229,615093,4696
228,615093,28648
45,615093,2850
40,615093,1198
159,615093,604
122,615093,6162
25,615094,1406
32,615094,1008
94,615094,1040
228,615094,784
235,615094,660
47,615094,912
32,615095,1232
187,615095,1140
96,615095,1500
122,615095,480
32,615096,2648
93,615096,8032
150,615096,200
3,615098,2544
29,615098,1266
145,615098,780
134,615098,1156
72,615098,1026
90,615098,408
24,615098,1880
25,615099,2542
72,615099,2994
58,615099,5458
25,615100,1218
10,615100,1326
61,615100,1482
134,615100,230
72,615100,3724
40,615100,870
58,615100,168
186,615101,2232
1,615101,9434
71,615101,1960
10,615101,792
40,615101,3868
58,615101,6648
256,615103,216
251,615103,902
151,615104,1278
72,615104,5200
57,615104,1752
25,615105,3668
85,615105,1018
68,615105,3198
29,615105,3826
77,615105,2550
10,615105,640
72,615105,11252
90,615105,3496
75,615105,3010
42,615105,284
101,615105,1080
76,615105,1610
123,615105,5892
141,615105,2936
30,615106,1098
133,615106,828
0,615107,2664
29,615107,936
92,615107,200
49,615107,308
75,615107,1680
42,615107,1270
123,615107,694
6,615108,2730
119,615108,214
77,615108,636
10,615108,482
92,615108,432
74,615108,1092
61,615108,2534
49,615108,2774
72,615108,2052
75,615108,3284
147,615108,2922
101,615108,800
160,615108,1420
123,615108,2186
141,615108,2722
27,615111,232
127,615111,1400
146,615118,3038
140,615118,2698
19,615118,916
45,615118,2956
107,615121,1288
85,615121,840
71,615121,1116
49,615121,2864
72,615121,6016
75,615121,656
102,615121,216
101,615121,1092
123,615121,4808
141,615121,1434
42,615122,1002
102,615122,192
49,615123,910
160,615123,192
107,615124,2742
5,615124,500
77,615124,3460
92,615124,2944
138,615124,2130
49,615124,378
102,615124,2688
76,615124,6764
123,615124,2562
141,615124,2114
76,615125,708
23,615129,2090
169,615129,1236
128,615129,480
25,615131,2632
95,615135,630
120,615135,1108
32,615135,3192
51,615135,4396
124,615135,916
131,615135,1504
64,615135,3162
108,615135,1036
157,615135,3818
78,615135,480
159,615135,216
95,615136,264
120,615136,714
244,615136,500
46,615136,2132
99,615136,400
221,615136,1684
236,615136,1100
124,615136,1258
93,615136,2496
131,615136,1256
64,615136,1558
228,615136,2562
47,615136,772
157,615136,1890
62,615137,528
25,615138,474
236,615138,892
108,615138,1112
255,615138,666
125,615138,852
195,615138,1828
25,615139,1892
146,615139,4052
95,615139,468
244,615139,1204
21,615139,888
32,615139,1612
96,615139,754
93,615139,9460
223,615139,648
64,615139,1088
228,615139,500
157,615139,4276
159,615139,900
122,615139,1232
142,615141,1056
127,615141,1188
38,615141,612
8,615142,844
38,615142,1462
27,615144,754
80,615144,1776
55,615145,224
8,615145,1512
38,615149,1232
32,615150,926
150,615150,1212
159,615150,768
32,615151,358
124,615151,724
122,615151,1392
34,615152,1126
143,615152,240
139,615152,1186
124,615152,888
95,615153,912
93,615153,494
235,615153,1416
81,615153,1040
146,615154,5840
143,615154,8428
32,615154,5606
51,615154,210
112,615154,2354
93,615154,6720
162,615154,516
228,615154,2912
45,615154,3964
47,615154,8164
157,615154,1526
78,615154,500
125,615154,2250
82,615154,238
195,615154,2996
25,615155,836
186,615155,168
169,615156,192
115,615156,208
101,615156,826
120,615157,900
62,615157,6356
106,615157,432
235,615157,12914
47,615157,182
53,615157,192
41,615158,748
234,615158,4080
62,615158,10066
106,615158,288
164,615158,3136
235,615158,20832
228,615159,900
235,615159,322
25,615161,216
86,615161,668
1,615161,620
57,615161,440
95,615166,468
51,615166,732
128,615166,216
64,615166,1012
10,615174,256
34,615175,784
228,615175,636
122,615175,570
146,615177,1124
143,615177,3684
95,615177,636
32,615177,4670
221,615177,2560
51,615177,220
93,615177,2854
229,615177,1916
228,615177,600
150,615177,636
78,615177,762
101,615177,90
82,615177,788
202,615178,208
228,615178,440
61,615179,1488
120,615183,804
32,615183,510
236,615183,462
162,615183,656
228,615183,8512
108,615183,260
235,615183,840
157,615183,520
155,615183,1548
51,615186,994
157,615186,416
25,615187,684
46,615187,676
236,615187,850
120,615188,1014
32,615188,2088
112,615188,1152
108,615188,384
47,615188,1870
32,615189,858
236,615189,480
228,615189,666
235,615189,2088
157,615189,448
199,615189,240
25,615190,970
146,615190,624
244,615190,452
32,615190,286
236,615190,720
51,615190,200
94,615190,752
139,615190,792
112,615190,386
229,615190,1242
122,615190,2940
27,615191,6082
80,615191,1770
55,615191,1368
142,615191,4016
111,615191,1080
191,615192,912
95,615192,6084
120,615192,4076
32,615192,3710
46,615192,2562
236,615192,1226
162,615192,2652
64,615192,2228
90,615192,468
169,615193,306
77,615193,1450
164,615193,220
107,615194,27328
23,615194,2508
0,615194,2730
29,615194,180
109,615194,224
71,615194,264
77,615194,854
92,615194,3882
232,615194,672
49,615194,496
72,615194,3300
90,615194,282
75,615194,2040
42,615194,468
218,615194,456
102,615194,360
101,615194,2360
76,615194,7112
141,615194,12946
25,615199,886
21,615199,1878
236,615199,520
93,615199,954
162,615199,468
45,615199,876
122,615199,766
93,615200,282
90,615200,612
155,615200,816
82,615200,280
124,615201,884
47,615201,420
27,615208,952
55,615208,238
90,615208,1040
23,615209,464
21,615209,1512
232,615212,452
224,615212,1446
23,615213,5158
26,615213,228
21,615213,3188
56,615213,654
25,615214,640
121,615214,1964
0,615214,1908
84,615214,532
38,615214,6540
25,615215,256
84,615215,3564
38,615215,1428
130,615216,1368
232,615217,1380
68,615219,1890
128,615219,346
148,615221,1984
84,615221,4862
39,615225,4908
23,615225,2908
21,615225,4780
216,615225,1928
0,615225,2716
148,615225,624
119,615225,5376
12,615225,2856
126,615225,444
24,615225,3050
91,615225,4004
89,615225,596
26,615226,492
59,615226,1162
119,615226,956
128,615226,812
17,615226,208
3,615227,2020
216,615227,12128
68,615227,1080
4,615227,1046
148,615227,1836
119,615227,3928
71,615227,1286
138,615227,1300
61,615227,1140
12,615227,1162
24,615227,12250
37,615227,2910
76,615228,876
126,615229,962
65,615229,818
91,615229,612
27,615230,5020
8,615230,788
43,615231,732
4,615231,330
148,615231,1230
4,615232,1982
68,615237,1624
119,615237,960
37,615237,990
7,615239,1118
169,615239,414
232,615240,474
224,615240,528
7,615241,734
119,615241,748
128,615241,580
97,615241,644
59,615242,630
97,615242,732
126,615242,700
91,615242,640
4,615243,320
56,615243,352
24,615243,660
43,615244,506
31,615244,730
89,615244,318
59,615245,1238
4,615245,754
148,615245,378
12,615245,1216
90,615245,520
163,615246,306
24,615246,624
211,615247,436
115,615247,528
90,615247,6054
186,615248,3436
138,615248,1936
74,615248,1032
115,615248,3182
90,615248,1396
187,615249,540
138,615249,1102
115,615249,776
90,615249,230
109,615250,2392
164,615250,504
71,615251,2898
115,615251,1020
244,615254,558
139,615254,712
96,615254,894
150,615254,312
157,615254,256
54,615254,692
120,615255,684
32,615255,900
236,615255,1868
51,615255,890
157,615255,884
25,615256,704
120,615256,880
244,615256,820
27,615256,744
131,615256,404
126,615256,446
21,615258,5184
32,615258,1606
236,615258,2616
45,615258,336
159,615258,320
244,615259,1998
32,615259,1478
124,615259,584
93,615259,2328
150,615259,820
159,615259,1740
122,615259,410
81,615259,920
44,615260,216
189,615260,1026
140,615261,1534
216,615261,752
131,615261,240
235,615261,3436
155,615261,914
78,615261,1392
54,615261,630
120,615262,3294
62,615262,9784
235,615262,5782
47,615262,4308
21,615263,3756
32,615263,4406
139,615263,6608
124,615263,4464
93,615263,7992
162,615263,864
228,615263,1480
235,615263,3764
90,615263,4694
159,615263,228
122,615263,2968
46,615264,368
140,615264,220
124,615264,1212
32,615265,1296
155,615265,288
159,615265,732
32,615266,1722
236,615266,1572
124,615266,360
122,615266,252
146,615267,1548
27,615267,200
59,615267,1488
211,615267,512
112,615267,978
222,615267,570
108,615267,906
157,615267,818
78,615267,6718
125,615267,1454
221,615268,998
47,615268,508
82,615268,828
44,615269,536
189,615269,540
82,615269,688
140,615270,392
221,615270,1014
47,615270,336
44,615271,1080
189,615271,504
60,615272,1752
236,615273,2448
124,615273,1940
93,615273,1008
131,615273,1820
64,615273,1278
122,615273,198
25,615274,592
108,615274,804
47,615274,1326
70,615275,1364
46,615275,588
131,615276,1134
64,615276,732
199,615276,840
132,615277,618
139,615277,1196
82,615277,204
146,615278,786
236,615278,1048
131,615278,832
229,615278,1188
25,615279,1132
146,615279,5756
120,615279,1356
55,615279,1266
236,615279,1128
131,615279,3410
56,615279,2582
47,615279,11878
25,615280,1204
120,615280,2882
27,615280,2636
46,615280,3312
55,615280,1258
45,615280,544
47,615280,8690
189,615281,298
19,615281,594
236,615282,690
70,615283,718
25,615284,888
229,615284,234
195,615284,442
62,615285,2426
19,615286,624
21,615287,952
236,615287,1402
228,615287,736
139,615288,1302
93,615288,258
64,615288,896
159,615288,1132
143,615289,684
95,615289,1058
132,615289,276
131,615289,866
19,615289,584
25,615290,256
46,615290,1122
25,615291,1554
80,615291,726
222,615291,760
131,615291,2700
47,615291,606
84,615292,610
19,615292,364
23,615293,2232
95,615293,492
32,615293,4154
46,615293,360
64,615293,842
228,615293,876
45,615293,1944
132,615294,5624
120,615294,876
62,615294,1368
56,615294,1582
25,615295,1258
112,615295,814
70,615296,954
82,615296,252
106,615301,2690
88,615302,1784
148,615304,1060
119,615304,2496
97,615304,1268
121,615305,536
20,615305,3012
4,615305,672
26,615307,180
21,615307,1694
169,615307,360
128,615307,226
97,615307,594
110,615310,1892
25,615311,300
26,615311,394
3,615311,1438
216,615311,328
4,615311,246
169,615312,280
56,615312,432
97,615312,1176
25,615313,1108
169,615313,360
128,615313,880
17,615313,1808
214,615313,300
169,615314,596
119,615314,1428
27,615315,490
0,615315,1268
25,615316,1128
25,615317,1710
23,615318,1802
128,615318,912
21,615319,3390
216,615319,1398
128,615319,500
25,615320,1876
39,615320,4036
3,615320,970
68,615320,1890
169,615320,2584
4,615320,1928
130,615320,1694
24,615320,3478
21,615321,1728
59,615321,1638
169,615321,2624
0,615321,2284
56,615321,3080
31,615321,1112
24,615321,344
65,615321,1800
23,615323,854
169,615323,360
97,615323,594
91,615323,1782
23,615325,11548
7,615325,1908
21,615325,13650
68,615325,5028
128,615325,224
97,615325,512
126,615325,354
65,615325,528
216,615326,264
119,615326,1208
12,615326,2070
116,615326,2262
89,615327,1432
4,615328,264
232,615328,1250
214,615328,220
23,615329,4958
7,615329,2508
21,615329,10280
68,615329,11316
169,615329,400
26,615330,1980
21,615330,4872
68,615330,2560
126,615330,920
24,615330,4852
65,615330,2148
43,615332,384
0,615332,1644
84,615332,594
214,615332,810
23,615333,25332
43,615333,1220
59,615333,460
0,615333,3274
4,615333,3594
38,615333,5028
56,615333,2022
31,615333,852
23,615334,13020
7,615334,3744
21,615334,13710
68,615334,3534
169,615334,356
0,615334,2142
90,615334,4618
126,615334,906
37,615334,1006
101,615334,862
27,615335,210
55,615335,1520
66,615336,220
90,615336,540
125,615336,1166
159,615337,696
122,615337,1158
95,615338,192
71,615338,550
90,615338,376
108,615339,256
125,615339,1540
120,615340,936
115,615340,270
66,615341,1062
78,615341,610
125,615341,1512
150,615342,622
235,615342,908
255,615342,576
125,615342,438
41,615343,648
32,615343,750
47,615343,980
155,615343,1022
125,615343,264
38,615345,1294
1,615346,1810
72,615346,426
57,615346,1512
55,615347,252
142,615347,686
111,615347,1032
43,615348,820
0,615348,2216
24,615348,582
45,615349,1248
82,615349,324
233,615350,1556
129,615350,1326
19,615350,646
157,615350,1200
232,615351,1274
166,615352,630
27,615353,560
199,615353,1156
21,615354,7442
68,615354,2926
119,615354,1140
97,615354,1012
126,615354,866
65,615354,1804
27,615362,288
55,615362,774
142,615362,1536
38,615362,1834
25,615369,1092
3,615369,3164
121,615369,2040
4,615369,2436
148,615369,2156
163,615369,10850
84,615369,1026
130,615369,720
9,615369,856
12,615369,2138
31,615369,3992
24,615369,2092
214,615369,1144
8,615374,1040
52,615374,544
19,615375,414
138,615375,742
78,615375,440
8,615377,648
105,615377,1362
25,615378,2218
8,615379,648
52,615379,528
105,615380,4164
52,615380,4374
3,615382,8440
256,615382,7144
251,615382,664
133,615382,2672
143,615390,630
51,615390,1102
112,615390,1598
47,615390,2660
122,615390,7680
32,615391,392
221,615391,572
82,615391,306
46,615392,1090
46,615393,544
47,615393,544
195,615393,458
3,615395,1064
132,615397,852
96,615397,864
235,615397,612
23,615398,8002
26,615398,2926
7,615398,2952
21,615398,15430
68,615398,3708
0,615398,3526
24,615398,7500
89,615398,1356
0,615399,640
38,615399,780
26,615400,294
0,615400,2496
56,615400,344
24,615400,660
23,615401,420
26,615401,684
7,615401,1080
21,615401,2244
99,615401,396
119,615401,1582
126,615401,682
55,615402,486
142,615402,2058
127,615402,1884
27,615403,1534
80,615403,2468
55,615403,624
129,615403,504
142,615403,236
111,615403,200
38,615403,1508
25,615405,568
140,615405,888
12,615405,1050
251,615406,140
133,615406,600
90,615408,2844
48,615408,510
144,615409,374
164,615409,1500
187,615410,462
211,615410,546
71,615410,522
90,615410,538
186,615412,1518
187,615412,330
115,615412,216
211,615413,2950
71,615413,2468
138,615413,6332
74,615413,756
115,615413,8438
109,615414,1512
88,615414,270
164,615414,860
144,615415,948
109,615415,1166
48,615415,340
187,615416,660
211,615416,222
71,615416,188
25,615417,3234
143,615417,3146
45,615417,2320
157,615417,534
90,615417,1248
32,615418,1512
25,615419,448
32,615419,2836
59,615419,312
111,615419,1260
228,615419,504
32,615420,1404
155,615420,1296
159,615420,848
32,615421,1200
34,615422,1352
236,615422,4968
96,615422,1088
93,615422,1260
64,615422,532
228,615422,2676
157,615422,1008
159,615422,768
122,615422,1574
82,615422,704
27,615427,870
80,615427,2144
7,615432,3972
23,615436,2274
21,615436,420
216,615436,2358
32,615437,792
55,615437,1014
47,615437,1228
78,615437,460
25,615438,660
32,615438,2196
221,615438,1700
236,615438,914
51,615438,574
93,615438,532
108,615438,804
107,615439,780
143,615439,924
95,615439,432
32,615439,1800
94,615439,816
222,615439,2746
127,615439,1566
228,615439,816
45,615439,720
235,615439,2328
47,615439,744
159,615439,896
93,615440,412
155,615440,252
102,615440,530
112,615441,660
162,615441,300
83,615441,650
98,615442,1064
88,615442,1054
52,615442,512
74,615443,516
90,615443,840
90,615444,792
110,615445,312
71,615445,2596
74,615445,2860
109,615446,260
90,615446,3566
144,615447,1828
110,615447,196
164,615447,396
98,615448,560
144,615448,1088
110,615448,7604
211,615448,798
109,615448,9730
8,615448,1440
138,615448,1934
115,615448,1344
90,615448,1188
48,615448,428
144,615449,192
138,615449,1596
71,615450,2180
115,615450,338
138,615451,1392
90,615451,546
187,615452,196
138,615452,2842
74,615452,3608
90,615452,2588
211,615455,1106
186,615456,1156
187,615456,228
71,615456,1872
74,615456,3132
115,615456,884
90,615456,6284
211,615457,260
115,615457,264
90,615457,686
90,615458,1484
144,615459,288
110,615459,1216
90,615459,1428
211,615460,308
115,615460,1024
90,615460,288
186,615461,2568
110,615461,772
211,615461,912
164,615461,460
90,615461,828
138,615462,3846
22,615463,592
22,615464,424
10,615465,912
61,615465,892
145,615466,996
72,615467,1490
77,615468,756
92,615468,1348
49,615468,1354
134,615468,1764
75,615468,548
42,615468,1412
76,615468,4788
72,615469,1106
61,615470,230
72,615470,924
101,615470,360
76,615472,1008
85,615473,696
29,615473,3722
42,615473,802
92,615474,664
49,615474,1160
72,615474,1544
90,615474,204
123,615474,630
101,615475,750
72,615476,1042
147,615477,746
58,615477,450
2,615480,5780
226,615480,974
85,615481,316
92,615481,634
102,615481,786
62,615482,4392
107,615483,1760
5,615483,456
102,615483,476
86,615484,274
151,615484,1894
72,615484,1676
10,615485,3368
72,615485,4776
40,615485,2698
72,615486,5322
58,615486,844
58,615487,1488
67,615489,1536
69,615490,1558
10,615492,720
61,615492,2188
160,615492,448
25,615493,1288
69,615493,5578
58,615493,636
25,615494,1152
6,615494,9624
146,615494,1356
10,615494,2500
25,615495,1300
46,615495,2318
1,615495,1690
58,615495,1186
25,615496,1736
151,615496,240
25,615497,552
25,615498,1770
49,615499,3102
123,615499,2182
141,615499,7304
112,615501,1008
96,615501,968
93,615501,784
122,615501,1096
32,615503,4788
96,615503,1520
93,615503,744
228,615503,1152
235,615503,824
159,615503,210
23,615505,2840
5,615506,286
21,615506,7028
32,615506,4334
139,615506,3516
228,615506,1118
150,615506,282
235,615506,1316
159,615506,236
122,615506,272
32,615507,4418
139,615507,6922
112,615507,4780
93,615507,2492
122,615507,1546
81,615507,432
32,615508,460
236,615508,790
96,615508,2176
93,615508,1332
131,615508,368
235,615508,2084
122,615508,2142
46,615509,1296
221,615509,2348
236,615509,590
112,615509,3422
111,615509,1252
47,615509,320
157,615509,1316
78,615509,568
125,615509,942
82,615509,810
54,615509,1056
146,615511,1612
62,615511,1974
46,615511,1498
129,615512,1056
32,615513,1178
236,615513,3540
124,615513,3090
96,615513,296
150,615513,328
159,615513,970
122,615513,216
32,615514,2976
96,615514,1140
150,615514,300
155,615514,352
159,615514,400
122,615514,2370
54,615514,1032
25,615515,1642
140,615515,724
229,615515,1874
108,615515,2606
47,615515,2292
24,615515,920
78,615515,9290
125,615515,3382
32,615516,4392
229,615516,1200
108,615516,3560
157,615516,2860
78,615516,9062
125,615516,3744
89,615516,2344
146,615517,2472
32,615517,5472
222,615517,3262
84,615517,670
78,615517,4736
9,615518,2012
61,615518,600
58,615518,1190
10,615519,760
147,615519,2380
145,615520,1172
134,615520,1798
123,615520,1932
86,615521,648
151,615521,4948
72,615521,6308
57,615521,5268
58,615521,3422
151,615522,682
69,615523,3336
22,615524,472
29,615525,4074
92,615525,768
134,615525,2692
72,615525,6724
90,615525,5894
89,615525,1016
123,615525,592
72,615526,1642
85,615527,720
92,615527,1098
42,615527,704
102,615527,290
101,615527,2046
76,615527,5620
20,615529,11886
182,615529,3926
84,615529,11658
229,615529,2750
20,615530,17554
182,615530,4630
84,615530,2050
107,615531,1426
25,615532,2784
10,615532,680
10,615533,1058
29,615534,264
49,615534,694
42,615534,308
123,615534,468
141,615534,1868
101,615535,248
25,615552,708
72,615553,1558
58,615553,420
19,615554,664
147,615554,2138
20,615556,1160
9,615556,2788
160,615556,2782
186,615557,216
145,615557,720
77,615558,658
102,615558,482
141,615558,1052
85,615559,1116
29,615559,1132
77,615559,1046
75,615559,322
42,615559,1204
25,615560,660
67,615561,932
75,615562,974
5,615563,1016
75,615563,534
67,615564,5250
202,615564,1142
9,615564,1398
40,615564,1552
58,615564,2900
25,615565,1260
202,615565,256
61,615565,436
110,615566,216
48,615566,1050
72,615586,1320
25,615587,858
20,615587,924
38,615587,400
84,615588,1032
5,615589,960
102,615589,256
20,615590,10530
182,615590,10502
84,615590,2802
77,615591,1588
29,615593,1280
92,615593,220
25,615595,952
72,615596,928
107,615598,1400
29,615598,318
69,615599,412
151,615599,1128
25,615600,1470
62,615600,336
29,615601,1112
74,615601,748
49,615601,240
134,615601,190
75,615601,216
101,615601,380
5,615602,1108
5,615603,1122
182,615604,1032
10,615604,1008
147,615604,690
37,615605,2400
25,615606,2218
43,615606,5612
27,615606,8426
4,615606,2740
148,615606,214
163,615606,950
84,615606,2080
12,615606,4408
38,615607,1692
120,615608,864
62,615608,2418
51,615608,4922
131,615608,3578
47,615608,1390
24,615608,2420
155,615608,836
195,615608,2476
25,615609,2594
66,615609,1214
94,615609,240
229,615609,1134
140,615610,924
236,615610,924
84,615610,576
19,615611,1240
82,615611,476
32,615612,1866
236,615612,1288
159,615612,230
26,615613,280
56,615613,276
37,615613,1872
23,615614,2880
21,615614,840
99,615614,480
68,615614,3792
97,615614,3000
65,615614,1980
3,615615,1212
4,615615,10296
148,615615,2664
0,615616,364
38,615616,1026
72,615616,462
27,615617,864
234,615618,672
106,615618,3166
105,615618,1352
27,615619,4244
55,615619,1490
142,615619,224
8,615619,756
107,615620,1566
29,615620,1058
77,615620,2000
138,615620,222
134,615620,1712
72,615620,2388
42,615620,1332
218,615620,1212
76,615620,3824
107,615621,1282
5,615621,780
29,615621,208
92,615621,368
138,615621,188
49,615621,3486
75,615621,168
42,615621,1062
102,615621,220
76,615621,5320
123,615621,846
107,615622,3160
85,615623,1048
29,615623,9828
145,615623,3146
92,615623,2592
72,615623,9956
75,615623,1426
42,615623,5240
123,615623,2740
55,615624,202
47,615624,1270
115,615624,486
78,615624,1586
32,615625,7148
46,615625,1446
124,615625,5868
93,615625,4720
131,615625,4248
228,615625,3180
150,615625,256
159,615625,702
122,615625,1128
76,615625,1764
81,615625,1680
0,615628,936
4,615628,736
80,615629,2228
111,615629,1204
38,615629,640
25,615630,1372
38,615630,852
120,615637,546
32,615637,2632
47,615637,608
129,615638,492
228,615638,456
47,615638,260
25,615639,2888
23,615639,7966
7,615639,1344
21,615639,5502
99,615639,1226
169,615639,426
0,615639,1112
17,615639,532
126,615639,1614
37,615639,1166
123,615639,704
39,615640,886
23,615640,5756
7,615640,1026
21,615640,7796
59,615640,906
169,615640,240
0,615640,2592
126,615640,1480
65,615640,882
160,615640,904
89,615640,1888
21,615641,1484
97,615641,1516
25,615642,1420
163,615642,782
130,615642,1694
121,615643,478
0,615643,1752
84,615643,304
4,615644,320
163,615644,1700
21,615646,988
59,615646,284
97,615646,330
37,615646,432
23,615647,3698
7,615647,1896
21,615647,3728
128,615647,2172
126,615647,372
24,615647,1110
37,615647,1298
23,615648,3218
7,615648,210
97,615648,484
65,615648,2036
91,615648,618
21,615650,990
97,615650,228
23,615651,3718
21,615651,3848
65,615651,1254
91,615651,888
25,615654,660
39,615654,1398
3,615654,514
148,615654,234
163,615654,3190
17,615655,1060
227,615656,4482
96,615657,322
131,615657,2662
199,615657,244
25,615658,1592
139,615658,556
19,615658,2934
64,615658,7402
75,615658,204
255,615658,1998
159,615658,924
25,615659,1122
132,615659,1620
157,615659,182
66,615660,260
178,615660,1124
84,615660,690
82,615660,712
221,615661,506
96,615661,646
235,615661,1012
74,615662,480
157,615662,324
46,615663,2460
228,615663,868
199,615663,612
231,615664,552
232,615664,826
28,615664,906
19,615665,10112
229,615665,684
70,615666,3162
143,615667,1008
8,615667,626
108,615667,330
125,615667,1158
25,615668,5012
140,615668,870
236,615668,3318
108,615668,3364
47,615668,10500
199,615668,480
125,615668,2172
107,615669,2088
85,615669,1900
29,615669,312
92,615669,280
102,615669,1302
101,615669,694
76,615669,1328
26,615670,798
121,615670,780
0,615670,1094
232,615670,2526
233,615672,1140
51,615672,420
162,615672,216
66,615673,2992
34,615673,286
95,615673,968
32,615673,2544
51,615673,1564
96,615673,3408
93,615673,4788
71,615673,192
64,615673,1104
228,615673,572
150,615673,336
90,615673,854
125,615673,3250
25,615675,4236
3,615675,2754
0,615675,4514
38,615675,2574
25,615682,420
39,615682,1570
169,615683,372
56,615683,252
97,615683,408
90,615683,2454
62,615686,208
32,615686,924
30,615697,2584
32,615698,364
90,615698,1222
236,615699,1588
32,615700,1404
140,615700,680
19,615700,704
229,615700,1080
157,615700,972
125,615700,1216
25,615701,1152
222,615701,448
235,615701,748
131,615702,1088
157,615702,364
145,615704,722
202,615704,312
10,615704,2466
61,615704,5224
90,615704,4256
147,615704,4416
57,615704,4638
160,615704,336
6,615705,2820
84,615705,936
145,615705,2032
202,615705,1052
61,615705,2868
72,615705,6828
147,615705,1094
40,615705,2604
160,615705,360
145,615706,2070
202,615706,2112
61,615706,3948
57,615706,1840
160,615706,260
71,615707,1740
202,615707,1720
10,615707,1040
57,615707,2950
160,615707,252
43,615712,2466
0,615712,4990
163,615712,2600
130,615712,1568
12,615712,3532
121,615713,1892
4,615713,2980
130,615713,360
56,615713,288
31,615713,1526
59,615714,1764
0,615714,1598
148,615714,1576
91,615714,1836
23,615716,1650
148,615716,4210
119,615716,1546
56,615716,266
89,615716,756
68,615719,2744
169,615719,278
24,615719,940
65,615719,932
37,615719,432
44,615723,6458
62,615723,946
46,615723,1772
140,615723,294
188,615724,648
41,615724,1464
98,615724,1340
186,615724,578
90,615724,1434
66,615725,532
41,615725,928
62,615725,770
117,615725,1144
191,615726,1198
146,615726,1028
108,615726,798
235,615726,442
90,615726,686
191,615727,1830
191,615728,1390
74,615728,620
62,615729,620
41,615730,754
62,615730,228
188,615731,2868
41,615731,540
62,615731,360
236,615732,1040
129,615732,742
111,615732,1994
108,615732,2402
125,615732,514
66,615733,1050
191,615733,2168
120,615733,550
51,615733,1416
162,615733,1298
199,615733,3064
107,615734,2820
29,615734,1644
101,615734,288
76,615734,3324
117,615736,4042
234,615737,1804
106,615737,1748
88,615737,360
53,615737,504
98,615738,2170
106,615738,4966
109,615738,864
98,615739,2386
117,615739,6332
8,615739,1232
88,615739,5354
52,615739,1080
117,615740,1800
88,615740,1152
106,615741,3292
8,615741,208
53,615741,216
178,615742,1650
106,615742,1674
88,615743,1086
27,615745,320
80,615745,620
8,615745,1152
106,615746,4952
23,615748,6156
26,615748,1080
84,615748,2604
130,615748,1140
56,615748,312
12,615748,3048
90,615748,2296
31,615748,6152
91,615748,1550
37,615748,1492
186,615750,1132
166,615751,1954
82,615751,246
60,615752,848
189,615752,5246
222,615753,316
74,615753,594
25,615754,2074
233,615754,1212
32,615754,6450
236,615754,588
112,615754,4362
93,615754,476
229,615754,1012
228,615754,724
155,615754,210
233,615755,1162
32,615755,1188
229,615755,676
78,615755,336
32,615756,630
162,615756,1448
82,615756,780
32,615757,7050
236,615757,1916
139,615757,1812
124,615757,1812
162,615757,780
131,615757,750
64,615757,2706
228,615757,2550
75,615757,760
255,615757,966
125,615757,882
122,615757,5654
54,615757,3154
81,615757,900
120,615758,588
21,615758,4252
32,615758,3644
236,615758,1378
139,615758,1080
93,615758,1740
162,615758,486
64,615758,1026
228,615758,11984
150,615758,714
255,615758,708
159,615758,1040
101,615758,732
122,615758,480
233,615759,828
244,615759,1280
32,615759,1234
236,615759,830
131,615759,3012
64,615759,1260
150,615759,330
233,615760,2258
120,615760,848
62,615760,1726
71,615760,1068
47,615760,1078
105,615761,260
52,615761,1226
233,615762,1564
120,615762,778
0,615762,420
47,615762,2416
25,615763,1508
132,615763,280
120,615763,584
78,615763,608
146,615764,1212
19,615764,2872
229,615764,1096
146,615765,1152
221,615765,1368
108,615765,548
47,615765,1834
78,615765,1484
199,615765,3276
82,615765,832
195,615765,340
66,615766,320
146,615766,2736
143,615766,1144
32,615766,4804
140,615766,720
221,615766,1260
236,615766,774
94,615766,228
124,615766,572
47,615766,3138
155,615766,606
125,615766,2172
82,615766,2328
54,615766,966
186,615767,336
244,615767,1200
21,615767,400
32,615767,1758
221,615767,2574
236,615767,336
139,615767,1406
222,615767,1320
228,615767,2096
235,615767,280
155,615767,744
159,615767,462
195,615767,492
235,615768,690
62,615769,220
93,615769,660
223,615769,216
229,615770,798
45,615770,272
47,615770,1032
125,615770,840
37,615773,2076
23,615774,5300
26,615774,1224
21,615774,6556
119,615774,522
126,615774,396
121,615775,332
4,615775,788
84,615775,336
169,615776,1280
130,615776,560
214,615776,208
130,615778,714
68,615779,952
119,615779,220
25,615780,4052
23,615780,4500
169,615780,2658
0,615780,1788
128,615780,540
97,615780,1582
65,615780,216
80,615781,824
7,615781,540
59,615781,392
99,615781,612
128,615781,576
17,615781,440
97,615781,652
12,615781,414
126,615781,432
24,615781,312
65,615781,392
25,615782,940
26,615782,464
169,615782,336
128,615782,308
61,615782,380
12,615782,1626
134,615782,1180
31,615782,1210
91,615782,2538
89,615782,5002
21,615783,294
169,615784,244
186,615785,288
109,615785,5568
90,615785,5776
48,615785,2260
187,615786,432
211,615786,290
138,615786,882
74,615786,280
115,615786,210
90,615786,3360
144,615787,216
110,615787,240
211,615787,228
164,615787,1144
90,615787,1400
144,615788,2402
115,615788,1350
90,615788,14066
51,615791,288
139,615791,804
124,615791,330
96,615792,792
223,615792,1288
131,615792,740
107,615795,7904
77,615795,492
134,615795,204
72,615795,3220
75,615795,1060
42,615795,1456
76,615795,1260
141,615795,6860
98,615797,658
27,615797,1044
80,615797,1632
142,615797,1514
127,615797,732
74,615797,288
129,615798,322
142,615798,896
8,615798,396
127,615798,1746
38,615798,3384
27,615799,1960
80,615799,1256
178,615799,996
55,615799,666
142,615799,492
71,615799,270
178,615804,468
21,615804,4590
25,615805,572
222,615805,1104
8,615806,2184
55,615807,1104
142,615807,602
142,615808,608
8,615808,372
38,615808,1512
106,615811,1996
105,615811,740
52,615811,1628
25,615812,1558
25,615815,552
107,615815,1280
5,615815,1390
23,615815,8400
7,615815,6104
21,615815,7052
68,615815,5032
169,615815,1912
0,615815,2844
17,615815,840
97,615815,200
126,615815,416
65,615815,528
67,615816,768
80,615818,780
222,615818,642
115,615818,468
44,615819,650
189,615819,2688
34,615820,1182
32,615820,4278
131,615820,822
228,615820,326
150,615820,420
21,615821,6232
236,615821,1214
96,615821,2400
150,615821,396
122,615821,2462
81,615821,780
25,615822,1676
120,615822,546
236,615822,848
45,615822,1782
32,615823,1088
19,615823,1028
233,615824,192
62,615824,1778
233,615825,1232
62,615825,1370
25,615827,4258
19,615827,9760
125,615827,5550
132,615828,672
94,615828,2176
120,615829,904
157,615829,1498
115,615829,608
120,615830,948
222,615830,336
244,615831,642
162,615831,1272
64,615831,1720
159,615831,414
122,615831,1300
120,615832,8598
244,615832,8200
32,615832,14592
169,615832,1506
93,615832,4402
71,615832,252
235,615832,10734
159,615832,1680
122,615832,6984
25,615833,610
120,615833,1656
32,615833,2266
236,615833,1578
19,615833,572
157,615833,7268
72,615833,1670
125,615833,776
132,615834,400
222,615834,300
19,615834,720
70,615835,782
32,615836,6626
187,615836,748
228,615836,5682
56,615836,1308
150,615836,794
122,615836,240
32,615837,576
124,615837,1618
93,615837,998
127,615837,672
228,615837,1180
150,615837,616
235,615837,850
122,615837,7442
81,615837,480
188,615838,1200
41,615838,4000
125,615838,986
95,615839,270
96,615839,480
102,615839,628
51,615840,240
102,615840,688
19,615841,856
189,615842,228
19,615842,588
51,615843,512
228,615843,1032
78,615843,530
221,615844,284
90,615844,992
155,615844,366
146,615845,2438
143,615845,2994
187,615845,380
236,615845,1098
47,615845,3076
25,615846,720
228,615846,1092
47,615846,748
228,615847,1080
47,615847,482
62,615848,468
223,615848,606
89,615848,488
25,615849,690
21,615849,1920
236,615849,1232
51,615849,570
96,615849,570
155,615849,2134
25,615850,852
32,615850,840
236,615850,1010
51,615850,320
124,615850,708
47,615850,2782
122,615850,2736
81,615850,280
46,615851,572
131,615851,672
255,615851,570
78,615851,676
82,615851,380
46,615852,2634
236,615852,1044
51,615852,2280
162,615852,1332
235,615852,858
131,615853,2756
146,615854,1158
132,615854,1096
19,615854,804
229,615855,3722
32,615856,1590
236,615856,1316
96,615856,1848
122,615856,828
34,615857,2088
21,615857,4554
32,615857,2250
228,615857,862
235,615857,1004
159,615857,2060
122,615857,3734
81,615857,1866
120,615858,3058
24,615858,1924
195,615858,3018
44,615859,1762
236,615860,588
96,615860,660
128,615860,828
228,615860,1040
108,615860,540
95,615861,674
112,615861,1484
96,615861,2496
222,615861,642
19,615861,4036
64,615861,4820
228,615861,1376
49,615861,516
47,615861,1368
24,615861,720
159,615861,1620
146,615862,1548
139,615862,1004
159,615862,648
122,615862,1094
120,615863,2424
46,615863,3216
229,615863,522
108,615863,434
115,615863,550
199,615863,656
66,615864,2922
236,615864,1344
93,615864,766
47,615865,1042
44,615875,838
25,615889,850
121,615893,1048
0,615893,216
72,615893,324
25,615894,834
38,615894,838
235,615896,1520
98,615897,570
144,615897,1200
186,615897,1296
164,615898,460
90,615898,988
48,615898,782
98,615899,2024
110,615899,1560
109,615899,9260
164,615899,2268
90,615899,1380
48,615899,4326
138,615900,288
115,615900,568
90,615900,3708
101,615900,784
186,615901,1240
25,615906,696
120,615907,690
62,615907,18422
106,615907,676
8,615907,1476
235,615907,35336
53,615907,1920
34,615908,2176
23,615908,7756
21,615908,528
97,615908,276
39,615930,716
232,615930,724
25,615931,320
24,615931,1268
26,615932,2332
0,615932,13780
4,615932,5176
23,615933,1608
59,615933,468
216,615933,378
56,615933,598
25,615934,3374
27,615934,1814
59,615934,2642
216,615934,284
119,615934,1592
17,615934,272
12,615934,820
72,615934,1880
91,615934,246
89,615934,1058
23,615935,1608
68,615935,2356
37,615935,1564
21,615937,2198
148,615937,480
97,615937,192
39,615938,1220
26,615938,1778
216,615938,1496
163,615938,2190
23,615939,1476
26,615939,408
97,615939,492
126,615939,396
26,615940,542
27,615940,4250
21,615940,2696
216,615940,2684
119,615940,6146
17,615940,2318
12,615940,1798
72,615940,764
31,615940,720
24,615940,1278
91,615940,1732
24,615943,2200
31,615944,800
3,615945,486
130,615945,504
31,615945,1928
23,615946,1608
128,615946,1648
126,615946,930
136,615947,760
151,615947,1576
38,615947,2154
0,615948,1310
128,615948,1138
24,615948,800
23,615949,1764
7,615949,924
169,615949,300
126,615949,752
25,615952,420
21,615952,2048
0,615952,264
37,615952,442
90,615953,2272
98,615954,352
187,615954,440
48,615954,1000
110,615955,522
74,615955,1856
115,615955,490
110,615956,1740
109,615957,520
90,615957,560
109,615958,252
164,615958,990
71,615959,292
90,615959,2490
106,615960,832
109,615960,1440
48,615960,6984
41,615961,780
144,615961,280
110,615961,210
109,615961,1128
88,615961,1040
115,615961,882
186,615962,1808
187,615962,1240
71,615962,816
142,615963,840
71,615963,636
138,615964,1746
187,615965,598
71,615965,922
115,615965,1042
90,615965,396
120,615969,1278
236,615969,1080
157,615969,780
255,615969,1130
21,615970,1790
236,615970,1060
111,615970,2630
131,615970,1422
45,615970,1240
159,615970,258
125,615970,836
54,615970,728
81,615970,1626
25,615971,2380
132,615971,2078
32,615971,3726
46,615971,3384
187,615971,418
140,615971,700
221,615971,1696
19,615971,2396
229,615971,5156
64,615971,550
228,615971,2394
45,615971,300
235,615971,2132
157,615971,3340
54,615971,4402
132,615972,792
142,615972,1000
25,615973,864
140,615973,1490
47,615973,198
25,615974,3360
143,615974,3098
187,615974,384
236,615974,1080
94,615974,1056
124,615974,1430
96,615974,3376
47,615974,7232
157,615974,430
146,615975,216
32,615975,1056
19,615975,616
229,615975,308
233,615976,1678
120,615976,1544
236,615976,3026
51,615976,764
21,615978,1972
128,615978,706
12,615978,1396
32,615984,3382
236,615984,1200
228,615984,988
235,615984,1130
32,615985,760
138,615985,494
108,615985,690
19,615986,1180
229,615986,224
93,615987,2934
64,615987,1584
228,615987,1152
159,615987,580
122,615987,1320
121,615988,240
84,615988,304
38,615988,1566
214,615988,526
117,615994,1856
88,615994,700
145,615999,1428
134,615999,908
72,615999,294
25,616000,2432
109,616000,1288
29,616001,1204
77,616001,204
75,616001,162
42,616001,824
25,616002,980
202,616002,2342
61,616003,480
40,616003,1358
231,616004,1324
107,616005,960
72,616005,318
101,616005,530
9,616007,234
72,616007,1696
72,616009,1082
6,616011,848
21,616012,948
102,616012,1284
101,616012,1698
123,616012,1348
141,616012,1068
107,616014,1392
85,616014,342
75,616014,220
101,616014,1848
76,616014,2076
141,616014,3204
5,616015,326
97,616015,1312
90,616015,370
102,616015,270
6,616016,1106
84,616016,692
61,616016,1430
29,616017,442
90,616017,1090
6,616018,1034
61,616018,962
35,616019,264
28,616019,816
142,616020,1218
142,616021,432
38,616021,836
27,616022,956
142,616022,312
38,616022,2132
27,616023,1920
27,616024,17580
80,616024,7348
178,616024,3800
55,616024,20052
0,616024,2744
142,616024,614
8,616024,1384
27,616025,14618
80,616025,3432
55,616025,18552
129,616025,734
142,616025,5606
38,616025,3576
27,616026,328
80,616026,928
55,616026,1188
129,616026,1008
38,616026,1380
27,616027,396
111,616027,1614
67,616032,488
202,616032,222
57,616032,1520
141,616033,2318
90,616034,2504
187,616035,542
75,616035,1564
86,616036,296
151,616036,3496
86,616037,190
151,616037,904
42,616038,1488
86,616039,252
72,616039,984
145,616040,630
10,616040,3988
9,616040,1716
147,616040,1914
25,616041,1620
166,616041,2482
25,616042,2686
1,616042,6292
166,616042,5318
58,616042,13588
55,616043,880
90,616044,1898
71,616045,196
74,616045,300
90,616045,1156
187,616046,1448
76,616046,1098
187,616047,264
71,616047,760
90,616047,2184
74,616048,1748
107,616049,7740
85,616049,920
68,616049,1258
49,616049,1972
134,616049,652
75,616049,1594
42,616049,604
102,616049,898
76,616049,15850
107,616050,2436
85,616050,1230
5,616050,1472
49,616050,204
102,616050,220
76,616050,2060
178,616051,640
187,616051,992
48,616051,870
72,616052,784
22,616053,4036
46,616054,1130
9,616055,764
151,616056,1226
186,616057,1204
134,616057,816
42,616058,1270
101,616058,1190
85,616059,370
29,616059,474
141,616059,1416
9,616060,566
186,616061,804
67,616061,312
9,616061,336
27,616066,742
80,616066,1584
129,616066,864
38,616066,230
27,616067,1344
55,616067,922
142,616067,780
129,616068,884
127,616068,1464
27,616069,1008
55,616069,792
127,616069,612
67,616071,1876
9,616071,2632
147,616071,3302
37,616071,1418
55,616072,1776
67,616072,2976
128,616072,424
9,616072,5250
147,616072,864
67,616073,636
128,616073,264
9,616073,2128
67,616074,1062
20,616074,2936
182,616074,2488
84,616074,2004
9,616074,2464
61,616074,1044
147,616074,3616
20,616075,8036
169,616075,4484
84,616075,1156
10,616075,1894
61,616075,6474
147,616075,22042
20,616076,3332
182,616076,4112
84,616076,1964
10,616076,592
147,616076,16336
89,616076,3578
85,616077,462
42,616077,3690
72,616078,2568
72,616079,2200
85,616080,240
17,616080,1500
42,616080,280
95,616082,964
236,616082,570
77,616082,432
255,616082,1328
155,616082,506
95,616083,1456
228,616083,1068
255,616083,2172
90,616084,564
125,616084,766
89,616084,296
236,616085,588
66,616086,310
223,616086,532
228,616086,366
25,616087,352
0,616087,540
110,616087,840
142,616087,578
96,616087,1662
47,616087,756
90,616087,1320
66,616088,2766
191,616088,840
138,616088,1232
229,616088,2538
90,616088,2154
27,616089,288
93,616089,564
90,616089,462
66,616090,756
32,616090,956
142,616090,654
115,616090,968
90,616090,574
236,616091,972
90,616091,224
25,616092,3460
26,616092,686
39,616093,624
224,616093,792
52,616094,1764
90,616095,1642
159,616095,1594
191,616097,1788
142,616097,534
138,616097,952
90,616097,524
125,616097,1374
110,616098,1922
105,616098,240
52,616098,3138
62,616099,510
52,616099,1322
62,616101,660
8,616101,660
105,616101,744
21,616102,408
112,616102,1164
159,616102,546
138,616103,968
61,616103,1072
147,616103,514
107,616104,3866
77,616104,720
101,616104,392
107,616105,7492
85,616105,684
186,616105,936
29,616105,3520
77,616105,720
10,616105,3408
49,616105,2514
90,616105,432
75,616105,5000
102,616105,576
101,616105,3916
76,616105,4232
123,616105,1828
141,616105,14972
25,616106,2408
145,616107,5786
72,616107,5502
40,616107,3898
77,616108,1282
102,616108,300
22,616109,556
35,616109,950
67,616110,1554
10,616110,286
9,616110,270
40,616110,872
25,616111,642
1,616111,2568
58,616111,1646
31,616112,1650
25,616114,1420
86,616114,274
40,616115,1926
160,616115,252
191,616119,938
27,616119,460
211,616119,514
188,616120,552
41,616120,2194
50,616120,794
62,616120,10080
188,616121,5418
66,616121,760
41,616121,2042
50,616121,1000
62,616121,1846
109,616121,840
32,616122,792
236,616122,510
90,616122,418
82,616122,820
66,616123,1764
186,616123,2070
55,616123,532
236,616123,1806
129,616123,792
108,616123,1424
235,616123,3884
115,616123,2628
125,616123,11110
54,616123,2568
27,616124,368
32,616124,11226
236,616124,720
142,616124,1400
159,616124,1694
101,616124,684
25,616125,720
82,616125,202
188,616126,5016
41,616126,6664
50,616126,480
62,616126,4800
110,616126,1248
164,616126,920
235,616126,1206
90,616126,2564
38,616127,750
25,616131,716
127,616131,656
47,616132,890
157,616132,802
95,616134,852
25,616135,4068
39,616135,2498
32,616135,4630
124,616135,1248
96,616135,1332
93,616135,1908
131,616135,1148
229,616135,4116
64,616135,2096
157,616135,264
155,616135,770
54,616135,3880
32,616136,6782
46,616136,2612
51,616136,1176
29,616136,1006
93,616136,768
162,616136,970
228,616136,6358
159,616136,1836
81,616136,1014
46,616137,1716
166,616137,764
32,616138,264
187,616138,564
221,616138,230
32,616139,414
94,616139,832
75,616139,660
25,616140,1068
45,616142,756
25,616144,1262
66,616144,760
120,616144,752
32,616144,610
46,616144,872
112,616144,636
111,616144,562
89,616144,524
54,616144,638
233,616145,790
132,616145,1170
120,616145,404
32,616145,8762
54,616145,1920
25,616146,1032
146,616146,2304
120,616146,528
51,616146,270
222,616146,336
19,616146,5692
47,616146,3692
32,616147,2332
112,616147,1740
111,616147,2552
93,616147,1548
229,616147,306
228,616147,572
90,616147,714
125,616147,2548
143,616148,672
64,616148,504
47,616148,332
186,616149,1042
84,616149,360
38,616149,1056
102,616149,576
66,616150,822
94,616150,1602
84,616150,448
223,616150,700
228,616150,1420
120,616151,544
140,616151,904
221,616151,1062
47,616151,1240
78,616151,880
231,616153,324
28,616153,900
44,616154,1326
94,616154,720
17,616155,500
12,616155,3356
169,616156,2120
0,616156,976
89,616156,1068
3,616157,660
38,616157,1716
25,616158,824
66,616158,546
32,616158,208
23,616159,2512
169,616159,408
39,616160,2346
12,616160,944
126,616160,312
25,616161,3296
3,616161,3080
121,616161,296
23,616162,3510
37,616162,2644
25,616165,864
221,616165,920
94,616165,1426
19,616165,1440
229,616165,3942
64,616165,950
47,616165,1928
157,616165,220
155,616165,1396
125,616165,948
54,616165,884
143,616166,480
32,616166,936
112,616166,520
162,616166,1152
235,616166,616
155,616166,604
120,616167,1132
55,616167,398
157,616167,546
143,616168,1416
120,616168,4502
94,616168,608
19,616168,700
25,616170,604
233,616170,2052
244,616170,1642
32,616170,926
236,616170,1970
51,616170,2656
124,616170,3224
112,616170,1800
93,616170,2520
162,616170,1534
47,616170,664
155,616170,1210
42,616170,566
122,616170,200
25,616171,768
34,616171,710
244,616171,5476
32,616171,1940
139,616171,2020
112,616171,1626
96,616171,392
162,616171,994
228,616171,1352
155,616171,1236
159,616171,1596
25,616172,832
146,616172,416
244,616172,702
46,616172,234
124,616172,1618
228,616172,1680
157,616172,524
255,616172,216
25,616173,874
95,616173,232
132,616173,342
236,616173,1886
112,616173,426
229,616173,1986
78,616173,828
159,616173,708
151,616174,962
93,616175,702
228,616175,3896
47,616175,852
195,616175,880
46,616176,1706
140,616176,644
108,616176,440
151,616177,1068
58,616177,390
191,616178,1656
23,616178,572
244,616178,792
124,616178,204
25,616179,720
32,616179,388
112,616179,2960
229,616179,1750
64,616179,450
108,616179,3534
38,616179,604
90,616179,966
78,616179,530
125,616179,1172
25,616180,696
143,616180,4988
32,616180,4636
236,616180,588
51,616180,194
112,616180,2334
93,616180,948
19,616180,1968
45,616180,1380
49,616180,640
78,616180,972
125,616180,1352
82,616180,934
21,616181,2940
97,616181,256
25,616182,832
120,616182,220
32,616182,3332
236,616182,2912
51,616182,560
229,616182,3008
64,616182,510
127,616182,448
228,616182,3086
122,616182,3584
81,616182,1280
146,616183,2936
143,616183,1592
112,616183,682
45,616183,616
235,616183,1728
188,616184,2676
41,616184,25418
50,616184,1576
62,616184,3342
117,616184,2220
109,616184,2870
235,616184,1840
90,616184,1150
6,616185,1812
140,616185,504
0,616185,2694
182,616185,2766
84,616185,962
145,616185,1696
202,616185,1354
9,616185,1188
61,616185,1672
147,616185,2482
40,616185,16444
57,616185,2132
141,616185,1254
95,616186,352
21,616186,1302
32,616186,2040
112,616186,694
93,616186,1400
229,616186,882
228,616186,3960
125,616186,684
19,616187,1188
90,616187,472
32,616188,2244
64,616188,1088
228,616188,672
159,616188,204
122,616188,2484
21,616189,2280
32,616189,1184
124,616189,1760
96,616189,1910
228,616189,264
122,616189,324
66,616190,5046
32,616190,7168
221,616190,288
236,616190,3636
51,616190,310
111,616190,620
93,616190,2706
19,616190,3398
228,616190,1176
235,616190,2644
157,616190,1836
121,616192,672
38,616192,2008
40,616196,2074
32,616201,484
46,616201,460
140,616201,626
112,616201,496
111,616201,460
235,616201,672
146,616202,636
26,616202,672
32,616202,508
112,616202,558
228,616202,560
78,616202,580
157,616203,1018
228,616204,886
155,616204,956
89,616204,590
32,616205,3532
51,616205,2268
112,616205,774
155,616205,1224
244,616206,2070
32,616206,2186
124,616206,404
228,616206,552
34,616207,1340
155,616207,1160
101,616207,448
121,616209,612
0,616209,1520
5,616212,748
162,616212,378
21,616213,876
221,616214,552
80,616215,720
229,616215,974
78,616215,2328
32,616217,2512
90,616217,1008
228,616218,1262
159,616218,1120
122,616218,2204
21,616219,1192
32,616219,2444
236,616219,2802
139,616219,504
124,616219,460
150,616219,618
146,616220,438
166,616220,530
82,616220,468
70,616221,1224
46,616221,1852
140,616221,564
166,616221,6962
82,616221,296
70,616222,680
46,616222,878
82,616222,612
222,616223,1390
244,616224,832
7,616224,3360
32,616224,7824
221,616224,726
96,616224,612
93,616224,1456
131,616224,3192
19,616224,1222
228,616224,594
235,616224,640
157,616224,396
81,616224,780
235,616225,1180
125,616225,1702
25,616226,570
150,616227,552
211,616228,624
32,616229,708
228,616229,234
150,616230,1120
10,616233,1238
61,616233,648
40,616233,1090
61,616234,1666
23,616235,1786
21,616235,1062
169,616235,380
56,616235,1400
97,616235,1920
12,616235,3240
216,616236,580
68,616236,2620
126,616236,250
117,616239,1664
88,616239,2344
98,616242,6324
117,616242,1814
88,616242,312
164,616242,574
25,616243,2772
43,616243,2748
26,616243,1568
3,616243,1200
121,616243,2556
0,616243,8684
4,616243,4206
202,616243,1800
12,616243,1248
31,616243,2502
147,616243,4326
99,616244,1008
56,616244,364
23,616245,1246
7,616245,1372
21,616245,6734
59,616245,990
99,616245,570
216,616245,264
169,616245,660
128,616245,1906
126,616245,972
91,616245,978
37,616245,1332
119,616246,620
56,616246,516
91,616246,1238
59,616247,2014
216,616247,1056
142,616247,912
0,616248,1984
38,616248,3622
136,616249,3442
3,616249,1254
0,616249,2346
38,616249,7290
163,616253,224
31,616253,1148
110,616255,5978
92,616255,532
49,616255,200
90,616255,904
24,616255,1108
42,616255,490
101,616255,410
76,616255,8070
27,616256,1700
27,616257,568
55,616257,1180
142,616257,588
121,616258,162
0,616258,1424
3,616259,216
0,616259,2430
25,616260,2736
59,616260,1962
251,616264,346
150,616265,418
235,616265,3252
44,616266,1418
146,616266,800
39,616268,230
23,616268,17464
26,616268,6282
0,616268,4272
12,616268,656
31,616268,4086
37,616268,254
86,616269,272
151,616269,3726
26,616270,474
107,616271,14218
85,616271,408
0,616271,1992
109,616271,936
77,616271,2582
128,616271,328
49,616271,360
72,616271,216
90,616271,10298
42,616271,1632
218,616271,1904
102,616271,1514
76,616271,2028
141,616271,2992
62,616272,944
82,616272,504
146,616273,420
32,616273,974
162,616273,1504
64,616273,560
186,616275,1100
109,616275,3232
90,616275,1428
52,616275,960
211,616277,348
90,616277,2294
0,616278,3674
4,616278,1764
12,616278,2128
24,616278,2838
25,616279,1480
4,616279,1528
133,616279,2018
234,616280,2164
117,616280,2716
105,616280,3554
106,616281,1730
109,616281,680
235,616281,988
52,616281,2420
98,616282,5724
117,616282,2464
88,616282,5120
52,616282,2276
98,616283,580
88,616283,6054
27,616284,1910
80,616284,826
55,616284,630
142,616284,710
106,616285,828
117,616286,480
129,616286,612
88,616286,1140
121,616287,6580
186,616289,2626
74,616289,2144
115,616289,2460
90,616289,4406
202,616290,280
9,616290,1664
61,616290,1584
34,616291,3670
23,616291,3720
21,616291,2850
128,616291,786
126,616291,240
65,616291,528
37,616291,2006
39,616292,2072
21,616292,1892
128,616292,390
38,616292,1092
126,616292,414
49,616294,3782
72,616294,1440
115,616294,2160
25,616296,1972
72,616296,2618
58,616296,256
25,616297,368
10,616297,836
27,616302,6142
80,616302,1220
55,616302,10154
129,616302,216
142,616302,2140
163,616302,1378
111,616302,706
8,616302,806
127,616302,732
38,616302,2668
44,616303,2354
46,616303,962
94,616303,2518
166,616303,3334
82,616303,1002
25,616304,870
120,616304,520
84,616304,800
146,616305,720
60,616305,1176
62,616305,1536
189,616305,874
19,616305,736
221,616306,560
131,616306,424
235,616306,512
32,616307,1380
51,616307,2022
146,616308,1176
46,616308,1984
55,616308,1206
140,616308,1190
94,616308,988
166,616308,3772
82,616308,5916
146,616309,1582
19,616309,3618
146,616310,1440
60,616311,326
19,616311,736
189,616312,1292
19,616312,420
19,616313,700
229,616313,248
60,616314,1824
62,616314,3112
46,616314,1240
19,616314,13610
143,616315,1662
142,616315,806
199,616315,3704
120,616316,660
64,616316,360
157,616316,464
244,616317,1024
51,616317,216
54,616317,516
143,616318,756
140,616318,1488
199,616318,1024
19,616319,1410
146,616320,586
19,616320,740
143,616321,900
47,616321,300
27,616322,560
46,616323,824
44,616324,192
60,616324,616
44,616325,830
60,616325,756
189,616325,288
32,616326,4568
96,616326,720
228,616326,1088
25,616327,1050
162,616327,336
159,616327,930
122,616327,826
229,616328,6284
95,616329,4272
32,616329,8282
46,616329,1840
94,616329,370
139,616329,1348
228,616329,400
108,616329,318
54,616329,1486
44,616330,8072
60,616330,2438
189,616330,5598
39,616331,576
28,616331,540
33,616331,480
32,616332,660
189,616333,294
19,616333,560
25,616334,2114
146,616334,980
32,616334,2104
46,616334,11120
140,616334,926
19,616334,1352
95,616335,614
96,616335,1100
235,616335,290
25,616336,666
19,616337,1648
235,616338,944
159,616338,406
233,616339,1424
236,616340,1188
64,616340,220
95,616341,480
162,616341,1224
146,616343,7818
195,616343,1278
44,616344,776
46,616344,4080
166,616344,5274
82,616344,2574
70,616345,758
60,616345,558
25,616346,2548
45,616346,252
235,616346,600
78,616346,1028
195,616346,3608
32,616347,4396
51,616347,750
112,616347,1082
93,616347,594
162,616347,680
64,616347,956
81,616347,1396
62,616349,796
25,616350,1084
51,616350,982
244,616351,288
96,616351,522
199,616351,1224
132,616352,2350
64,616352,882
157,616352,538
130,616355,920
38,616357,2460
0,616358,1436
39,616359,940
3,616359,1222
21,616360,2074
128,616360,1936
56,616360,208
97,616360,364
37,616360,2106
216,616361,460
128,616361,348
59,616362,290
0,616362,3564
17,616362,1384
56,616362,322
144,616367,1284
110,616367,2320
109,616367,3102
164,616367,1512
90,616367,220
21,616368,1652
148,616368,216
12,616368,1512
128,616369,1286
26,616370,206
21,616370,1528
130,616370,294
56,616370,1784
31,616370,1330
24,616370,412
25,616371,4124
146,616371,924
46,616371,12892
19,616371,5028
47,616371,4038
25,616372,1738
120,616373,1184
155,616373,1724
146,616374,2758
32,616374,1232
139,616374,690
228,616374,1064
81,616374,300
233,616375,560
32,616375,7240
221,616375,868
229,616375,652
24,616375,1804
78,616375,8742
195,616375,1932
54,616375,2620
39,616376,3132
28,616376,524
32,616377,1300
46,616377,2996
236,616377,1128
112,616377,1680
64,616377,2646
228,616377,3982
150,616377,402
47,616377,2208
25,616378,436
120,616378,1584
143,616379,432
221,616379,3106
157,616379,2208
32,616381,1122
94,616381,630
112,616381,4196
111,616381,572
105,616382,1140
52,616382,532
21,616386,9266
99,616386,1456
0,616386,7392
126,616386,242
37,616386,270
39,616387,4040
23,616387,23926
26,616387,6084
7,616387,2234
68,616387,768
128,616387,2272
31,616387,4314
25,616388,1526
23,616389,11074
21,616389,12238
0,616389,3240
148,616389,738
17,616389,600
23,616390,1832
21,616390,26054
68,616390,3414
169,616390,1408
128,616390,364
89,616390,660
142,616391,1592
38,616391,1236
138,616392,1476
55,616393,744
142,616393,2980
44,616394,1652
27,616395,2208
80,616395,932
178,616395,534
55,616395,4302
142,616395,526
127,616395,574
106,616396,2026
52,616396,352
106,616397,3406
32,616400,810
150,616400,308
54,616400,272
32,616401,840
162,616401,216
131,616401,944
32,616402,250
140,616402,616
93,616402,3474
131,616402,690
19,616402,1748
228,616402,1296
157,616402,420
54,616402,2436
228,616403,1316
94,616404,260
166,616404,1056
34,616405,720
236,616405,324
150,616405,256
46,616406,1104
221,616406,1232
47,616406,460
78,616406,1252
106,616418,1350
186,616426,5118
187,616426,1964
109,616426,12132
90,616426,50596
48,616426,2586
25,616428,1618
1,616428,14270
166,616428,1652
10,616428,5728
25,616431,2896
86,616431,1338
145,616431,686
72,616431,10332
57,616431,8326
58,616431,5500
227,616434,25740
59,616435,260
17,616435,1332
97,616435,1356
23,616436,3900
21,616436,2436
91,616436,1272
37,616436,840
21,616437,744
169,616437,432
75,616438,696
27,616439,624
25,616440,1874
43,616441,642
84,616441,990
43,616442,794
163,616442,670
31,616442,978
99,616443,564
126,616443,1180
21,616444,1056
128,616444,236
97,616444,446
65,616444,1016
91,616444,744
21,616445,616
169,616445,346
59,616446,1464
4,616446,640
130,616446,460
24,616446,808
214,616446,1306
148,616447,2924
12,616447,1420
89,616447,624
21,616448,1088
59,616448,198
169,616448,276
128,616448,648
126,616448,896
65,616448,440
37,616448,778
25,616449,924
128,616449,424
163,616450,1680
130,616450,272
23,616451,1472
21,616451,5352
25,616452,3140
43,616452,4774
59,616452,5780
169,616452,1068
0,616452,1416
148,616452,2486
119,616452,612
12,616452,8540
31,616452,1962
24,616452,2124
89,616452,3486
89,616453,1200
106,616457,4588
43,616469,1172
121,616469,648
56,616469,1264
68,616470,3062
65,616470,2660
37,616470,1848
23,616472,5932
119,616472,1064
128,616472,618
12,616472,324
65,616472,1968
91,616472,968
116,616472,2228
34,616473,2756
68,616473,3066
37,616473,1692
39,616474,924
25,616475,5612
55,616475,888
0,616475,2700
148,616475,1416
56,616475,1146
31,616475,2588
89,616475,3096
38,616476,2810
23,616477,1212
21,616477,712
59,616477,890
68,616477,1338
216,616478,454
119,616478,438
38,616478,972
59,616479,712
61,616479,796
31,616479,1246
24,616479,2988
3,616480,1256
31,616480,1800
91,616480,1832
89,616480,2094
56,616481,240
37,616481,1486
39,616482,1168
23,616483,8056
7,616483,5228
21,616483,22642
169,616483,414
128,616483,342
42,616483,1680
37,616483,1314
23,616488,1908
7,616488,5148
148,616488,336
12,616488,1224
59,616490,396
99,616490,832
68,616490,2274
126,616490,360
98,616491,5820
117,616491,1590
105,616491,1040
88,616491,3226
90,616491,5232
186,616492,1410
27,616492,4232
80,616492,1032
142,616492,2716
71,616492,486
101,616493,928
123,616493,348
49,616494,320
101,616494,996
107,616495,2252
72,616495,4626
76,616495,4332
123,616495,738
141,616495,2724
29,616496,208
141,616496,3860
2,616497,724
35,616497,2706
74,616498,664
72,616498,9532
2,616499,1372
67,616501,5052
202,616501,2244
61,616501,1328
49,616503,1206
141,616504,1200
92,616505,1062
123,616505,498
40,616506,702
39,616507,618
226,616507,1032
134,616508,384
72,616508,588
85,616509,3150
29,616509,1896
202,616509,510
123,616509,4996
141,616509,6224
107,616510,2152
29,616510,1848
71,616510,342
72,616510,1416
90,616510,812
123,616510,234
92,616511,264
134,616511,288
72,616511,2456
24,616511,2088
42,616511,1392
101,616511,276
76,616511,2928
141,616511,1908
107,616512,2330
29,616512,834
134,616512,198
72,616512,1118
123,616512,742
49,616513,860
6,616514,1380
202,616514,1370
9,616514,886
61,616514,624
57,616514,468
25,616515,924
10,616515,474
29,616516,1860
146,616519,4682
32,616519,2044
19,616519,312
108,616519,1300
25,616526,1728
121,616527,420
0,616527,1048
163,616527,1088
84,616527,1718
38,616527,3682
214,616527,790
23,616528,1974
0,616528,1040
214,616528,500
59,616529,260
216,616529,1236
4,616529,552
163,616529,402
89,616529,960
25,616530,638
47,616536,846
98,616537,2256
32,616537,11380
19,616537,828
235,616537,9232
125,616537,4870
41,616538,1480
244,616538,1596
27,616538,1000
64,616538,1364
127,616538,1548
47,616538,1730
90,616538,1632
126,616538,660
25,616539,1942
41,616539,594
27,616539,402
131,616539,1528
138,616539,1798
108,616539,5584
164,616539,676
235,616539,704
47,616539,2896
48,616539,1188
146,616540,996
143,616540,536
32,616541,1880
89,616541,620
54,616541,656
139,616542,584
125,616542,626
124,616543,456
228,616543,646
66,616544,4666
62,616544,1376
131,616544,1158
233,616545,1140
34,616545,974
32,616545,984
162,616545,1086
157,616545,394
122,616545,268
142,616546,708
108,616546,1040
62,616547,3932
235,616547,576
62,616548,4630
235,616548,1416
66,616549,760
41,616549,1008
50,616549,440
62,616549,3588
191,616550,1332
108,616550,1036
191,616551,3354
191,616552,2266
25,616553,552
66,616554,324
96,616554,1026
191,616555,1590
125,616555,632
188,616556,804
41,616556,1020
144,616556,672
66,616557,1038
117,616557,440
191,616558,3636
80,616558,1652
32,616558,1084
94,616558,720
235,616558,1284
90,616558,1324
125,616558,3036
54,616558,1940
244,616559,576
32,616559,648
236,616559,864
162,616559,624
159,616559,1284
27,616560,1726
120,616561,900
199,616561,1792
125,616561,700
195,616561,1926
21,616563,1758
97,616563,1408
105,616564,760
52,616564,3032
52,616565,1728
186,616569,1200
71,616569,1350
138,616569,5782
115,616569,196
71,616570,266
115,616570,552
90,616570,558
110,616571,1546
48,616571,200
52,616571,320
144,616572,934
110,616572,3136
109,616572,2720
164,616572,1208
90,616572,5210
48,616572,4060
109,616573,988
90,616573,2782
186,616574,700
109,616574,1092
48,616574,528
186,616575,632
71,616575,1282
90,616575,882
211,616576,322
71,616576,900
74,616576,270
90,616576,2010
144,616577,212
110,616577,740
109,616577,880
90,616577,740
71,616579,396
74,616579,1152
110,616580,810
90,616580,1080
144,616581,2786
110,616581,1504
211,616581,874
109,616581,8056
164,616581,264
90,616581,5488
144,616582,200
109,616582,2100
74,616584,318
52,616584,1320
49,616585,702
123,616585,198
90,616586,864
90,616589,1248
186,616590,2064
145,616590,282
71,616590,1500
138,616590,826
74,616590,1738
90,616590,2498
109,616591,1674
48,616591,2164
71,616592,264
115,616592,1692
71,616593,2720
25,616601,604
105,616603,1052
52,616603,448
55,616604,584
47,616604,3008
110,616605,3768
52,616605,1036
92,616607,236
102,616607,446
123,616607,1078
9,616608,570
182,616609,3674
25,616610,914
107,616611,3008
74,616611,204
49,616611,892
134,616611,208
72,616611,486
42,616611,1014
10,616612,580
147,616612,1522
61,616613,774
72,616613,1156
44,616614,916
1,616614,270
57,616614,6754
58,616614,4150
187,616615,266
110,616615,960
109,616615,320
48,616615,864
9,616616,14150
67,616617,1516
40,616617,516
67,616618,268
10,616618,536
186,616619,354
145,616619,4426
77,616619,2806
92,616619,4234
134,616619,1912
72,616619,4488
75,616619,1556
102,616619,580
101,616619,5836
76,616619,3992
160,616619,568
123,616619,4994
21,616636,1780
216,616636,252
119,616636,1852
97,616636,1590
65,616636,2184
43,616637,790
67,616645,2188
202,616645,2266
9,616645,1670
61,616645,1604
72,616645,1016
147,616645,4644
40,616645,1920
57,616645,1556
160,616645,1676
29,616646,288
145,616646,1740
92,616646,702
138,616646,7076
74,616646,696
134,616646,1728
72,616646,4622
90,616646,6312
75,616646,1494
147,616646,3184
101,616646,690
160,616646,1602
123,616646,900
85,616647,1580
138,616647,4536
9,616647,924
74,616647,260
61,616647,1574
49,616647,426
72,616647,3958
90,616647,7420
75,616647,2448
37,616647,1664
40,616648,1792
68,616649,2436
49,616649,3538
42,616649,1438
101,616649,464
76,616649,1148
141,616649,3106
44,616650,990
151,616650,1834
72,616650,2068
57,616650,1304
58,616650,1794
72,616651,2552
67,616652,6502
10,616652,2502
9,616652,2504
110,616653,1952
233,616655,208
32,616655,1316
78,616655,450
233,616656,216
221,616656,1176
131,616656,380
146,616657,1260
32,616657,650
19,616657,1544
19,616658,2212
229,616658,576
235,616658,728
244,616659,1056
46,616659,1276
159,616659,1966
94,616660,684
162,616660,360
122,616660,564
95,616661,790
32,616661,880
228,616661,840
95,616662,1194
51,616662,816
112,616662,1060
236,616663,810
108,616663,576
112,616664,540
108,616664,484
90,616664,480
20,616665,3716
182,616665,5654
84,616665,1276
6,616666,768
20,616667,2100
182,616667,3066
69,616668,1022
107,616669,6132
5,616669,738
92,616669,210
49,616669,1240
75,616669,2120
76,616669,2092
160,616669,646
141,616669,2040
77,616670,198
49,616670,1406
2,616671,2422
35,616671,1976
20,616672,820
182,616672,992
107,616674,1968
123,616674,546
76,616675,2028
85,616676,210
77,616676,434
134,616676,504
76,616676,1940
141,616676,2016
107,616677,7464
71,616677,336
138,616677,1776
107,616678,1728
29,616678,840
134,616678,1408
72,616678,1372
123,616678,210
107,616679,15786
77,616679,388
92,616679,240
49,616679,7130
90,616679,1168
101,616679,264
76,616679,1644
141,616679,6466
61,616680,1534
25,616683,3320
85,616684,1178
12,616684,1382
187,616686,272
29,616686,2888
49,616686,1596
76,616686,1836
141,616686,2470
107,616687,2164
85,616687,440
107,616688,3382
75,616688,276
107,616689,4196
29,616689,906
5,616690,1282
76,616690,2360
72,616691,2408
29,616693,872
211,616693,252
74,616693,382
134,616693,1928
72,616693,1100
69,616695,1186
1,616696,836
151,616696,850
67,616697,586
40,616697,4920
58,616697,480
92,616699,842
141,616699,2024
2,616700,1982
39,616700,880
22,616700,3496
35,616700,2310
39,616701,3730
22,616701,15440
35,616701,338
28,616701,3120
233,616703,840
66,616703,952
32,616703,368
47,616703,614
68,616704,540
126,616704,208
37,616704,536
66,616705,2080
32,616705,862
228,616705,638
47,616705,546
90,616705,360
233,616706,712
32,616706,1056
140,616706,756
68,616707,862
169,616707,234
97,616707,216
66,616708,638
32,616708,898
211,616716,592
109,616716,280
164,616716,2526
90,616716,1480
169,616718,732
97,616718,716
126,616718,1270
21,616719,1504
96,616719,228
159,616719,552
32,616720,438
139,616720,2112
229,616721,1488
39,616723,2628
228,616724,300
102,616724,768
32,616725,584
229,616725,484
235,616725,604
166,616726,1128
25,616727,568
112,616727,3312
47,616727,1004
78,616727,624
51,616728,240
162,616728,1088
47,616728,330
54,616728,492
51,616729,540
229,616729,1204
228,616729,264
32,616731,1338
236,616731,798
108,616731,944
95,616732,716
42,616732,704
236,616733,568
122,616733,228
236,616734,924
139,616734,928
124,616734,416
93,616734,1064
32,616735,696
236,616735,680
124,616735,624
150,616735,232
228,616736,896
155,616736,338
131,616737,1434
47,616737,4254
157,616737,3172
195,616737,940
93,616738,6826
131,616738,3276
47,616738,3642
78,616738,1080
229,616739,350
78,616739,822
39,616740,594
231,616740,290
28,616740,920
146,616741,1496
139,616741,812
162,616741,1088
228,616741,506
150,616741,2090
229,616742,504
45,616742,15044
195,616742,540
54,616742,2792
141,616742,1728
191,616743,804
55,616743,1848
228,616743,9908
125,616743,5864
54,616743,2216
32,616744,770
111,616744,922
229,616744,1936
47,616744,3950
199,616744,2374
54,616744,2004
25,616745,2744
47,616745,1056
31,616745,2020
199,616745,2438
25,616746,4064
162,616746,880
131,616746,2998
235,616746,1506
157,616746,3692
78,616746,2296
78,616747,898
195,616747,682
229,616748,2372
191,616749,744
51,616749,600
159,616749,700
150,616750,1964
81,616750,460
32,616751,1534
150,616751,440
32,616752,754
236,616752,572
150,616752,448
188,616754,2770
25,616754,960
144,616754,1016
62,616754,1780
143,616755,3222
90,616755,840
129,616757,3814
142,616757,5486
111,616757,280
38,616757,9984
216,616759,816
169,616759,596
117,616760,8594
88,616760,9958
98,616762,1308
120,616762,832
62,616762,1182
106,616762,3898
8,616762,3240
53,616762,1098
27,616763,1262
178,616763,1518
55,616763,9792
142,616763,5466
127,616763,870
38,616763,1652
90,616763,964
23,616764,3296
26,616764,210
3,616764,2288
84,616764,3168
31,616764,3792
0,616765,4392
23,616766,2852
232,616766,2558
214,616766,860
23,616767,5628
21,616767,2828
99,616767,1256
68,616767,1620
43,616768,4674
121,616768,580
0,616768,3558
37,616768,2904
107,616770,2838
23,616770,7530
21,616770,9730
68,616770,4034
169,616770,238
56,616770,2520
126,616770,442
91,616770,1536
43,616772,2174
121,616772,480
4,616772,4144
214,616772,1444
89,616772,516
23,616773,2280
21,616773,3072
99,616773,272
216,616773,456
23,616776,35540
7,616776,13222
21,616776,32006
99,616776,432
68,616776,13696
169,616776,636
0,616776,14134
119,616776,200
126,616776,888
37,616776,496
23,616777,30648
26,616777,156
80,616777,462
21,616777,21086
99,616777,1052
68,616777,2810
169,616777,300
0,616777,2156
119,616777,520
128,616777,4284
17,616777,732
37,616777,540
34,616778,2304
23,616778,16078
7,616778,2738
21,616778,32524
99,616778,252
68,616778,5976
169,616778,2176
0,616778,6688
128,616778,546
17,616778,444
12,616778,1710
31,616778,786
126,616778,1748
5,616779,2088
23,616779,13378
80,616779,810
7,616779,15308
21,616779,20696
99,616779,468
216,616779,312
68,616779,6158
169,616779,1848
0,616779,2314
119,616779,432
17,616779,836
126,616779,688
117,616783,2280
25,616785,1008
128,616785,204
90,616785,216
98,616786,1656
117,616786,1320
88,616786,660
98,616787,2600
27,616787,8174
52,616787,2028
32,616789,1134
138,616789,762
90,616789,648
195,616789,2270
66,616793,1752
146,616793,872
32,616793,1080
229,616793,992
255,616793,2942
29,616796,660
145,616796,1234
134,616796,3122
72,616796,3060
90,616796,198
133,616797,3640
256,616801,748
251,616801,756
133,616801,502
30,616802,202
256,616803,300
256,616804,5058
251,616805,1200
30,616806,8720
136,616806,288
3,616806,2520
251,616806,2106
30,616807,7412
256,616807,394
251,616807,984
30,616809,800
133,616809,100
21,616810,1004
59,616810,532
169,616810,2304
119,616810,904
17,616810,1848
39,616812,1210
33,616812,946
23,616813,3174
7,616813,1522
99,616813,972
0,616813,3232
126,616813,642
37,616813,666
43,616814,1824
163,616814,1216
23,616815,1122
0,616815,1380
56,616815,2112
25,616816,1476
23,616816,2692
43,616816,1832
0,616816,5416
4,616816,5418
148,616816,468
130,616816,444
56,616816,270
37,616816,1408
21,616817,1728
23,616818,992
7,616818,1922
21,616818,3726
99,616818,1608
68,616818,2784
169,616818,536
142,616818,910
128,616818,304
90,616818,480
65,616818,200
91,616818,2456
30,616823,1470
3,616823,640
75,616825,888
123,616825,346
85,616826,1160
49,616826,368
134,616826,356
102,616826,398
76,616826,972
39,616828,2574
39,616829,1444
23,616829,10982
27,616829,2046
21,616829,26062
99,616829,564
68,616829,6186
169,616829,1242
97,616829,348
12,616829,3324
37,616829,3412
141,616829,2300
39,616830,1474
225,616830,218
39,616831,576
225,616831,552
0,616834,2154
128,616834,1056
17,616834,220
59,616835,242
169,616835,208
17,616835,992
25,616836,676
3,616838,198
121,616838,1872
0,616838,1206
38,616838,1908
21,616842,1046
27,616851,1050
127,616851,320
80,616852,1202
127,616852,320
27,616853,1516
55,616853,300
8,616853,1794
12,616856,1308
43,616857,256
59,616857,206
55,616858,280
56,616858,268
3,616859,586
130,616859,528
25,616861,1708
23,616861,1158
119,616861,516
128,616861,298
126,616861,208
37,616861,3296
128,616862,546
126,616862,376
65,616862,728
25,616863,960
23,616863,896
169,616863,280
142,616863,442
128,616863,1002
74,616863,750
97,616863,1608
65,616863,432
76,616863,836
25,616864,672
39,616864,2360
23,616864,698
27,616864,494
216,616864,538
68,616864,2428
128,616864,510
65,616864,1392
91,616864,672
91,616865,800
111,616866,888
127,616867,1074
55,616880,1526
142,616880,3762
111,616880,1328
8,616880,1644
127,616880,1490
38,616880,10886
27,616884,1014
0,616884,1608
142,616884,2294
127,616884,2272
38,616884,1824
25,616895,3756
27,616895,3538
55,616895,7490
129,616895,1430
111,616895,2772
38,616895,8618
27,616896,13328
80,616896,7886
178,616896,2004
55,616896,16184
0,616896,6646
129,616896,2728
142,616896,6010
127,616896,2884
38,616896,798
26,616897,232
216,616897,520
56,616897,272
31,616897,472
126,616897,318
91,616897,660
236,616898,1330
29,616898,348
159,616898,360
46,616899,1468
131,616899,732
32,616900,3364
44,616901,704
189,616902,744
19,616902,256
229,616902,554
25,616903,1424
146,616903,5596
189,616903,920
25,616904,348
32,616904,684
155,616904,2520
82,616904,1724
195,616904,1116
146,616905,4324
32,616905,4598
131,616905,308
228,616905,5894
49,616905,372
122,616905,1614
54,616905,1996
189,616906,628
19,616906,2504
120,616907,7172
32,616907,3264
131,616907,11770
235,616907,21908
125,616907,2266
195,616907,2394
32,616908,1846
93,616908,2768
150,616908,530
159,616908,224
32,616909,2638
236,616909,1540
150,616909,528
155,616909,804
159,616909,184
143,616910,756
187,616910,636
162,616910,1176
64,616910,1992
150,616910,1056
199,616910,486
25,616911,268
32,616911,1100
25,616912,528
143,616913,990
32,616914,948
131,616914,760
95,616915,538
32,616915,8204
228,616915,10044
159,616915,996
122,616915,7768
81,616915,576
32,616916,1588
235,616916,4744
46,616917,740
236,616917,498
131,616917,406
32,616918,2516
139,616918,308
96,616918,1488
132,616921,1640
32,616922,1152
140,616922,1230
236,616922,1056
124,616922,1568
93,616922,220
228,616922,2686
45,616922,406
46,616923,1018
235,616923,1084
255,616923,1008
244,616924,1322
124,616924,960
228,616924,954
159,616924,492
30,616925,1430
256,616925,412
30,616926,904
256,616926,466
251,616926,706
27,616927,784
46,616927,504
98,616928,10220
27,616928,9110
80,616928,7740
117,616928,11128
55,616928,26142
129,616928,4650
8,616928,7020
38,616928,7706
88,616928,7944
53,616928,3864
106,616929,1726
27,616930,1514
105,616932,1130
98,616933,420
234,616933,480
106,616933,1056
106,616935,520
88,616935,792
235,616935,576
98,616936,170
144,616936,330
117,616936,884
88,616936,996
52,616936,896
27,616937,2188
80,616937,1948
55,616937,2834
129,616937,1210
186,616938,612
27,616938,8000
80,616938,2790
55,616938,1692
8,616938,418
53,616938,828
27,616939,610
80,616939,966
178,616939,648
55,616939,594
142,616939,224
117,616940,834
234,616941,1060
43,616943,670
0,616943,1748
169,616944,1362
148,616944,696
128,616944,744
7,616945,1024
68,616945,740
169,616945,204
25,616946,1408
121,616946,1434
38,616946,440
25,616947,1336
4,616947,264
31,616947,1092
214,616947,1354
4,616948,1168
214,616948,2824
25,616949,1106
80,616949,1522
121,616949,840
4,616949,1328
12,616949,876
214,616949,1592
39,616950,754
225,616950,550
224,616950,408
23,616951,852
7,616951,816
21,616951,824
59,616951,350
99,616951,732
68,616951,536
169,616951,668
97,616951,1084
65,616951,1298
23,616952,12602
21,616952,9942
99,616952,1678
216,616952,1456
169,616952,200
0,616952,1738
119,616952,600
17,616952,596
97,616952,312
126,616952,256
26,616953,1570
17,616953,838
97,616953,974
126,616953,1378
65,616953,792
27,616954,636
59,616954,1048
0,616954,2468
148,616954,3184
31,616954,800
148,616955,1184
56,616955,1294
12,616955,936
24,616955,752
126,616956,624
25,616957,488
21,616960,5110
216,616960,228
169,616960,808
119,616960,990
128,616960,688
17,616960,816
97,616960,1728
37,616960,1116
89,616960,902
5,616961,720
23,616961,4578
26,616961,252
99,616961,824
68,616961,1188
169,616961,890
4,616961,1030
17,616961,1520
56,616961,472
97,616961,1650
12,616961,1638
126,616961,2786
148,616962,1068
59,616963,2534
148,616963,936
12,616963,1246
31,616963,1814
24,616963,2648
89,616963,1108
136,616964,440
0,616964,768
38,616964,1704
0,616965,806
38,616965,1560
43,616966,1048
26,616966,264
4,616966,3304
24,616966,2970
3,616967,656
121,616967,250
38,616967,952
23,616968,8270
21,616968,3728
0,616968,2122
97,616968,958
126,616968,940
21,616969,2390
68,616969,1430
169,616969,1156
148,616969,1256
17,616969,1248
24,616969,5434
65,616969,978
91,616969,1116
37,616969,2038
89,616969,234
21,616970,2554
119,616970,960
56,616970,1120
121,616971,574
38,616971,1314
23,616972,4808
21,616972,1550
68,616972,1106
128,616972,462
12,616972,3018
126,616972,1450
65,616972,1588
76,616972,1100
89,616972,1464
25,616973,540
59,616973,196
216,616973,804
169,616973,426
97,616973,1872
126,616973,1270
65,616973,972
37,616973,1488
89,616973,540
23,616974,1680
169,616974,234
91,616974,480
3,616975,1152
121,616975,738
38,616975,2454
25,616976,10298
39,616976,2012
23,616976,1836
27,616976,180
0,616976,726
163,616976,1010
130,616976,1908
0,616977,4020
148,616977,4088
26,616978,2840
56,616978,1342
97,616978,444
24,616978,1616
23,616979,2392
26,616979,264
21,616979,6720
99,616979,1344
126,616979,1152
25,616980,8764
23,616980,3668
7,616980,2508
21,616980,11914
59,616980,2700
68,616980,3860
169,616980,1368
128,616980,2662
17,616980,904
97,616980,2044
65,616980,882
37,616980,7704
89,616980,1320
23,616981,17740
186,616981,312
21,616981,15670
55,616981,6604
68,616981,24490
128,616981,510
17,616981,540
12,616981,11010
24,616981,4634
65,616981,726
37,616981,1104
89,616981,1296
71,616982,1144
74,616983,1080
115,616983,300
90,616983,418
109,616984,1836
8,616984,864
164,616984,1262
48,616984,2158
53,616984,224
144,616985,542
110,616985,1062
138,616985,648
186,616986,1434
109,616991,1032
90,616991,1980
48,616991,360
164,616992,1100
48,616992,312
71,616994,1094
138,616994,1598
115,616994,990
90,616994,1870
90,616995,950
110,616997,288
109,616997,2790
164,616997,544
90,616997,2178
48,616997,552
144,616998,480
110,616998,1012
90,616998,1774
71,616999,1110
74,616999,290
49,616999,636
90,616999,406
211,617000,280
90,617000,984
71,617002,312
90,617002,660
74,617003,250
90,617003,930
74,617004,1266
110,617005,2124
164,617005,1288
110,617006,440
138,617006,1420
211,617007,600
110,617008,924
110,617009,1696
76,617010,970
23,617011,1234
85,617012,404
49,617012,322
134,617012,936
49,617013,420
134,617013,1984
72,617013,340
25,617014,1360
71,617015,680
9,617015,3810
72,617015,940
2,617016,526
231,617016,1336
1,617017,4202
21,617018,990
29,617018,768
138,617018,3400
134,617018,216
5,617020,252
29,617020,210
75,617020,972
72,617021,960
57,617021,4038
58,617021,2224
82,617021,828
10,617022,1052
72,617022,548
40,617022,196
61,617024,196
76,617024,1996
35,617025,1656
20,617026,234
182,617026,220
72,617027,692
182,617028,1906
84,617028,744
147,617028,1458
92,617029,804
134,617029,240
72,617029,2122
90,617029,2284
123,617029,1068
141,617029,1036
29,617031,760
71,617031,184
138,617031,3852
72,617031,1128
115,617031,232
90,617031,930
75,617031,1936
40,617032,2288
29,617033,1480
61,617033,270
211,617034,734
77,617034,1292
92,617034,310
160,617034,366
23,617035,6168
7,617035,5734
21,617035,22448
99,617035,582
68,617035,7960
0,617035,3900
128,617035,1254
56,617035,552
97,617035,324
31,617035,2448
126,617035,410
37,617035,1944
25,617036,1784
23,617036,10910
7,617036,10276
21,617036,20808
59,617036,204
99,617036,750
68,617036,14602
169,617036,208
119,617036,920
17,617036,252
31,617036,1202
126,617036,648
37,617036,1512
25,617037,3478
34,617037,2588
39,617037,2880
23,617037,11416
7,617037,5496
21,617037,29256
99,617037,408
68,617037,3448
169,617037,522
142,617037,864
128,617037,844
97,617037,578
141,617037,4312
106,617038,748
244,617039,216
32,617039,516
51,617039,524
235,617039,924
59,617040,556
25,617041,198
140,617041,636
221,617041,1734
236,617041,1200
111,617041,1512
131,617041,242
229,617041,948
235,617041,416
47,617041,6348
78,617041,1992
195,617041,768
32,617042,2276
221,617042,456
93,617042,270
136,617052,1290
91,617053,2180
21,617055,732
0,617055,1134
97,617055,624
126,617055,660
25,617057,1130
136,617057,2310
3,617057,554
0,617057,3266
38,617057,1166
0,617058,2250
23,617059,1724
169,617059,964
21,617060,2140
119,617060,540
56,617060,210
1,617063,1108
10,617063,4112
72,617063,3660
40,617063,12206
85,617064,190
77,617064,1638
101,617064,396
92,617065,1608
90,617065,168
77,617066,486
49,617066,564
42,617066,560
141,617066,608
71,617067,360
134,617067,2500
72,617067,5364
90,617067,2414
24,617067,972
24,617068,910
145,617069,1120
61,617069,1208
72,617069,222
40,617069,2308
145,617070,748
29,617075,490
74,617075,648
101,617075,824
5,617076,284
92,617076,414
75,617076,770
20,617077,676
182,617077,672
25,617078,2230
25,617079,838
1,617079,3968
10,617079,3568
182,617086,1844
41,617087,3304
62,617087,972
90,617088,1368
90,617089,1144
27,617090,588
80,617090,9140
55,617090,7296
142,617090,280
8,617090,1252
127,617090,5708
38,617090,3994
55,617091,332
211,617091,1344
8,617093,680
127,617093,1980
142,617094,276
8,617094,506
38,617094,1640
41,617095,514
62,617095,2236
227,617095,264
227,617096,7244
140,617096,570
59,617097,160
119,617097,320
97,617097,564
12,617097,430
26,617098,202
119,617098,946
56,617098,186
70,617100,952
66,617101,3198
146,617101,3426
95,617101,566
32,617101,2844
236,617101,4608
51,617101,1202
124,617101,3486
93,617101,6092
19,617101,624
64,617101,252
228,617101,4866
125,617101,2844
146,617102,736
19,617102,256
50,617103,1422
120,617103,248
221,617103,884
19,617103,832
10,617103,1086
229,617103,1410
45,617103,1770
125,617103,854
139,617104,768
32,617105,672
96,617105,782
235,617105,1000
112,617106,482
155,617106,1304
120,617107,1244
120,617108,846
84,617108,320
120,617112,1366
55,617112,494
131,617112,2428
157,617112,920
120,617113,3284
244,617113,1908
32,617113,2304
51,617113,816
96,617113,270
138,617113,488
228,617113,1134
155,617113,1744
159,617113,532
122,617113,2932
25,617114,24500
146,617114,21604
46,617114,8050
140,617114,5262
191,617115,1830
32,617115,4498
162,617115,796
228,617115,1078
122,617115,220
54,617115,1876
32,617116,1226
124,617116,496
34,617117,1382
150,617117,312
235,617117,372
25,617118,720
120,617118,312
235,617119,1472
236,617120,1236
70,617121,1464
46,617121,1052
166,617121,4154
82,617121,1984
132,617122,1092
186,617122,198
93,617122,1674
64,617122,2560
45,617122,732
157,617122,2322
90,617122,696
54,617122,280
25,617123,1064
143,617124,2338
19,617124,4286
21,617125,4576
32,617125,3352
139,617125,5968
211,617125,248
112,617125,252
93,617125,11586
235,617125,768
122,617125,300
81,617125,1140
139,617126,1338
96,617126,2490
236,617127,1170
150,617127,204
235,617127,916
159,617127,694
189,617128,1028
25,617129,706
146,617129,2736
19,617131,1200
233,617132,1208
46,617132,2226
19,617132,928
195,617132,728
233,617133,2610
120,617133,3062
46,617133,1940
195,617133,1464
25,617134,1422
146,617134,2726
195,617134,2228
44,617135,808
32,617136,2962
139,617136,3922
124,617136,1456
96,617136,360
228,617136,708
155,617136,940
122,617136,4066
54,617136,2136
81,617136,2604
44,617137,3124
70,617137,1282
166,617137,3856
32,617138,924
236,617138,1008
81,617138,400
32,617139,1248
51,617139,268
29,617139,988
235,617139,1128
228,617144,816
157,617144,1220
25,617145,1054
32,617145,3808
236,617145,220
93,617145,3708
125,617145,2856
54,617145,540
81,617145,600
34,617146,1008
191,617146,660
143,617146,396
228,617146,1328
20,617147,636
23,617148,1424
26,617148,826
7,617148,222
99,617148,444
128,617148,336
126,617148,228
163,617149,1224
107,617150,3410
21,617150,1904
29,617150,498
109,617150,410
77,617150,310
10,617150,1072
92,617150,1378
49,617150,2752
134,617150,2600
72,617150,1738
90,617150,808
75,617150,2284
42,617150,580
76,617150,3344
141,617150,5236
107,617159,5676
85,617159,2624
77,617159,1404
164,617159,200
90,617159,1764
42,617159,5022
76,617159,10378
123,617159,960
74,617160,1188
102,617160,1278
107,617161,1976
92,617161,540
72,617163,1160
25,617164,1166
86,617164,548
72,617164,418
57,617164,594
151,617165,800
202,617166,682
40,617166,1276
72,617168,1670
58,617168,318
85,617169,1240
77,617169,560
75,617169,1020
76,617169,2016
123,617169,954
107,617171,928
99,617171,620
49,617171,3588
141,617171,1488
29,617172,672
72,617172,918
101,617172,1968
74,617173,498
61,617173,1636
123,617173,2008
99,617174,1056
169,617174,224
65,617174,2332
23,617175,504
21,617175,10822
126,617175,576
37,617175,324
21,617176,1184
23,617177,3192
186,617177,408
7,617177,8466
21,617177,5502
55,617177,528
126,617177,504
65,617177,196
163,617178,1412
25,617179,970
23,617179,2580
21,617179,630
128,617179,392
39,617180,906
17,617180,1096
97,617180,376
26,617181,400
56,617181,490
12,617181,1354
65,617181,1130
23,617182,2088
97,617182,468
24,617182,1312
107,617184,13742
5,617184,2060
23,617184,4312
29,617184,1642
77,617184,564
92,617184,1890
74,617184,4428
49,617184,5264
72,617184,794
42,617184,1596
101,617184,2198
76,617184,11068
123,617184,442
141,617184,12636
107,617185,1698
5,617185,4472
77,617185,1176
138,617185,266
76,617185,1848
107,617186,2836
29,617186,1714
115,617186,1194
90,617186,684
42,617186,1980
102,617186,480
101,617186,744
76,617186,1990
123,617186,576
5,617187,936
72,617187,304
90,617187,208
75,617187,780
90,617188,694
182,617189,670
84,617189,684
5,617190,594
77,617190,628
38,617190,1152
123,617190,800
20,617191,1296
182,617191,4160
84,617191,2884
107,617192,1162
5,617192,220
25,617193,2604
76,617194,1140
61,617195,920
160,617195,974
20,617196,5802
182,617196,4216
84,617196,982
25,617197,1322
69,617198,1172
145,617199,3302
23,617200,1026
92,617200,732
42,617200,264
107,617201,880
85,617201,4868
10,617201,736
101,617201,1704
141,617201,1816
227,617204,13258
25,617205,1528
32,617205,1908
46,617205,7652
51,617205,2174
94,617205,1062
139,617205,8628
228,617205,1044
150,617205,558
159,617205,452
122,617205,4940
62,617206,7388
236,617207,756
112,617207,828
111,617207,532
151,617209,2444
145,617210,570
147,617210,360
40,617210,1812
72,617211,616
40,617211,1812
225,617213,1628
25,617214,1074
86,617214,1254
151,617214,1090
72,617214,8006
57,617214,2804
25,617215,1148
29,617221,216
211,617221,594
72,617221,1226
75,617221,1482
123,617221,3418
141,617221,1180
85,617222,1268
77,617222,1790
141,617222,1814
107,617223,3000
5,617223,456
77,617223,308
49,617223,784
102,617223,308
29,617224,220
49,617224,880
75,617224,528
42,617224,2114
141,617224,2976
9,617225,3468
86,617226,204
72,617226,2258
25,617227,1952
1,617227,650
151,617227,962
25,617229,1104
182,617229,1314
187,617230,402
90,617230,3400
76,617230,8892
123,617230,644
141,617230,3952
211,617231,646
228,617231,990
54,617231,408
47,617232,2628
32,617233,1312
51,617233,1350
139,617233,468
124,617233,1260
96,617233,576
64,617233,1020
95,617234,588
64,617234,336
127,617234,280
47,617234,6606
58,617235,238
78,617236,1132
66,617237,672
146,617237,912
143,617237,1950
112,617238,1530
54,617238,608
32,617239,754
139,617239,894
228,617239,1400
150,617239,270
122,617239,1824
236,617240,912
93,617240,3042
64,617240,1416
150,617240,432
235,617240,554
47,617240,1570
155,617240,700
122,617240,468
54,617240,1056
25,617241,2208
95,617241,532
32,617241,2904
236,617241,960
93,617241,4316
229,617241,1200
228,617241,768
111,617242,1240
45,617242,504
235,617242,688
157,617242,264
90,617242,2464
25,617245,1964
233,617245,858
24,617245,780
195,617245,820
55,617246,672
25,617248,938
143,617248,1060
78,617248,754
41,617252,618
138,617252,228
66,617253,270
191,617253,940
32,617253,982
94,617253,1070
199,617253,770
131,617254,918
138,617254,1164
191,617257,4048
62,617258,3766
62,617259,1092
88,617259,484
90,617260,492
125,617260,1322
235,617263,784
54,617263,272
55,617264,272
125,617264,1130
66,617266,982
90,617266,612
139,617268,552
90,617268,360
32,617269,7530
8,617269,760
45,617269,1240
78,617269,730
54,617269,870
236,617270,1242
150,617270,684
188,617271,714
41,617271,288
131,617272,1296
235,617272,728
115,617272,644
66,617274,5048
27,617274,500
8,617274,1164
125,617274,1838
54,617274,270
66,617275,3182
98,617275,1274
191,617275,262
32,617275,4780
139,617275,1280
8,617275,908
0,617276,2058
4,617276,2832
56,617276,1104
26,617277,564
17,617277,1638
126,617277,1584
24,617277,1530
25,617278,4506
39,617278,3222
43,617278,480
3,617278,1560
21,617278,6708
0,617278,308
4,617278,2018
142,617278,236
39,617279,612
23,617279,4206
27,617279,208
0,617279,2680
142,617279,192
130,617279,220
56,617279,252
23,617280,6800
7,617280,5146
21,617280,5166
68,617280,3980
169,617280,564
128,617280,546
138,617280,2400
56,617280,304
72,617280,4298
31,617280,2904
126,617280,382
24,617280,354
91,617280,1458
141,617280,4294
21,617281,1832
99,617281,486
68,617281,3552
169,617281,180
128,617281,792
65,617281,210
43,617282,3594
55,617282,972
0,617282,9428
4,617282,5348
84,617282,2856
130,617282,196
56,617282,1624
91,617282,696
3,617283,1608
55,617283,1286
59,617283,224
0,617283,4838
4,617283,2986
130,617283,198
12,617283,728
31,617283,7964
24,617283,2088
37,617283,3922
25,617284,3156
25,617285,3582
121,617285,214
21,617287,2508
91,617287,2252
85,617288,1164
29,617288,1142
92,617288,1514
74,617288,216
49,617288,204
72,617288,2366
75,617288,1052
42,617288,192
102,617288,900
141,617288,1542
25,617290,4804
146,617290,2728
143,617290,2828
32,617290,3316
46,617290,7622
140,617290,520
229,617290,824
78,617290,3408
199,617290,4384
70,617291,168
60,617291,4636
46,617291,1090
39,617292,2114
162,617293,566
229,617294,1260
228,617296,684
94,617297,2694
44,617298,360
166,617298,1840
82,617298,1222
111,617299,1064
229,617299,560
229,617300,1200
25,617301,768
132,617301,1498
140,617303,1872
236,617303,1408
124,617303,1886
64,617303,1144
228,617303,1470
81,617303,1792
34,617304,1812
32,617304,1274
51,617304,1920
229,617304,1910
159,617304,1374
122,617304,1862
50,617305,1742
95,617305,1720
7,617305,1110
32,617305,1440
112,617305,264
77,617305,1332
159,617305,1758
39,617306,216
28,617306,360
188,617307,608
62,617307,1276
188,617308,696
41,617308,688
62,617308,900
32,617309,696
51,617309,1040
155,617309,754
95,617310,896
244,617310,2586
139,617310,1240
155,617310,336
91,617310,1164
32,617311,636
78,617311,1562
186,617312,4752
187,617312,436
109,617312,2400
71,617312,850
138,617312,15380
74,617312,792
115,617312,4492
90,617312,3546
110,617313,672
48,617313,630
109,617314,1720
186,617315,630
71,617315,762
71,617316,1272
138,617316,504
164,617317,216
90,617317,1040
48,617318,1298
144,617320,264
90,617320,5490
48,617320,3502
144,617321,462
90,617321,1088
27,617322,544
138,617322,512
74,617322,516
211,617323,1250
110,617324,2170
48,617324,418
71,617325,1042
138,617325,324
138,617326,2320
74,617326,880
109,617327,3024
90,617327,880
110,617328,3274
90,617328,4880
188,617329,1320
187,617329,400
109,617329,972
164,617329,1170
90,617329,4792
110,617330,4648
109,617330,7520
164,617330,3878
90,617330,1380
48,617330,5144
144,617331,238
109,617331,2464
88,617331,440
90,617331,432
48,617331,780
71,617332,1262
164,617333,1104
186,617334,860
90,617334,2670
187,617335,492
138,617335,1592
74,617335,432
8,617336,946
105,617336,252
52,617336,1564
146,617337,6900
32,617337,13306
112,617337,284
162,617337,176
64,617337,2420
228,617337,5912
235,617337,6732
125,617337,5748
89,617337,3552
54,617337,3424
120,617338,930
111,617338,480
93,617338,252
125,617338,1024
82,617338,1120
54,617338,1296
25,617339,224
233,617339,2256
221,617339,648
112,617339,1910
229,617339,8422
45,617339,2166
155,617339,2318
199,617339,1106
125,617339,10798
54,617339,3366
32,617340,1110
235,617340,360
19,617341,5610
229,617341,414
21,617342,816
64,617342,330
93,617343,696
21,617344,844
81,617344,494
46,617345,1510
236,617345,1116
235,617345,288
54,617345,516
32,617346,506
94,617346,1010
108,617347,1054
132,617349,192
32,617349,588
231,617350,1112
21,617351,3340
32,617351,11892
124,617351,540
228,617351,2524
122,617351,5646
81,617351,198
244,617352,916
32,617352,5000
140,617352,1716
139,617352,9906
93,617352,2200
64,617352,252
228,617352,4164
150,617352,440
32,617353,1958
51,617353,1272
124,617353,5184
96,617353,860
162,617353,280
64,617353,2976
159,617353,552
54,617353,5246
81,617353,2150
25,617354,5856
146,617354,3870
244,617354,1690
32,617354,2732
221,617354,224
94,617354,1440
93,617354,3486
64,617354,3430
228,617354,5186
186,617355,700
227,617355,5056
39,617358,384
59,617358,396
143,617359,612
221,617359,216
131,617359,1974
229,617359,1634
64,617359,1622
108,617359,1960
78,617359,504
95,617360,532
112,617360,1228
47,617360,704
146,617361,7004
120,617361,3960
32,617361,1232
221,617361,1178
2,617362,680
22,617362,10312
35,617362,626
98,617363,3692
27,617363,1008
55,617363,1620
101,617367,1824
186,617369,4710
187,617369,1172
27,617370,1708
21,617370,846
55,617370,3240
127,617370,696
117,617371,2688
88,617371,1960
164,617371,2328
120,617373,480
32,617373,710
47,617373,880
23,617374,5358
59,617374,360
169,617374,530
128,617374,1638
24,617374,544
37,617374,2792
26,617376,228
126,617376,312
37,617376,328
23,617377,2256
7,617377,1734
128,617377,198
17,617377,204
56,617377,856
37,617377,594
56,617382,456
89,617382,4480
12,617385,2184
126,617385,754
39,617386,1040
225,617386,660
225,617387,1832
43,617388,4994
23,617389,9022
7,617389,2992
21,617389,5216
187,617389,1168
68,617389,2888
169,617389,384
0,617389,2992
148,617389,3988
128,617389,324
138,617389,2848
12,617389,1800
24,617389,224
91,617389,2874
37,617389,2040
116,617389,1140
38,617390,1206
214,617390,992
23,617391,3354
21,617391,8182
59,617391,2566
216,617391,606
68,617391,216
71,617391,744
97,617391,576
126,617391,342
65,617391,4530
91,617391,1888
37,617391,1020
25,617392,2368
23,617392,2288
7,617392,9044
21,617392,17634
59,617392,528
169,617392,640
97,617392,1896
12,617392,1670
23,617393,8796
7,617393,6924
21,617393,7110
59,617393,396
68,617393,11266
169,617393,544
119,617393,366
65,617393,978
37,617393,264
30,617394,440
30,617395,984
256,617395,786
251,617395,208
133,617395,850
133,617396,210
30,617398,860
251,617398,1828
133,617398,642
133,617399,182
30,617401,428
251,617401,128
133,617401,102
30,617403,2186
256,617403,230
251,617403,2414
133,617403,294
3,617404,6924
256,617404,5424
133,617404,4032
121,617405,666
143,617406,222
94,617406,1216
32,617407,1184
221,617407,936
157,617407,264
146,617408,1074
62,617408,840
54,617409,1420
32,617410,3202
228,617410,840
157,617410,2712
125,617410,1220
81,617410,1786
19,617412,1248
25,617413,990
199,617413,1560
214,617416,464
2,617417,2600
39,617417,27490
22,617417,2724
231,617417,1850
2,617420,2810
39,617420,20962
224,617420,6946
28,617420,6830
33,617420,2526
90,617422,828
142,617423,428
71,617423,292
38,617423,1072
27,617425,4006
178,617425,210
55,617425,770
142,617425,1806
38,617425,2020
27,617427,2130
80,617427,1224
55,617427,5680
129,617427,1030
142,617427,1842
71,617427,576
127,617427,1902
27,617428,1628
80,617428,1250
178,617428,738
55,617428,3738
211,617428,658
71,617428,224
127,617428,2118
38,617428,772
98,617429,1152
27,617429,2310
178,617429,250
55,617429,12540
142,617429,1824
8,617429,608
127,617429,226
38,617429,1480
27,617430,240
178,617430,2680
21,617430,40724
55,617430,2260
142,617430,460
127,617430,1512
27,617431,9616
21,617431,25700
55,617431,630
142,617431,216
130,617432,300
47,617433,728
25,617434,578
47,617434,714
78,617434,1392
25,617435,544
94,617435,1344
229,617435,2024
47,617435,1694
157,617435,384
143,617436,1394
51,617436,2684
138,617436,1230
64,617436,1418
108,617436,2930
45,617436,2728
25,617437,408
221,617437,750
94,617437,804
96,617437,1308
47,617437,2328
25,617438,2796
244,617438,424
32,617438,2402
64,617438,1302
47,617438,8184
157,617438,5272
72,617438,2076
90,617438,2184
120,617439,2976
221,617439,286
229,617439,2180
125,617439,1594
195,617439,1260
32,617440,976
93,617440,5276
131,617440,1500
229,617440,3140
235,617440,814
155,617440,1280
120,617441,904
32,617441,2058
108,617441,284
244,617442,1120
39,617443,5190
231,617443,1838
78,617444,1184
54,617444,396
146,617445,1360
95,617445,576
143,617446,686
32,617446,640
131,617446,696
64,617446,204
49,617447,444
155,617447,474
81,617447,792
132,617448,600
64,617448,540
75,617448,596
143,617449,696
159,617449,484
81,617449,440
25,617450,2400
233,617450,784
143,617450,2092
120,617450,2010
27,617450,840
221,617450,252
108,617450,336
47,617450,2530
199,617450,1074
195,617450,1210
54,617450,2476
106,617451,630
117,617452,1232
117,617453,540
92,617454,288
42,617454,1556
101,617454,1340
123,617454,168
141,617454,1676
21,617455,1516
99,617455,374
23,617456,1502
128,617456,1054
23,617457,770
21,617457,8424
169,617457,260
128,617457,240
56,617457,2220
91,617457,724
141,617457,3258
3,617458,1972
121,617458,402
59,617458,736
4,617458,1018
142,617458,438
12,617458,2170
17,617459,440
12,617459,1300
169,617460,896
43,617461,600
130,617461,294
89,617461,604
23,617462,5568
21,617462,580
119,617462,560
128,617462,294
17,617462,880
126,617462,220
91,617462,750
148,617463,2166
12,617463,2248
31,617463,1156
89,617463,576
126,617464,1654
65,617464,1106
59,617465,1534
12,617465,1320
4,617466,2232
3,617467,276
38,617467,1236
31,617468,792
214,617468,534
29,617469,892
42,617469,1152
123,617469,2200
98,617470,712
98,617471,1152
117,617471,1972
117,617472,884
88,617472,4648
27,617473,924
88,617473,1080
90,617473,1072
98,617474,2836
117,617474,5236
105,617475,7994
88,617475,1724
48,617475,500
52,617475,2952
98,617476,280
117,617476,4788
88,617476,636
90,617476,2300
27,617477,3840
21,617477,4580
55,617477,14518
142,617477,568
8,617477,2740
127,617477,1976
74,617477,656
27,617478,2832
21,617478,13100
55,617478,6624
142,617478,3080
8,617478,1200
127,617478,522
38,617478,3456
27,617480,696
21,617480,31602
55,617480,8796
129,617480,1416
142,617480,3672
127,617480,2858
85,617481,204
49,617481,532
72,617481,1100
25,617482,6680
169,617482,210
130,617482,1984
12,617482,1176
186,617484,564
55,617484,1382
19,617485,720
229,617485,744
169,617486,202
31,617486,980
43,617487,16446
27,617487,1892
4,617487,3842
148,617487,12016
84,617487,5508
24,617487,17468
25,617488,3852
43,617488,1440
121,617488,10296
0,617488,15906
163,617488,286
84,617488,15094
130,617488,4908
214,617488,1782
23,617489,1530
21,617489,840
99,617489,234
128,617489,2718
97,617489,780
126,617489,236
20,617490,1848
169,617490,1440
0,617490,272
128,617490,3156
56,617490,1882
12,617490,1714
24,617490,1440
65,617490,1850
37,617490,3136
0,617491,1196
4,617491,6280
40,617491,2724
89,617491,1008
38,617492,1008
26,617494,3584
169,617494,446
56,617494,204
37,617494,4404
39,617495,2298
7,617495,3738
59,617495,2142
169,617495,674
56,617495,238
89,617495,448
21,617496,4346
169,617496,2000
65,617496,1920
40,617496,1248
37,617496,798
25,617497,1320
21,617497,4960
99,617497,592
169,617497,980
65,617497,714
91,617497,1416
169,617498,9828
12,617498,1206
31,617498,6446
89,617498,5594
25,617499,5162
144,617499,2762
7,617499,3786
21,617499,10932
68,617499,4780
169,617499,540
109,617499,2668
56,617499,786
37,617499,396
43,617501,1752
0,617501,208
56,617501,552
12,617501,1026
89,617501,2130
146,617507,1190
19,617507,424
25,617508,798
120,617508,4502
112,617508,864
19,617508,2038
108,617508,664
25,617509,2036
23,617509,2164
46,617509,3332
131,617509,1200
229,617509,982
45,617509,1830
244,617510,1872
21,617510,10406
32,617510,8714
51,617510,1664
93,617510,10216
131,617510,204
64,617510,540
228,617510,534
155,617510,630
122,617510,3696
51,617511,1600
131,617511,2090
46,617512,1946
81,617512,408
143,617513,1500
120,617513,5714
62,617513,4692
95,617514,638
244,617514,1488
140,617514,448
139,617514,2320
124,617514,15146
143,617515,6272
120,617515,2792
46,617515,1326
34,617516,1176
244,617516,984
228,617516,1706
5,617517,304
95,617517,452
21,617517,3268
81,617517,2764
25,617518,904
195,617518,496
66,617519,240
132,617519,2286
67,617519,1050
162,617519,1362
159,617519,1466
244,617520,1062
228,617520,246
159,617520,270
70,617521,534
60,617521,940
46,617521,268
32,617522,468
96,617522,1302
108,617523,1424
47,617523,304
131,617524,236
115,617524,482
78,617524,5916
47,617525,2454
231,617526,4920
28,617526,1140
132,617527,386
125,617527,1004
96,617528,1144
235,617528,1122
159,617528,936
125,617528,4816
120,617530,674
108,617530,960
199,617530,5144
188,617531,8720
25,617531,1974
125,617531,7358
32,617532,3196
139,617532,9074
96,617532,506
229,617532,2346
150,617532,522
155,617532,2292
81,617532,1872
64,617533,1676
78,617533,198
159,617533,540
48,617533,1008
81,617533,950
32,617534,2520
124,617534,2198
96,617534,760
93,617534,320
150,617534,246
235,617534,5208
81,617534,1344
95,617535,336
32,617535,3952
139,617535,1992
159,617535,1682
54,617535,4918
23,617537,9642
21,617537,16704
0,617537,5206
23,617538,5606
21,617538,13760
187,617538,1506
0,617538,4368
25,617539,4780
43,617539,3708
121,617539,2056
4,617539,2920
148,617539,360
84,617539,7736
31,617539,2186
24,617539,224
214,617539,396
17,617540,1212
56,617540,802
65,617540,806
23,617541,4428
26,617541,264
7,617541,3200
21,617541,6006
119,617541,560
97,617541,408
61,617542,1554
188,617547,630
41,617547,300
62,617547,288
41,617548,400
50,617548,432
62,617548,690
41,617549,660
142,617550,1320
66,617551,460
27,617551,1108
142,617551,340
142,617552,1116
108,617553,1764
78,617553,5702
45,617555,1088
8,617557,598
105,617557,1998
52,617557,1010
52,617558,4980
47,617559,772
124,617560,580
162,617560,636
90,617560,476
90,617561,264
81,617561,588
236,617562,1084
47,617562,750
66,617564,954
71,617564,288
32,617565,882
41,617566,342
62,617566,750
90,617566,1368
188,617567,1814
66,617567,748
27,617568,448
32,617568,1204
140,617568,1976
142,617568,432
71,617568,448
228,617568,938
74,617568,644
81,617568,2898
95,617569,326
27,617569,724
32,617569,4380
140,617569,3072
142,617569,674
125,617569,736
186,617571,636
140,617571,480
74,617571,456
125,617571,240
41,617572,840
50,617572,954
98,617572,2142
188,617573,2604
66,617573,176
41,617573,4244
50,617573,924
62,617573,4836
117,617573,242
109,617573,2468
138,617574,816
45,617574,256
74,617574,198
191,617576,1690
80,617576,1032
32,617576,3120
96,617576,1370
111,617576,1074
228,617576,2958
125,617576,1098
136,617577,1368
0,617577,1236
23,617578,1060
21,617578,1878
97,617578,394
65,617578,1074
148,617579,832
84,617579,806
43,617580,3208
3,617580,4054
84,617580,3190
214,617580,2036
26,617581,2004
0,617581,290
84,617581,1216
21,617582,3724
17,617582,1766
56,617582,220
89,617582,448
71,617583,894
128,617583,270
75,617584,2012
102,617584,498
141,617584,820
20,617585,224
147,617585,640
42,617586,1540
102,617586,204
29,617587,1612
25,617588,386
121,617588,782
58,617589,1176
72,617590,836
115,617590,4210
186,617591,368
77,617591,900
92,617591,306
65,617592,1910
40,617593,2454
57,617593,908
202,617594,966
9,617594,696
31,617594,864
20,617595,3380
182,617595,1450
84,617595,1680
29,617596,844
72,617596,3178
67,617597,1392
145,617597,788
10,617597,572
40,617597,1536
141,617598,1644
138,617599,420
101,617599,1768
75,617600,1310
42,617600,480
101,617601,200
76,617601,1730
77,617602,274
17,617602,1200
42,617602,680
57,617603,1200
147,617604,272
40,617604,2204
6,617605,1040
99,617608,826
169,617608,380
126,617608,256
91,617608,1236
107,617612,1392
75,617612,528
42,617612,250
101,617612,926
141,617612,1404
75,617614,1772
69,617615,1688
25,617616,1342
134,617617,550
76,617617,2160
85,617618,504
29,617618,736
90,617618,456
151,617619,1952
5,617620,738
29,617620,872
77,617620,452
92,617620,240
42,617620,900
101,617620,940
134,617621,450
102,617621,1200
101,617621,790
10,617622,1616
107,617623,1046
6,617624,900
202,617624,780
10,617624,1032
49,617625,2774
29,617626,2352
92,617626,3248
12,617626,1268
134,617626,5078
72,617626,11182
115,617626,952
90,617626,4016
31,617626,2480
42,617626,738
141,617626,3948
25,617627,728
25,617628,1092
9,617629,1956
29,617630,584
69,617649,258
147,617650,1122
42,617651,228
182,617652,760
138,617654,1110
61,617657,1260
69,617658,2274
20,617659,600
182,617659,1188
5,617660,240
29,617660,350
92,617660,576
72,617660,14656
42,617660,560
123,617660,1114
141,617660,2766
85,617661,200
49,617661,874
74,617662,192
49,617662,416
42,617662,1664
76,617662,1104
123,617662,1096
141,617662,1616
25,617663,4204
72,617663,11812
58,617663,6076
5,617664,300
102,617664,720
5,617665,264
123,617665,896
123,617666,1166
26,617668,4162
169,617668,484
24,617668,722
89,617668,590
68,617669,2532
37,617670,2448
45,617681,536
67,617682,1056
61,617682,1118
72,617682,1116
107,617683,3048
21,617683,1464
77,617683,768
134,617683,1176
90,617683,2140
75,617683,1318
107,617684,2642
0,617686,3434
145,617686,1762
72,617686,3108
92,617687,1670
102,617687,418
146,617689,3774
25,617690,5424
21,617690,15156
32,617690,7508
139,617690,5158
96,617690,4804
131,617690,3850
64,617690,3754
228,617690,21896
150,617690,648
155,617690,342
122,617690,7412
95,617691,4410
21,617691,13448
32,617691,5000
140,617691,4412
124,617691,8032
112,617691,3916
93,617691,3422
229,617691,5040
228,617691,8290
108,617691,5016
155,617691,510
122,617691,6616
76,617691,4520
54,617691,5420
132,617692,276
157,617692,744
125,617692,5998
195,617692,6152
54,617692,1600
235,617693,1252
199,617693,1568
120,617694,792
46,617694,1238
195,617694,308
120,617695,2248
221,617695,234
110,617695,1446
47,617695,4014
233,617696,1746
120,617696,1618
51,617696,6544
131,617696,4092
76,617696,1806
44,617697,482
189,617697,1498
228,617698,2132
120,617699,4622
32,617699,1094
46,617699,4408
47,617699,4426
54,617699,1520
25,617701,2172
132,617701,2330
55,617701,614
229,617701,5710
70,617702,8254
46,617702,2314
82,617702,3214
44,617703,868
32,617704,2504
124,617704,1814
228,617704,1450
159,617704,1074
122,617704,504
81,617704,2060
95,617705,1374
51,617705,234
199,617705,714
62,617706,616
46,617706,1302
95,617707,1934
124,617707,5154
96,617707,3332
93,617707,5118
228,617707,9770
159,617707,252
54,617707,400
81,617707,796
62,617708,1302
46,617708,294
19,617708,2678
62,617709,1584
166,617709,1520
19,617709,2816
32,617710,4516
111,617710,3406
45,617710,4488
125,617710,986
95,617711,258
46,617711,780
148,617711,444
93,617711,828
64,617711,1354
125,617711,1342
25,617712,3480
32,617713,1968
221,617713,1140
93,617713,844
229,617713,2540
146,617714,8888
95,617714,1242
21,617714,1834
32,617714,8028
140,617714,3640
236,617714,336
124,617714,342
112,617714,1710
228,617714,1876
150,617714,648
159,617714,560
122,617714,4164
120,617715,788
221,617715,918
236,617715,948
111,617715,1870
47,617715,2514
125,617715,1012
244,617716,840
32,617716,1628
155,617716,340
82,617716,1340
22,617717,2588
35,617717,690
85,617719,390
134,617719,440
72,617719,1976
101,617719,1554
76,617719,4694
123,617719,1034
141,617719,648
61,617721,1364
147,617721,504
40,617721,2980
117,617722,800
88,617722,2752
32,617723,744
139,617723,1104
124,617723,1472
96,617723,592
236,617724,1104
228,617724,528
159,617724,528
228,617725,672
82,617725,240
32,617726,588
82,617726,216
120,617727,602
108,617727,1034
85,617728,1672
23,617728,1522
92,617728,1382
134,617728,608
72,617728,2940
75,617728,402
123,617729,2254
141,617729,3260
92,617730,270
101,617730,2352
76,617730,1560
123,617730,224
9,617732,1840
72,617732,3084
25,617733,696
143,617733,1716
93,617733,544
45,617733,1188
32,617734,1960
47,617734,532
159,617734,210
29,617736,2856
92,617736,8188
138,617736,3532
74,617736,1872
61,617736,3598
49,617736,3552
134,617736,1668
72,617736,14140
90,617736,5596
147,617736,2992
123,617736,3764
25,617737,2224
66,617737,2776
111,617737,3348
27,617738,204
38,617738,1440
55,617739,1560
85,617740,816
29,617740,256
77,617740,406
92,617740,728
74,617740,472
49,617740,664
134,617740,220
42,617740,1022
102,617740,288
76,617740,1080
72,617745,2534
67,617746,1630
9,617746,1586
40,617746,2956
107,617747,2856
72,617747,648
42,617747,390
102,617747,622
67,617749,2576
9,617749,1292
40,617749,1260
20,617750,276
147,617750,1056
25,617751,5512
151,617751,4554
72,617751,1894
69,617753,698
166,617753,384
25,617754,5726
107,617758,6792
110,617758,234
77,617758,576
92,617758,304
76,617758,4654
123,617758,912
29,617759,264
141,617759,1504
25,617760,4626
44,617760,5274
86,617760,790
69,617760,2836
57,617760,770
9,617762,6116
61,617762,2360
72,617762,7326
147,617762,2876
40,617762,3836
182,617764,4628
10,617764,1176
147,617764,1626
62,617765,1760
110,617765,9004
109,617765,2880
48,617765,14048
5,617766,228
77,617766,1048
61,617766,250
75,617766,1824
42,617766,1212
71,617767,396
115,617767,1488
186,617768,3216
71,617768,7158
138,617768,3940
115,617768,13048
90,617768,17916
48,617768,384
20,617769,5382
182,617769,5166
84,617769,2456
71,617770,1962
202,617770,1200
10,617770,762
147,617770,3746
160,617770,262
90,617772,1332
1,617773,6652
110,617774,1564
74,617774,1278
115,617774,800
30,617775,4900
30,617776,4824
30,617777,2918
30,617778,2610
30,617779,5098
30,617780,5156
30,617781,3116
30,617782,1926
30,617783,1414
30,617784,2870
30,617785,3106
32,617786,416
124,617786,548
90,617786,624
144,617787,1690
109,617787,840
164,617787,360
90,617787,2882
48,617787,1498
187,617790,672
211,617790,1312
163,617790,790
138,617790,3698
74,617790,1008
115,617790,232
90,617790,3130
108,617795,984
78,617795,928
21,617796,1400
51,617796,252
93,617796,684
233,617797,380
19,617797,682
92,617797,898
54,617797,782
32,617798,1102
112,617798,1578
229,617798,1734
47,617798,1264
19,617799,15286
229,617799,790
46,617800,3326
166,617800,22860
21,617801,1532
124,617801,516
95,617802,272
244,617802,770
32,617802,764
81,617802,750
5,617803,320
32,617803,660
122,617803,410
139,617804,816
228,617804,432
81,617804,530
32,617805,816
228,617805,318
125,617805,592
32,617806,1838
229,617806,1088
159,617806,612
125,617806,272
46,617807,1004
221,617807,300
131,617807,1056
108,617807,988
195,617807,348
50,617808,980
75,617808,730
159,617808,1080
46,617809,1260
125,617809,480
54,617809,208
132,617810,1970
34,617811,940
159,617811,242
122,617811,996
81,617811,810
120,617812,228
32,617812,1516
143,617814,5042
51,617814,378
112,617814,2336
235,617814,516
54,617814,1472
25,617815,860
221,617815,934
229,617815,2376
45,617815,264
235,617815,720
157,617815,792
146,617816,1104
32,617816,4786
93,617816,726
72,617816,1364
95,617817,2560
140,617817,2324
235,617817,1080
159,617817,3034
23,617818,982
95,617818,240
120,617818,782
32,617818,1056
244,617819,198
155,617819,1100
159,617819,680
123,617819,420
124,617820,216
162,617820,540
150,617820,1120
81,617820,740
66,617821,720
19,617821,836
229,617821,700
125,617821,200
70,617824,2040
69,617824,12492
151,617824,6144
110,617825,1790
71,617826,1488
115,617826,2334
144,617827,384
117,617827,3392
109,617827,6558
90,617827,2302
48,617827,3222
117,617828,200
109,617828,1066
138,617828,1584
164,617828,1136
90,617828,1166
109,617829,2676
164,617829,208
144,617830,1220
144,617831,820
110,617831,960
109,617831,200
88,617831,1152
90,617831,1412
71,617833,210
115,617833,1080
90,617833,820
71,617834,1392
109,617835,220
90,617835,2642
144,617836,196
117,617836,870
110,617836,2046
109,617836,900
164,617836,784
186,617837,516
90,617837,192
123,617837,196
244,617839,1066
32,617839,532
229,617839,2646
157,617839,280
159,617839,938
54,617839,660
81,617839,852
23,617842,1186
99,617842,232
128,617842,1492
26,617843,480
148,617843,264
119,617843,238
98,617844,1120
186,617844,832
88,617844,192
27,617845,672
178,617845,1386
142,617845,1478
27,617846,992
178,617846,468
129,617846,210
38,617846,952
27,617847,3348
142,617847,758
98,617848,522
127,617848,768
142,617849,2246
27,617850,1040
178,617850,988
23,617851,1332
128,617851,288
126,617851,200
91,617851,1260
169,617852,300
0,617852,1534
128,617853,344
17,617853,450
31,617853,774
23,617854,14012
7,617854,4176
21,617854,7842
169,617854,240
17,617854,216
65,617854,1190
123,617854,996
5,617855,1306
23,617855,9476
21,617855,10154
68,617855,2338
119,617855,228
65,617855,228
59,617856,640
148,617856,786
89,617856,944
38,617857,660
25,617858,690
136,617858,1804
0,617858,2748
136,617859,1878
38,617859,1238
25,617860,920
62,617861,570
8,617861,1008
105,617861,1032
52,617861,764
105,617862,640
52,617862,1662
19,617865,1392
70,617866,952
166,617866,1752
146,617867,232
108,617867,904
71,617869,840
138,617869,3682
115,617869,344
90,617869,3282
186,617870,2460
138,617870,11404
115,617870,1042
186,617871,1696
187,617871,1556
71,617871,384
74,617871,430
90,617871,1118
186,617872,460
71,617872,264
138,617872,750
74,617872,192
115,617872,1092
90,617872,3588
186,617873,1006
187,617873,220
71,617873,974
74,617873,436
90,617873,1542
138,617874,594
115,617874,336
186,617875,472
187,617875,216
74,617875,570
115,617875,220
90,617875,822
110,617876,1724
138,617876,1690
115,617876,1262
90,617876,868
90,617878,832
229,617879,1218
121,617880,3010
38,617880,910
0,617881,1068
130,617881,238
23,617882,14066
7,617882,2066
21,617882,10000
169,617882,1368
128,617882,442
17,617882,536
126,617882,720
37,617882,2508
25,617883,2336
84,617883,1356
38,617883,4026
25,617884,6338
121,617884,252
0,617884,13266
4,617884,2478
84,617884,7022
58,617884,2376
4,617885,3318
0,617886,492
130,617886,260
89,617886,230
26,617887,924
59,617887,420
169,617887,882
119,617887,2076
97,617887,720
126,617887,286
123,617887,870
23,617888,728
169,617888,400
56,617888,782
59,617889,1294
25,617890,1376
97,617890,280
23,617891,1200
21,617891,4102
59,617891,206
65,617891,346
32,617892,1846
229,617892,762
59,617893,1514
68,617893,1092
101,617893,686
25,617894,480
121,617894,694
0,617894,4842
163,617894,2408
84,617894,598
12,617894,5478
31,617894,2378
24,617894,2430
91,617894,2496
25,617895,1056
4,617895,1188
163,617895,2010
97,617896,734
91,617896,1048
0,617897,742
4,617897,1312
214,617897,810
27,617898,1068
80,617898,580
138,617898,528
142,617900,800
127,617901,1164
233,617902,2940
120,617902,12590
47,617902,5852
52,617902,5466
77,617904,300
92,617904,3500
74,617904,656
49,617904,1752
134,617904,1230
75,617904,1828
42,617904,270
102,617904,1816
123,617904,3338
141,617904,2014
107,617905,3788
85,617905,328
23,617905,1906
77,617905,968
92,617905,1280
49,617905,784
72,617905,3400
42,617905,2628
102,617905,704
76,617905,800
23,617906,5328
26,617906,208
21,617906,22972
68,617906,1160
169,617906,530
97,617906,740
126,617906,294
65,617906,1612
37,617906,376
43,617907,1400
26,617907,850
23,617908,3586
56,617908,3412
37,617908,2242
121,617909,1280
0,617909,1350
4,617909,1696
85,617910,1308
92,617910,560
76,617910,1884
123,617910,204
141,617910,5220
32,617912,1778
27,617913,2388
142,617913,872
27,617914,6096
80,617914,3936
21,617914,8424
55,617914,1882
142,617914,272
76,617914,2954
27,617915,1536
80,617915,7124
7,617915,6768
21,617915,9000
55,617915,5490
0,617915,4992
142,617915,278
127,617915,2322
106,617916,920
235,617916,390
98,617917,1628
117,617917,224
88,617917,3702
106,617918,1042
53,617918,546
98,617919,1462
117,617919,2584
110,617919,672
109,617919,2304
88,617919,530
90,617919,748
98,617921,1008
117,617921,312
88,617921,2942
117,617922,5126
88,617922,2964
117,617923,4048
110,617923,966
8,617923,900
88,617923,240
98,617924,1020
106,617924,1660
88,617924,450
235,617924,832
106,617925,4686
53,617925,1092
106,617926,1484
117,617927,504
88,617927,1032
98,617928,1152
142,617928,180
107,617929,4142
90,617929,514
141,617929,1044
62,617930,6788
8,617930,2712
105,617930,4942
52,617930,6908
47,617931,1416
32,617932,4590
90,617932,1428
54,617932,4674
81,617932,396
233,617933,744
62,617933,1368
146,617934,2244
32,617934,1152
140,617934,2880
90,617934,1210
81,617934,2364
120,617935,3852
62,617935,1038
235,617935,3866
95,617936,2048
32,617936,1070
51,617936,378
93,617936,2778
54,617936,1056
44,617937,864
60,617937,276
60,617938,330
166,617938,740
60,617939,858
94,617939,320
60,617940,3662
142,617941,762
112,617941,486
54,617941,564
70,617942,684
60,617942,600
33,617943,802
244,617945,2044
32,617945,810
99,617945,656
51,617945,1776
162,617945,378
150,617945,556
159,617945,490
81,617945,1828
131,617946,2200
47,617946,342
159,617946,360
120,617947,1800
131,617947,3480
54,617947,3372
229,617948,1966
150,617948,252
81,617948,780
32,617949,9914
94,617949,420
131,617949,500
159,617949,560
122,617949,2466
89,617949,3108
81,617949,2020
95,617950,1032
64,617950,846
228,617950,2036
101,617950,214
51,617951,1246
131,617951,598
25,617954,5138
23,617954,1704
27,617954,2202
148,617954,300
128,617954,806
24,617954,3600
65,617954,4590
91,617954,7668
3,617955,3062
84,617955,734
38,617955,2970
23,617956,4446
55,617956,800
68,617956,1148
169,617956,352
31,617956,2302
89,617956,1348
23,617957,6962
59,617957,424
99,617957,494
97,617957,1616
12,617957,488
37,617957,3832
123,617957,648
98,617958,952
106,617958,1782
88,617958,2782
52,617958,1798
25,617959,628
121,617959,566
225,617959,990
26,617960,1150
0,617960,696
4,617960,5522
214,617960,540
37,617960,3428
26,617961,1996
68,617961,3516
169,617961,3550
128,617961,6826
17,617961,306
31,617961,1626
24,617961,2444
65,617961,1304
123,617961,1216
39,617962,4604
26,617962,230
169,617962,1716
12,617962,968
126,617962,1554
37,617962,2606
25,617963,6714
0,617963,14588
25,617964,3714
121,617964,7596
0,617964,7934
225,617964,222
21,617965,1668
32,617965,3420
81,617965,1504
66,617966,2398
132,617966,4432
65,617966,696
199,617966,2026
54,617966,2156
195,617967,2530
32,617968,4308
228,617968,2164
159,617968,342
81,617968,1692
62,617969,1484
25,617970,3278
229,617970,6738
47,617970,6542
120,617972,2008
138,617972,1296
25,617973,658
132,617973,408
120,617973,382
189,617974,1536
229,617975,1368
95,617976,384
51,617976,920
228,617976,2054
120,617977,1640
140,617978,1890
235,617978,1738
159,617978,1158
25,617979,288
62,617979,708
235,617979,1892
47,617979,644
132,617980,846
235,617980,820
89,617980,852
146,617981,1032
199,617981,1552
146,617982,662
143,617982,1088
120,617982,6466
47,617982,4796
143,617984,930
32,617984,1648
51,617984,742
228,617984,408
235,617984,2554
155,617984,2526
32,617985,1554
228,617985,816
155,617985,368
32,617986,2894
228,617986,528
81,617986,430
7,617987,1444
139,617987,944
122,617987,3138
25,617988,1404
59,617988,670
119,617988,1244
17,617988,1734
12,617988,1736
72,617988,384
24,617988,2516
91,617988,3728
25,617989,1164
21,617989,1344
169,617989,204
29,617989,1368
128,617989,648
25,617990,1130
169,617990,264
56,617990,1056
134,617990,342
23,617992,1416
21,617992,2246
148,617992,736
89,617992,1008
23,617993,1290
17,617993,868
126,617993,924
89,617993,390
25,617994,1266
23,617994,624
37,617994,1012
89,617994,360
95,618002,462
94,618002,636
90,618002,306
55,618004,254
111,618004,1048
125,618004,646
66,618005,626
188,618006,196
90,618006,630
32,618007,1526
75,618007,308
32,618008,224
125,618008,612
30,618009,2542
256,618009,418
251,618009,1406
133,618009,394
30,618011,2370
256,618011,720
191,618012,1592
71,618012,280
191,618013,1110
125,618013,312
235,618014,2954
188,618015,220
41,618015,888
62,618015,280
66,618016,760
140,618016,198
191,618019,600
41,618020,646
143,618020,720
127,618020,380
62,618021,640
191,618022,1060
138,618023,1054
74,618023,480
90,618023,1860
7,618030,2184
21,618030,3196
68,618030,528
97,618030,1992
24,618030,1224
65,618030,210
119,618031,750
97,618031,1188
84,618032,2876
130,618032,1238
25,618033,864
130,618033,260
21,618034,402
99,618034,208
65,618034,586
76,618034,506
23,618035,1128
59,618035,402
91,618035,944
169,618036,272
37,618036,586
68,618037,726
169,618037,232
39,618038,1598
163,618038,1696
84,618038,3368
12,618038,738
59,618039,1820
31,618039,512
23,618040,1104
21,618040,7844
99,618040,264
169,618040,252
65,618040,720
186,618041,738
227,618041,2024
187,618041,264
23,618042,2310
21,618042,1872
169,618042,288
40,618042,1404
37,618042,1836
23,618043,2364
99,618043,610
216,618043,570
0,618043,218
97,618043,360
91,618043,862
43,618044,268
4,618044,202
24,618044,516
128,618045,662
23,618046,746
56,618046,914
97,618046,1096
85,618047,788
216,618047,628
169,618047,656
43,618048,1646
25,618049,2144
216,618049,528
119,618049,2776
138,618049,1636
115,618049,1592
31,618049,4702
24,618049,11344
91,618049,2068
39,618050,3596
3,618050,2074
121,618050,2694
163,618050,2892
130,618050,2028
12,618050,6698
24,618050,508
7,618051,2480
97,618051,344
7,618052,2028
91,618052,520
23,618053,204
7,618053,2468
59,618053,396
55,618054,2088
23,618055,1734
119,618056,676
97,618056,408
24,618056,372
110,618057,912
47,618057,492
34,618058,1660
236,618058,866
124,618058,1800
112,618058,1068
150,618058,416
159,618058,802
81,618058,600
132,618059,286
21,618059,6040
32,618059,4686
236,618059,4068
124,618059,3814
93,618059,5942
159,618059,314
101,618059,572
54,618059,1132
26,618060,264
12,618060,844
31,618060,1624
126,618060,508
0,618061,222
23,618062,5272
26,618062,220
7,618062,7278
21,618062,14534
0,618062,4204
128,618062,828
56,618062,1538
97,618062,1884
65,618062,1996
23,618063,6796
7,618063,3106
21,618063,16408
59,618063,252
99,618063,1284
68,618063,6770
119,618063,270
92,618063,368
126,618063,348
37,618063,1980
23,618064,2274
21,618064,3144
169,618064,480
0,618064,2546
97,618064,1098
37,618064,520
25,618065,628
25,618066,2868
4,618066,500
84,618066,3632
23,618067,2484
169,618067,540
17,618067,1668
37,618067,544
25,618068,4816
107,618068,3024
23,618068,3624
0,618068,1812
126,618068,930
21,618069,4560
65,618069,1026
59,618070,936
216,618070,554
24,618070,3408
68,618071,2352
92,618071,388
12,618071,1392
91,618071,1356
119,618072,1626
126,618072,280
24,618072,296
138,618073,792
115,618073,552
90,618073,940
182,618074,3618
71,618075,6812
74,618075,3652
115,618075,3884
41,618076,1422
110,618076,210
109,618076,2524
164,618076,352
110,618077,336
109,618077,3232
138,618077,1440
164,618077,1152
90,618077,1484
144,618078,400
109,618078,1008
164,618078,1702
115,618078,700
90,618078,1176
98,618080,1300
110,618080,1068
48,618080,3876
53,618080,210
164,618081,240
90,618081,1740
110,618082,912
164,618082,288
110,618083,3410
48,618083,4058
186,618086,714
74,618086,1204
115,618086,1124
117,618087,936
110,618087,3600
109,618087,1800
110,618088,1688
109,618088,4502
88,618088,882
164,618088,242
55,618089,1248
138,618089,306
164,618090,432
90,618090,1274
186,618091,1572
90,618091,1192
186,618092,210
138,618092,294
90,618092,1188
110,618093,1760
164,618093,680
110,618094,630
138,618094,1360
105,618094,840
110,618095,6782
138,618095,3122
110,618096,884
27,618097,538
187,618097,216
74,618097,180
38,618098,1472
27,618100,3054
178,618100,2832
129,618100,2760
8,618100,528
23,618102,2128
26,618102,1030
21,618102,882
0,618102,1466
17,618102,1170
25,618103,768
21,618103,10476
17,618103,1926
25,618104,984
23,618104,5702
7,618104,6448
21,618104,12756
55,618104,1570
99,618104,1140
68,618104,2760
12,618104,1140
91,618104,204
37,618104,1908
141,618104,2496
39,618105,1788
43,618105,2088
3,618105,1620
130,618105,216
106,618106,2628
25,618107,1132
121,618107,1116
84,618107,3916
38,618107,1474
110,618108,1712
49,618108,208
102,618108,868
101,618108,216
110,618109,1456
48,618109,900
147,618110,1632
85,618111,418
5,618111,748
77,618111,1296
49,618111,244
76,618111,1008
141,618111,1496
145,618112,1348
10,618112,1244
92,618114,1952
134,618114,3482
72,618114,1816
75,618114,828
110,618115,878
9,618115,1050
57,618116,794
92,618117,446
76,618117,1750
123,618117,514
107,618118,1774
25,618119,1024
49,618121,850
72,618121,1080
75,618121,702
48,618121,210
71,618122,210
92,618122,894
42,618122,312
102,618122,816
101,618122,592
29,618126,784
49,618126,1158
182,618127,222
145,618127,720
9,618127,208
40,618127,2514
55,618128,2002
211,618128,346
107,618129,1844
164,618129,448
123,618129,240
141,618129,2616
29,618130,1880
134,618130,2060
101,618130,540
85,618132,1262
187,618132,600
101,618132,174
85,618133,186
92,618133,1628
49,618134,2056
134,618134,192
72,618134,646
67,618135,1614
9,618135,3592
115,618135,476
92,618137,176
75,618137,1682
42,618137,476
77,618138,198
92,618138,380
115,618138,848
75,618139,716
85,618140,220
76,618140,1646
25,618142,1700
29,618144,1148
72,618144,488
72,618145,968
25,618146,988
146,618146,828
32,618146,1504
19,618146,2424
229,618146,8454
195,618146,584
84,618147,988
20,618148,578
182,618148,868
182,618149,1070
84,618149,250
98,618152,330
117,618152,782
121,618153,1688
72,618154,1372
42,618154,456
27,618155,1866
55,618155,1548
142,618155,852
8,618155,1152
141,618156,1534
136,618157,1684
98,618158,3694
47,618158,1452
107,618159,800
95,618159,994
32,618159,2964
236,618159,714
124,618159,3896
112,618159,1072
93,618159,840
150,618159,544
122,618159,616
141,618159,850
146,618160,960
236,618160,1832
93,618160,1686
229,618160,1908
155,618160,786
125,618160,2892
48,618160,660
66,618161,2260
109,618161,1012
162,618161,880
47,618161,2152
125,618161,5198
81,618161,1230
111,618162,1076
145,618162,812
38,618162,960
143,618163,1236
244,618163,654
32,618163,798
221,618163,192
64,618163,2440
47,618163,1370
115,618163,740
78,618163,970
95,618164,1696
32,618164,924
139,618164,3532
124,618164,2204
93,618164,2214
162,618164,3786
131,618164,1092
229,618164,1160
159,618164,2644
122,618164,1560
146,618165,798
95,618165,1334
236,618165,3740
94,618165,768
112,618165,1648
162,618165,1300
64,618165,256
72,618165,680
155,618165,2024
32,618166,1048
236,618166,2614
112,618166,1014
96,618166,848
64,618166,1160
228,618166,1382
82,618166,1124
81,618166,1244
66,618167,2160
95,618167,286
32,618167,1068
51,618167,1480
94,618167,2940
139,618167,532
111,618167,310
93,618167,2460
228,618167,1276
72,618167,720
122,618167,1382
25,618168,2340
143,618168,1120
32,618168,8648
140,618168,576
94,618168,858
229,618168,976
25,618169,1606
32,618169,1412
94,618169,216
112,618169,2044
93,618169,1830
229,618169,650
235,618169,1316
157,618169,432
139,618170,2892
120,618171,2114
32,618171,6214
140,618171,832
112,618171,866
131,618171,384
64,618171,1292
228,618171,2640
125,618171,2576
85,618172,504
92,618172,368
72,618172,1250
115,618172,3488
134,618173,252
72,618173,2310
186,618175,952
29,618175,350
92,618175,312
141,618175,2856
6,618176,2180
9,618176,492
160,618176,606
86,618178,1128
1,618180,1964
58,618180,2270
67,618181,474
145,618181,1212
40,618181,1256
107,618182,1862
71,618182,374
134,618182,216
72,618182,1664
42,618182,232
101,618182,392
107,618183,1856
77,618183,2502
75,618183,220
42,618183,564
101,618183,436
107,618184,3428
92,618184,670
134,618184,190
115,618184,824
75,618184,252
42,618184,250
141,618184,4974
202,618186,2972
10,618186,3028
9,618186,4024
40,618186,2180
57,618186,732
10,618190,2040
40,618190,10082
39,618191,216
22,618191,8948
29,618192,3444
69,618193,1050
134,618194,924
72,618194,812
107,618195,1476
20,618196,2102
101,618197,926
2,618198,680
22,618198,1780
5,618199,1168
92,618199,576
134,618199,1360
75,618199,1280
123,618199,1054
107,618200,2500
5,618200,7406
77,618200,216
138,618200,1036
42,618200,1262
76,618200,2096
141,618200,3706
29,618201,1264
92,618201,256
72,618201,208
123,618201,1526
85,618202,1880
5,618202,2876
92,618202,1168
102,618202,536
29,618203,2616
75,618203,2068
160,618203,864
20,618204,224
182,618204,2534
84,618204,318
5,618205,1028
71,618205,196
42,618205,1336
5,618208,284
92,618208,992
75,618208,834
86,618214,280
72,618214,5550
58,618214,11822
29,618216,216
49,618216,1854
182,618217,2380
80,618218,1168
202,618218,336
61,618218,388
57,618218,1040
160,618218,1454
202,618219,1266
9,618219,2208
61,618219,1458
6,618220,670
10,618220,1246
160,618220,252
58,618220,506
143,618221,588
32,618221,616
59,618221,282
140,618221,1096
78,618221,1170
195,618221,1662
187,618222,1460
10,618222,4174
134,618222,8046
72,618222,4308
6,618224,950
40,618224,1904
84,618226,270
9,618226,1746
61,618226,4974
160,618226,832
72,618227,2068
115,618227,1570
44,618230,210
69,618230,4724
6,618231,1312
67,618231,5784
9,618234,2076
61,618234,1134
40,618234,2028
107,618237,1812
123,618237,240
107,618238,1780
77,618238,212
92,618238,224
49,618239,266
76,618239,1080
123,618239,384
141,618239,1720
25,618240,1512
145,618240,3898
151,618240,1078
72,618240,2010
25,618241,1576
86,618241,218
145,618241,2086
151,618241,1060
72,618241,1560
146,618242,2154
30,618247,1956
30,618248,2160
251,618248,540
256,618249,948
251,618249,5852
30,618250,2200
3,618250,526
256,618250,818
251,618250,2030
133,618250,1302
191,618251,1934
32,618251,806
47,618252,592
52,618252,204
27,618253,594
115,618253,448
52,618253,458
32,618254,790
129,618254,506
37,618254,860
25,618255,940
41,618258,880
62,618258,4112
235,618258,7768
47,618258,480
29,618259,2550
138,618259,12450
61,618259,4302
49,618259,1356
134,618259,8500
72,618259,16958
115,618259,5148
90,618259,11860
25,618265,3000
25,618266,2712
128,618266,220
75,618266,1312
101,618266,760
123,618266,770
107,618267,4670
74,618267,236
49,618267,260
72,618267,352
75,618267,1368
76,618267,7548
123,618267,444
141,618267,3712
145,618268,2796
61,618268,2284
57,618268,2088
225,618274,846
29,618276,234
75,618276,2068
42,618276,1784
29,618277,2554
49,618277,3328
75,618277,960
50,618278,1508
32,618278,1350
93,618278,1712
228,618278,1046
159,618278,190
17,618279,832
146,618280,10590
120,618280,4728
62,618280,4734
47,618280,4740
199,618280,4566
195,618280,2268
25,618281,966
132,618281,4144
229,618281,2998
47,618281,2040
191,618288,1336
32,618288,4304
125,618288,1500
85,618289,1842
92,618289,1610
49,618289,1204
134,618289,950
72,618289,480
31,618289,898
75,618289,2560
42,618289,956
101,618289,1732
123,618289,890
44,618290,5116
166,618290,2350
80,618291,1130
67,618291,474
10,618291,920
40,618291,2874
58,618291,1320
67,618292,1750
71,618292,1076
40,618292,1826
21,618293,1810
216,618293,336
126,618293,3860
24,618293,324
37,618293,2046
127,618294,692
90,618294,600
78,618294,994
138,618309,2562
115,618309,616
90,618309,2026
109,618310,4648
90,618310,2240
32,618311,978
150,618311,204
159,618311,528
81,618311,1596
8,618312,768
105,618312,724
52,618312,988
32,618313,266
81,618313,1414
95,618314,1086
99,618314,606
108,618314,240
159,618314,1236
8,618315,728
70,618316,720
140,618316,666
166,618316,1556
46,618317,640
166,618317,624
27,618318,634
221,618318,512
90,618318,796
138,618319,408
90,618319,480
256,618321,272
136,618322,3900
251,618322,3294
133,618323,790
3,618324,1402
251,618324,934
30,618325,1358
3,618325,1642
256,618325,528
133,618325,4376
41,618330,2242
98,618330,5872
88,618330,2080
52,618330,2040
53,618330,2764
98,618331,7658
234,618331,456
62,618331,2150
88,618331,950
53,618331,3114
98,618332,4578
234,618332,1680
117,618332,2304
106,618332,2752
8,618332,4314
88,618332,1160
53,618332,3978
189,618333,1636
233,618334,4258
146,618334,3726
19,618335,7086
229,618335,3126
19,618336,2470
229,618336,492
19,618337,5268
229,618337,1818
132,618338,280
91,618338,216
81,618338,744
108,618339,2938
66,618340,3888
32,618340,1136
51,618340,210
93,618340,3806
64,618340,224
228,618340,2496
81,618340,1022
32,618341,1560
221,618341,1350
112,618341,864
45,618341,2190
108,618342,232
78,618342,5228
32,618343,336
78,618343,1176
34,618344,1010
96,618344,1844
228,618344,1614
32,618345,1172
139,618345,560
81,618345,324
112,618346,1176
111,618346,556
65,618346,972
19,618347,808
229,618347,726
66,618348,496
221,618348,1136
120,618349,930
62,618349,696
96,618350,1428
32,618351,920
139,618351,1416
228,618351,1024
124,618352,1072
81,618352,2328
146,618354,920
32,618354,1604
112,618354,1948
78,618354,3284
125,618354,3200
195,618354,768
54,618354,558
32,618355,1484
64,618355,880
32,618356,1400
112,618356,336
231,618357,4716
28,618357,7832
19,618358,2754
46,618359,2192
228,618359,1666
45,618359,228
76,618359,1480
233,618360,1008
66,618360,260
146,618360,966
32,618360,3388
54,618360,1008
78,618361,1332
25,618362,1856
221,618362,864
229,618362,4794
78,618362,7474
199,618362,1472
32,618363,1218
124,618363,1392
235,618363,1512
64,618364,270
228,618364,1596
94,618365,1220
96,618365,894
108,618365,616
157,618365,156
64,618366,1312
94,618367,2620
47,618367,7414
120,618368,1024
39,618369,1484
94,618370,312
82,618370,1058
132,618371,2086
120,618371,4734
25,618372,682
47,618372,1276
186,618373,912
81,618373,2200
143,618374,718
132,618374,1606
32,618374,220
228,618374,520
25,618375,1952
64,618375,2968
157,618375,1944
155,618375,2756
195,618375,2856
26,618376,648
229,618377,2458
25,618378,1484
120,618378,1856
32,618378,720
64,618378,786
108,618378,2844
228,618379,1484
32,618380,1200
78,618380,630
64,618381,998
22,618382,1048
28,618382,1204
39,618383,2144
229,618385,476
54,618385,1402
25,618386,1556
228,618386,540
62,618387,1200
62,618388,2878
46,618388,5206
82,618388,220
157,618389,2764
37,618389,894
82,618389,1828
94,618390,720
82,618390,1736
44,618391,716
46,618391,1296
166,618391,4798
32,618392,784
140,618392,554
131,618392,1000
55,618393,804
124,618393,8172
96,618393,3250
228,618393,1236
150,618393,294
159,618393,410
32,618394,914
96,618394,968
159,618394,720
32,618395,990
139,618395,664
81,618395,456
25,618396,1390
146,618396,688
120,618396,5098
244,618396,2780
32,618396,5294
131,618396,3008
47,618396,2496
66,618398,4350
80,618398,2028
221,618398,1116
125,618398,2540
195,618398,252
54,618398,514
46,618400,1396
19,618400,2914
32,618401,1296
139,618401,2702
150,618401,208
122,618401,884
23,618402,6272
7,618402,684
21,618402,1200
99,618402,348
128,618402,492
65,618402,342
7,618403,540
21,618403,4126
37,618403,210
43,618404,396
56,618404,690
148,618406,2324
25,618407,722
7,618407,1518
12,618407,684
23,618408,414
7,618408,2660
21,618408,3520
99,618408,210
202,618408,1252
91,618408,288
43,618409,1476
121,618409,830
4,618409,3350
56,618409,606
99,618410,940
169,618410,1516
119,618410,256
128,618410,996
56,618410,5550
97,618410,1972
126,618410,396
65,618410,384
25,618411,566
119,618411,6498
17,618411,1134
56,618411,1356
24,618411,1606
89,618411,6456
27,618412,2862
55,618412,2568
27,618413,1032
80,618413,2862
55,618413,3724
125,618413,1730
27,618414,520
80,618414,240
142,618414,6820
127,618414,540
27,618415,1410
142,618415,490
127,618416,3600
38,618416,2614
27,618417,828
129,618417,572
142,618417,1944
27,618418,534
55,618418,1096
38,618418,708
129,618419,476
142,618419,2312
52,618420,1080
117,618421,3684
88,618421,820
52,618422,1054
52,618423,2434
8,618424,442
52,618424,2884
8,618425,968
105,618425,2052
52,618425,312
27,618426,494
55,618426,2434
117,618427,1482
39,618428,772
3,618429,1240
4,618430,1152
4,618431,1004
89,618432,1134
19,618433,1186
229,618433,732
110,618434,1404
164,618434,216
90,618434,240
32,618435,576
46,618435,892
112,618435,264
64,618435,4280
235,618435,774
19,618436,1036
27,618437,1462
80,618437,3528
21,618437,12340
55,618437,2988
142,618437,696
251,618439,720
256,618440,554
133,618441,412
251,618442,206
133,618442,1130
133,618443,758
21,618444,1980
169,618444,582
25,618445,1474
7,618445,3346
55,618445,2940
59,618445,1060
56,618445,840
147,618445,1740
37,618445,3822
25,618446,1450
65,618446,2306
101,618446,886
25,618447,5168
38,618447,6008
25,618448,1068
23,618448,4344
21,618448,6452
126,618448,1288
59,618449,1330
128,618449,1360
24,618449,648
22,618450,1764
224,618450,646
23,618451,7100
21,618451,6888
59,618451,916
126,618451,1092
24,618451,228
37,618451,5884
21,618452,994
55,618452,690
24,618452,576
12,618453,2092
24,618453,1304
21,618454,952
128,618454,580
97,618454,448
136,618455,1656
21,618456,460
99,618456,242
68,618456,1066
128,618456,272
97,618456,496
120,618457,15456
235,618457,2328
140,618458,220
139,618458,2854
112,618458,2092
40,618458,1990
95,618459,522
51,618459,1054
45,618459,1002
159,618459,1378
32,618460,2620
162,618460,1340
54,618460,2032
32,618461,2366
228,618461,2134
195,618462,1256
32,618463,7362
51,618463,300
95,618465,890
139,618465,2012
228,618465,1640
150,618465,176
146,618466,4296
55,618466,844
235,618466,5340
155,618466,4308
125,618467,4418
25,618468,1098
146,618468,4170
221,618468,2660
120,618469,1760
94,618469,1860
228,618469,364
9,618469,1110
95,618470,1866
45,618470,2152
150,618470,728
47,618471,6390
199,618471,614
67,618472,978
235,618472,298
228,618473,1296
54,618473,1320
19,618474,922
25,618475,714
132,618475,1306
64,618476,1944
150,618476,672
32,618477,450
124,618477,3320
228,618477,2388
139,618478,2280
150,618478,330
155,618478,570
64,618479,1870
228,618479,694
150,618479,504
96,618480,2006
228,618480,408
96,618481,2562
93,618481,2154
228,618481,408
159,618481,288
76,618481,1782
244,618482,1068
46,618482,578
47,618482,552
21,618483,5326
23,618484,5376
21,618484,4904
68,618484,674
119,618484,280
21,618487,5018
119,618487,1644
128,618487,204
97,618487,342
126,618487,204
25,618488,398
21,618488,2226
99,618488,1630
68,618488,4980
97,618488,168
126,618488,1008
91,618488,1716
22,618490,1616
187,618494,1208
71,618494,330
138,618494,5710
74,618494,2232
115,618494,2310
90,618494,2076
21,618496,1224
32,618496,11218
139,618496,4290
228,618496,1428
150,618496,516
235,618496,600
159,618496,220
122,618496,15918
34,618497,4662
32,618497,5048
124,618497,5296
93,618497,946
138,618497,838
64,618497,11050
150,618497,660
75,618497,672
159,618497,822
122,618497,14850
54,618497,5950
7,618499,3820
21,618499,5244
68,618499,1132
97,618499,720
126,618499,2104
65,618499,224
89,618499,604
99,618500,1336
160,618500,906
23,618501,5546
21,618501,942
68,618501,3972
65,618501,1232
25,618502,1692
59,618502,432
17,618502,1720
126,618502,850
39,618503,842
225,618503,3138
225,618504,922
99,618505,252
97,618505,288
40,618505,804
55,618506,948
99,618506,554
126,618506,620
56,618507,534
59,618508,798
21,618509,1658
97,618509,468
65,618509,1248
89,618509,1446
121,618510,1850
182,618510,720
4,618510,2046
20,618511,800
4,618511,4564
31,618511,4884
182,618512,576
31,618512,1412
27,618513,780
129,618513,1002
8,618513,1566
39,618514,8456
22,618514,23738
35,618514,364
39,618515,1032
22,618515,26062
35,618515,514
28,618515,802
21,618516,2936
17,618516,1308
97,618516,312
105,618517,792
25,618518,854
0,618518,2548
84,618518,984
38,618518,1308
120,618519,1820
62,618519,4246
106,618519,1428
235,618519,3680
66,618520,2046
41,618520,2968
50,618520,1404
98,618520,2430
62,618520,5424
110,618520,1374
21,618521,1562
59,618521,330
126,618521,504
50,618522,1736
88,618522,420
98,618523,1856
88,618523,2726
53,618524,1064
43,618525,1724
0,618525,2750
37,618525,4346
26,618526,252
89,618526,824
23,618527,2376
7,618527,3322
68,618527,9838
119,618527,292
97,618527,1176
12,618527,1120
26,618528,432
3,618528,4612
214,618528,1076
26,618529,208
128,618529,526
17,618529,1734
37,618529,1646
25,618530,1522
21,618531,2782
119,618531,216
126,618531,1334
25,618532,4786
121,618532,188
0,618532,3676
38,618532,4876
25,618533,372
55,618533,1392
59,618533,828
31,618533,1572
24,618533,984
91,618533,668
25,618534,1402
26,618534,1102
12,618534,2148
126,618534,696
89,618534,1214
25,618535,1304
26,618535,502
169,618535,276
128,618535,4428
12,618535,824
65,618535,1088
89,618535,228
39,618537,1756
163,618537,444
0,618538,768
31,618538,974
24,618538,1876
37,618538,216
97,618539,1722
91,618539,1002
25,618540,836
39,618540,2400
7,618540,690
169,618540,1308
91,618540,288
37,618540,192
23,618541,3028
7,618541,1080
21,618541,5316
91,618541,2044
37,618541,2168
27,618542,6300
21,618542,3432
68,618542,2712
119,618542,356
56,618542,544
24,618542,5094
91,618542,720
37,618542,882
116,618542,4712
25,618543,2256
107,618543,2892
27,618543,5024
68,618543,11900
119,618543,228
128,618543,4050
17,618543,252
56,618543,2940
91,618543,1832
106,618544,1344
88,618544,1040
41,618545,576
117,618545,396
88,618545,1122
117,618546,190
8,618546,828
106,618547,1974
52,618547,816
41,618549,1800
98,618549,2642
117,618549,1144
88,618549,4322
68,618550,968
169,618550,1704
27,618551,3648
55,618551,298
142,618551,1166
38,618551,3984
98,618552,3618
27,618552,2414
21,618552,5700
55,618552,8550
8,618552,3180
127,618552,5208
59,618553,3926
24,618553,542
235,618555,1360
30,618558,792
3,618558,1086
256,618558,476
251,618558,894
133,618558,232
26,618561,508
128,618561,1038
59,618562,3926
128,618562,456
12,618562,3922
24,618562,486
89,618562,814
125,618563,1978
54,618563,1340
80,618566,1044
27,618567,4572
80,618567,3976
178,618567,3400
129,618567,1852
142,618567,908
38,618567,1040
60,618568,922
189,618568,468
25,618569,3068
120,618569,2518
19,618570,692
78,618570,2554
221,618572,1260
199,618572,2894
44,618573,1402
46,618573,2940
82,618573,4406
229,618574,2856
39,618575,1212
60,618575,2716
96,618576,228
54,618576,8582
221,618577,216
94,618577,1530
78,618577,480
32,618578,230
96,618578,704
229,618578,2464
32,618579,708
162,618579,342
150,618579,316
120,618580,790
39,618581,4740
70,618581,496
60,618581,5526
166,618582,3542
166,618583,798
60,618584,738
189,618584,1344
46,618585,1456
140,618585,222
72,618585,1070
132,618586,3228
244,618586,3558
131,618586,636
155,618586,756
78,618587,3208
125,618587,4448
120,618588,1092
78,618588,1248
125,618588,720
78,618589,726
199,618589,2218
98,618590,2282
117,618590,2268
106,618590,4804
109,618590,912
8,618590,1692
88,618590,2024
53,618590,1292
98,618591,5386
106,618591,4152
53,618591,3958
235,618593,1084
159,618593,432
96,618594,1070
64,618594,1104
56,618596,1056
12,618596,1440
119,618597,216
97,618597,898
12,618597,1458
25,618598,2600
0,618598,1270
23,618599,9582
26,618599,320
7,618599,2620
21,618599,6936
99,618599,798
126,618599,210
25,618600,1148
84,618600,256
130,618600,390
31,618600,4414
214,618600,326
23,618601,2036
21,618601,1856
17,618601,220
97,618601,1184
126,618601,376
7,618602,3120
126,618602,320
65,618602,1956
68,618603,1988
128,618603,662
65,618603,434
37,618603,252
29,618604,404
76,618604,992
72,618605,1008
102,618605,224
29,618608,1960
75,618608,864
202,618609,468
61,618609,228
72,618609,602
106,618610,3202
187,618610,2200
110,618610,864
235,618610,782
53,618610,510
9,618611,4330
2,618612,896
186,618613,510
29,618613,854
134,618613,660
29,618614,558
77,618614,1252
141,618614,1120
61,618617,198
147,618617,768
92,618618,398
75,618618,218
42,618618,264
91,618618,504
123,618618,178
145,618620,1898
10,618620,218
117,618621,2060
88,618621,220
106,618622,2066
52,618622,1392
55,618623,792
129,618623,768
8,618623,924
117,618624,1690
88,618624,968
110,618627,1452
85,618629,360
61,618629,3348
49,618629,2736
164,618629,540
72,618629,1650
75,618629,816
42,618629,660
141,618629,1764
85,618630,384
77,618630,740
138,618630,3372
134,618630,1616
164,618630,264
141,618630,1508
84,618631,250
138,618634,384
141,618634,1130
20,618635,900
49,618636,224
76,618636,1100
5,618639,1360
115,618639,952
85,618640,1286
77,618640,424
9,618642,2272
147,618642,1348
160,618642,576
42,618643,1068
25,618645,1050
226,618645,258
69,618646,794
5,618647,1118
49,618647,876
20,618648,2008
84,618648,598
182,618649,1376
5,618651,1450
42,618651,950
102,618651,1036
5,618652,392
115,618652,888
42,618652,204
43,618653,1802
0,618653,2310
163,618653,3294
24,618653,388
89,618653,792
23,618655,3774
21,618655,4808
68,618655,5268
119,618655,3868
128,618655,216
17,618655,2320
65,618655,1428
91,618655,3120
25,618656,448
121,618656,220
163,618656,210
130,618656,1278
68,618657,1014
169,618657,258
119,618657,1596
17,618657,1480
56,618657,430
97,618657,386
12,618657,602
21,618658,1510
128,618658,306
97,618658,392
65,618658,848
91,618658,988
102,618658,350
148,618659,516
31,618659,1532
92,618660,2062
134,618660,720
164,618660,420
72,618660,5218
90,618660,3412
20,618662,944
4,618662,2000
31,618662,1428
24,618662,644
0,618663,194
163,618663,6244
84,618663,2766
89,618663,326
25,618664,962
43,618664,1518
0,618664,3712
4,618664,4804
130,618664,776
38,618664,2360
43,618665,504
26,618665,1640
38,618666,1524
0,618667,2306
148,618667,1356
25,618668,1776
38,618668,1486
99,618669,344
169,618669,1914
89,618669,1034
0,618670,1780
10,618671,6464
40,618671,5544
9,618672,6542
160,618672,4238
49,618673,1384
72,618673,426
101,618673,224
48,618673,770
141,618673,2738
6,618674,8894
202,618674,228
9,618674,3300
160,618674,1906
145,618675,1966
9,618675,2008
61,618675,2000
40,618675,1128
57,618675,672
21,618676,7184
169,618676,660
128,618676,2090
77,618677,694
102,618677,246
49,618678,204
42,618678,596
91,618678,1544
102,618678,948
85,618680,180
21,618680,1746
75,618680,1296
76,618680,588
123,618680,648
134,618681,244
76,618681,1260
138,618682,1012
134,618682,252
2,618683,2262
71,618685,3846
29,618686,216
72,618686,808
25,618687,676
58,618687,200
102,618688,208
101,618688,792
42,618689,792
101,618689,256
29,618690,460
141,618690,1878
92,618691,3336
123,618691,1738
22,618692,348
231,618692,424
225,618693,1854
25,618694,1522
226,618694,260
25,618695,642
186,618696,240
92,618696,194
76,618696,1010
6,618697,622
147,618697,1984
9,618701,3154
40,618701,3850
25,618704,3378
58,618704,468
67,618705,2030
147,618705,3026
86,618706,1534
72,618706,6400
57,618706,3650
92,618707,280
72,618707,1244
76,618707,1780
123,618707,288
86,618708,832
72,618708,1818
25,618709,6532
225,618709,788
86,618710,426
72,618710,1418
72,618711,1878
9,618712,294
72,618712,1540
29,618715,828
90,618715,1728
90,618716,1928
75,618716,1368
101,618716,1280
141,618716,1402
77,618717,440
90,618717,2328
101,618717,204
72,618719,944
102,618719,448
123,618719,200
141,618719,1504
120,618729,520
178,618729,704
47,618729,496
66,618730,598
191,618730,706
142,618730,802
62,618731,1176
188,618732,204
62,618732,832
191,618733,750
55,618733,696
138,618738,720
125,618738,256
25,618740,1836
146,618740,43662
46,618740,2730
19,618740,2478
47,618740,5512
132,618741,216
32,618741,1808
221,618741,1268
131,618741,3828
21,618742,4890
32,618742,2560
55,618742,840
51,618742,1300
124,618742,1320
159,618742,2056
122,618742,2084
5,618743,1416
51,618743,2100
124,618743,3884
96,618743,1272
93,618743,1528
228,618743,6808
157,618743,352
81,618743,1412
34,618744,2044
107,618744,1848
32,618744,3930
140,618744,1610
236,618744,776
139,618744,1094
124,618744,2074
96,618744,5572
150,618744,630
32,618745,608
228,618745,472
78,618746,1268
32,618748,1168
228,618748,810
47,618748,408
159,618748,576
51,618749,1356
112,618749,1262
146,618750,744
82,618750,280
66,618751,2634
23,618751,1204
146,618751,2088
32,618751,4026
112,618751,3488
229,618751,5238
64,618751,402
228,618751,3144
47,618751,1388
122,618751,2614
54,618751,1728
81,618751,600
25,618752,968
32,618752,240
46,618752,2718
131,618752,3112
64,618752,678
125,618752,1672
236,618753,1140
228,618753,1012
235,618753,600
54,618753,1296
105,618755,622
52,618755,728
96,618756,4750
51,618757,1904
162,618757,2052
52,618758,760
105,618760,1654
105,618762,954
105,618764,1034
162,618765,636
155,618765,2078
5,618766,1854
71,618766,244
42,618766,1484
32,618767,420
78,618767,600
82,618767,1176
229,618768,1072
98,618769,2620
106,618769,364
8,618769,888
88,618769,4464
53,618769,1020
107,618770,11732
187,618770,378
49,618770,624
72,618770,984
90,618770,11148
123,618770,652
141,618770,7162
160,618771,4200
29,618772,484
138,618772,1418
134,618772,440
90,618772,240
202,618773,854
61,618773,1404
72,618773,396
147,618776,2720
40,618776,2480
25,618777,5016
1,618777,5660
67,618778,2434
61,618778,3340
40,618778,1196
69,618779,1422
77,618780,1860
90,618780,208
123,618780,686
202,618781,3736
9,618781,1502
160,618781,4010
25,618782,1900
86,618782,208
57,618782,324
92,618783,814
74,618783,360
61,618783,1656
49,618783,428
72,618783,3848
141,618783,2922
25,618784,4002
70,618784,1168
3,618784,264
58,618784,1586
25,618785,1428
25,618786,348
86,618786,210
72,618786,5522
57,618786,1978
82,618786,982
67,618787,3536
2,618788,622
39,618788,602
22,618788,966
231,618788,546
33,618788,1512
188,618792,336
41,618792,856
85,618793,168
21,618793,648
92,618793,258
101,618793,3402
123,618793,504
107,618794,1624
85,618794,198
21,618794,450
77,618794,1216
101,618794,200
30,618795,1062
256,618795,162
133,618795,1128
25,618796,3444
32,618796,3148
46,618796,3976
236,618796,1848
112,618796,3200
93,618796,1870
229,618796,6002
54,618796,4032
41,618797,912
50,618797,216
66,618798,456
90,618798,936
125,618798,490
111,618799,722
108,618799,330
66,618800,1258
125,618800,216
66,618801,360
138,618801,1380
66,618802,366
74,618802,696
107,618803,3616
5,618803,2944
77,618803,1316
49,618803,4172
42,618803,1570
102,618803,1756
76,618803,2018
123,618803,664
5,618804,1912
49,618804,560
75,618804,1524
76,618804,2054
49,618805,1292
90,618805,288
42,618805,1928
76,618805,1558
107,618806,2292
77,618806,556
49,618806,866
75,618806,1398
101,618806,1746
211,618809,570
102,618809,736
101,618809,520
30,618810,11680
30,618811,3106
30,618812,8032
30,618813,5276
30,618814,5704
30,618815,6130
30,618816,5984
27,618817,15114
7,618817,18908
21,618817,24266
0,618817,7184
141,618817,3480
27,618818,2266
7,618818,1944
21,618818,7150
169,618818,1020
128,618818,1024
72,618818,1176
126,618818,618
89,618818,1736
90,618819,6194
98,618820,400
144,618820,684
110,618820,1424
109,618820,5346
90,618820,1620
110,618821,960
109,618821,192
90,618821,3516
109,618822,1338
90,618822,4470
31,618822,1130
90,618823,1228
37,618823,1238
186,618824,536
109,618824,2176
90,618824,2020
188,618825,3228
50,618825,1584
120,618825,1584
62,618825,1248
188,618826,300
41,618826,736
109,618826,924
191,618827,3962
32,618828,576
131,618828,972
81,618828,384
229,618829,814
64,618830,360
81,618830,1144
120,618831,736
112,618831,360
120,618832,756
140,618832,288
112,618832,380
19,618833,2034
39,618834,3588
139,618835,1248
228,618835,1256
150,618835,468
150,618836,424
81,618836,2160
132,618837,3120
93,618837,1070
19,618837,1564
45,618837,2548
108,618838,420
78,618838,956
125,618838,486
25,618839,1140
228,618839,364
235,618839,4660
32,618840,600
122,618840,720
81,618840,960
162,618841,1344
150,618841,426
146,618842,992
82,618842,2006
46,618843,1258
166,618843,560
166,618844,1122
82,618844,884
139,618845,1624
228,618845,1608
125,618846,3272
95,618847,192
32,618847,300
47,618847,744
120,618848,686
47,618848,544
157,618848,726
108,618849,1012
78,618849,912
125,618849,816
51,618850,576
91,618850,1076
81,618850,808
229,618851,6528
228,618851,432
72,618851,1148
19,618852,1984
229,618852,872
81,618853,1152
32,618854,1060
221,618855,192
131,618855,264
54,618855,696
69,618857,3044
189,618857,728
112,618858,1896
228,618858,1920
25,618859,902
94,618859,1304
157,618859,2216
44,618860,3112
46,618860,3282
146,618861,1140
32,618861,912
112,618861,900
95,618862,1888
131,618862,2400
47,618862,1452
166,618864,1438
82,618864,2676
157,618865,704
81,618865,744
44,618866,768
94,618866,580
32,618867,938
46,618867,1166
159,618867,968
166,618868,1216
32,618869,680
32,618870,1396
95,618871,1418
131,618871,1840
32,618872,868
94,618873,1190
54,618873,354
233,618874,900
62,618874,876
80,618875,2100
47,618875,1278
39,618876,9064
94,618877,200
47,618877,2130
46,618878,3232
44,618879,2552
46,618879,2674
166,618879,4922
229,618880,1372
112,618882,552
96,618882,782
64,618882,1172
159,618883,240
54,618883,1566
112,618884,924
132,618885,1232
112,618885,1420
54,618885,1368
81,618885,576
32,618887,1844
95,618888,926
51,618888,406
66,618889,2292
52,618890,4850
187,618892,1784
77,618893,1950
92,618893,816
75,618893,446
42,618893,224
102,618893,976
101,618893,508
76,618893,1132
123,618893,1494
134,618894,1194
9,618896,1220
6,618897,4054
40,618897,916
186,618898,738
55,618898,290
142,618898,408
25,618904,950
68,618905,684
169,618905,512
97,618905,336
112,618906,2148
108,618906,7066
94,618907,288
166,618907,7276
82,618907,2848
143,618909,600
229,618909,1600
78,618909,468
195,618909,966
146,618910,772
46,618910,492
199,618910,1238
12,618911,1206
47,618911,416
43,618912,996
0,618912,528
25,618913,330
3,618913,432
97,618914,2244
91,618914,900
89,618914,416
56,618915,2184
12,618915,1404
39,618916,1358
26,618916,1988
69,618917,1372
32,618919,3840
94,618919,772
228,618919,708
81,618919,1336
32,618920,1878
162,618920,224
235,618920,996
54,618920,564
131,618921,530
25,618922,816
146,618923,1292
46,618923,5318
95,618924,1760
32,618924,1168
96,618924,3252
132,618925,696
120,618925,2160
125,618925,542
94,618926,832
112,618926,480
19,618927,6910
146,618928,882
235,618929,736
155,618929,1200
108,618930,1088
78,618930,1008
32,618931,820
108,618931,3086
78,618931,904
108,618932,452
78,618932,1588
143,618934,654
120,618934,450
46,618934,416
143,618935,646
44,618936,300
146,618936,260
189,618936,912
120,618937,714
47,618937,844
32,618938,778
46,618938,198
95,618939,350
54,618939,1278
32,618940,1008
155,618940,168
19,618941,2266
25,618943,496
146,618943,1144
45,618943,496
25,618944,1260
132,618944,210
23,618945,440
21,618945,560
68,618945,884
128,618945,996
12,618945,1168
126,618945,220
65,618945,648
98,618946,3388
52,618946,1008
53,618946,2496
106,618947,1140
106,618948,1984
95,618949,336
32,618949,368
229,618949,1302
157,618949,1032
46,618953,666
166,618953,770
60,618954,868
189,618954,560
146,618956,2574
62,618956,2700
199,618956,678
195,618956,740
19,618957,5228
32,618958,1284
124,618958,7970
96,618958,200
32,618959,2484
81,618959,1146
95,618960,180
228,618960,1430
235,618960,5956
32,618961,1116
51,618961,938
21,618962,2992
139,618962,1336
93,618962,576
150,618962,266
122,618962,3376
82,618963,1306
25,618964,864
155,618964,300
25,618965,900
199,618965,524
166,618966,556
54,618967,7086
81,618967,4920
39,618968,528
70,618968,5848
64,618969,4682
228,618969,4704
122,618969,4594
81,618969,1238
132,618970,630
120,618970,3510
47,618970,2880
47,618971,1420
44,618972,204
60,618972,330
189,618972,522
233,618973,1502
146,618973,756
47,618973,3936
32,618974,492
150,618974,234
235,618974,492
25,618975,234
32,618975,1636
54,618975,1550
25,618976,1154
95,618976,750
132,618976,432
47,618977,500
32,618989,1666
51,618990,898
162,618990,262
0,618992,570
64,618993,856
150,618993,630
195,618993,192
25,618994,1408
228,618994,458
81,618994,912
32,618995,1040
124,618995,2452
138,618995,952
228,618995,2580
150,618995,666
47,618995,868
25,618996,1240
26,618996,234
27,618996,2322
55,618996,2356
0,618996,2480
84,618996,1580
24,618996,1160
133,618996,3358
4,618997,1170
121,618998,1444
31,618998,3006
25,618999,5586
3,618999,4950
4,618999,2422
31,618999,4006
91,618999,200
5,619002,1066
23,619002,704
21,619002,456
25,619003,1038
0,619003,474
25,619004,2280
0,619004,528
38,619004,210
38,619005,1672
0,619008,390
38,619008,1900
39,619009,1494
78,619013,576
66,619014,592
111,619015,612
32,619016,6476
46,619019,248
127,619019,1216
127,619020,720
235,619022,1098
125,619023,568
62,619024,220
52,619024,1092
8,619025,408
52,619025,792
191,619026,258
132,619026,414
191,619027,420
32,619027,4796
108,619027,822
125,619027,4840
54,619027,4708
32,619028,682
81,619028,996
62,619031,608
52,619031,200
23,619032,5844
21,619032,24598
128,619032,280
25,619034,1268
27,619034,3314
4,619034,5522
84,619034,4666
130,619034,280
24,619034,3224
44,619035,720
55,619036,960
55,619037,534
142,619037,756
8,619037,912
142,619038,1288
8,619038,960
127,619038,488
129,619039,732
178,619040,672
129,619040,210
38,619040,1606
27,619041,3068
80,619041,1612
55,619041,370
38,619041,3236
142,619042,2418
8,619042,502
127,619042,210
55,619043,1176
142,619043,328
8,619043,3578
127,619043,1002
178,619044,606
127,619044,270
38,619044,1108
23,619045,672
97,619045,534
126,619045,732
21,619046,2792
17,619046,732
24,619047,964
26,619048,516
55,619048,3920
148,619048,260
31,619048,1000
126,619049,2536
24,619049,270
65,619049,810
76,619049,1896
17,619050,972
4,619051,994
106,619052,924
53,619052,544
117,619053,1024
88,619053,900
98,619055,2300
106,619055,780
110,619056,1188
52,619056,484
55,619057,332
142,619057,270
106,619058,728
8,619058,480
53,619058,1056
178,619059,2156
117,619059,480
88,619059,1302
106,619061,1236
8,619061,336
106,619062,528
98,619063,1890
117,619063,714
88,619063,324
48,619063,588
98,619064,1054
27,619064,662
52,619064,918
23,619065,1564
119,619065,446
17,619065,468
65,619065,240
25,619066,1812
3,619066,240
0,619066,4500
38,619066,3962
128,619067,2580
31,619067,1116
91,619067,1806
25,619068,600
169,619068,5198
17,619068,1764
91,619068,7194
37,619068,600
89,619068,176
0,619069,6222
130,619069,200
24,619069,1008
21,619070,780
97,619070,1322
126,619070,820
17,619071,222
56,619071,198
107,619073,3252
23,619073,5520
7,619073,364
21,619073,1556
68,619073,6234
148,619074,1840
148,619075,818
89,619075,732
25,619076,3696
169,619076,240
17,619076,2650
65,619076,896
21,619078,2366
59,619078,1354
169,619079,180
128,619079,4562
65,619079,684
123,619079,1536
21,619080,23018
37,619080,1346
23,619081,4366
21,619081,528
68,619081,1624
23,619082,7512
121,619082,902
142,619082,4082
117,619083,2148
88,619083,1536
117,619086,1848
88,619086,2448
164,619086,1080
52,619086,1512
235,619087,1036
50,619088,988
191,619089,290
32,619089,768
191,619090,294
125,619090,836
191,619091,552
188,619092,558
41,619092,12776
188,619093,10904
142,619093,616
188,619094,252
41,619094,2580
191,619095,924
112,619095,306
191,619096,840
80,619096,1082
188,619097,4976
41,619097,1958
62,619097,6898
188,619098,1552
41,619098,2816
144,619098,1200
62,619098,1488
84,619106,1750
77,619106,210
49,619106,1970
134,619106,200
72,619106,2444
90,619106,2086
75,619106,1466
102,619106,844
101,619106,906
160,619106,800
123,619106,1156
26,619107,1612
91,619107,726
89,619107,760
107,619108,4704
77,619108,192
115,619108,324
76,619108,1296
123,619108,846
123,619109,1500
90,619111,1756
25,619112,682
57,619112,4622
29,619113,320
74,619113,2168
72,619113,4120
90,619113,5068
49,619114,190
90,619114,970
75,619114,468
77,619115,1090
49,619117,208
76,619117,1560
92,619118,252
42,619118,848
76,619118,1648
145,619119,976
2,619120,680
9,619121,850
47,619122,1024
199,619122,1072
32,619123,856
112,619123,360
228,619123,1336
32,619124,1732
77,619124,540
32,619125,1830
78,619125,618
162,619135,1056
81,619135,616
146,619136,780
19,619136,4270
32,619138,2636
84,619139,846
19,619139,17406
229,619139,854
19,619140,5142
229,619140,1440
108,619141,1034
186,619142,926
71,619142,666
138,619142,490
115,619142,272
110,619143,1020
90,619143,1974
144,619144,540
109,619144,588
164,619144,1136
71,619146,1090
74,619146,198
98,619147,624
144,619147,200
90,619147,180
115,619148,1126
110,619149,2204
164,619149,656
90,619149,900
48,619149,1092
186,619150,938
187,619150,800
115,619150,576
25,619151,2182
72,619151,4894
57,619151,756
90,619152,2062
110,619154,646
71,619154,3856
138,619154,1940
74,619154,256
115,619154,2996
110,619155,1780
109,619155,952
90,619155,486
48,619155,1424
144,619156,480
110,619156,210
109,619156,4144
164,619156,280
48,619156,912
164,619157,644
90,619157,1112
144,619158,180
117,619158,902
164,619158,384
186,619159,260
115,619159,272
90,619159,1694
138,619160,540
90,619161,760
186,619162,2412
138,619162,212
138,619163,1384
27,619164,2098
55,619164,1336
142,619164,1314
38,619164,630
27,619165,698
80,619165,624
55,619165,1068
129,619165,406
142,619165,1174
117,619166,1566
88,619166,5576
164,619166,312
98,619167,1388
178,619168,1394
119,619168,260
7,619169,2704
91,619169,220
169,619170,2080
39,619171,6616
23,619172,1844
21,619172,1070
136,619173,396
0,619173,1276
25,619178,1626
43,619178,576
26,619179,450
21,619179,832
126,619179,210
26,619180,1812
68,619180,3308
148,619180,1524
91,619180,1294
89,619180,314
68,619181,468
169,619181,874
128,619181,480
56,619181,842
65,619181,846
39,619182,622
23,619182,2172
21,619182,12630
128,619182,204
126,619182,246
91,619182,1368
141,619182,2258
39,619183,4820
3,619183,360
121,619183,598
0,619183,3248
130,619183,906
9,619183,1320
59,619184,600
68,619184,816
169,619184,320
97,619184,920
43,619185,710
3,619185,810
89,619185,1310
5,619186,528
23,619186,1764
21,619186,1268
169,619186,994
142,619186,2040
119,619186,488
23,619187,1268
7,619187,1134
169,619187,222
56,619187,264
39,619188,1066
128,619188,248
126,619188,184
5,619190,250
23,619190,224
21,619190,3346
0,619190,1044
119,619190,210
23,619191,752
21,619191,1624
21,619192,1630
23,619193,8554
21,619193,2102
99,619193,240
97,619193,520
121,619194,352
214,619194,548
43,619195,1578
43,619196,572
130,619196,276
0,619197,720
97,619197,952
65,619197,750
23,619198,280
99,619198,458
128,619198,408
92,619198,652
23,619199,1564
97,619199,238
148,619200,3694
59,619201,256
148,619201,1922
25,619202,1714
0,619202,1400
186,619203,560
227,619203,1224
187,619203,572
186,619204,2060
227,619204,952
187,619204,1764
59,619205,1188
128,619205,986
92,619205,924
91,619205,1000
25,619207,1512
23,619207,2136
21,619207,4140
8,619207,826
65,619207,426
21,619208,1008
126,619208,430
107,619222,3216
77,619222,420
49,619222,1908
141,619222,5546
77,619223,1400
72,619223,678
101,619223,1312
141,619223,1154
71,619224,470
102,619224,2732
72,619225,3598
123,619225,652
9,619226,888
67,619227,1898
84,619228,948
147,619228,384
75,619229,964
202,619230,490
40,619230,270
67,619231,1198
134,619232,1038
101,619232,764
76,619232,1560
123,619232,540
107,619233,2742
49,619233,210
75,619233,1528
101,619233,686
141,619233,1756
92,619234,1150
75,619234,1148
102,619234,732
4,619235,632
31,619235,5904
133,619235,640
91,619235,1528
163,619237,1092
3,619238,1068
0,619238,636
38,619238,1572
84,619239,722
39,619240,866
0,619240,252
163,619240,1072
26,619242,240
59,619242,246
56,619242,1322
134,619242,876
24,619242,1140
121,619243,358
0,619243,814
38,619243,656
23,619244,468
21,619244,10908
99,619244,1018
68,619244,1072
169,619244,1314
128,619244,3852
17,619244,252
134,619244,978
65,619244,1270
23,619245,1478
59,619245,648
0,619245,2416
119,619245,200
65,619245,996
21,619246,5106
59,619246,304
99,619246,320
98,619247,720
106,619247,6288
8,619247,4860
88,619247,340
53,619247,1730
221,619250,616
80,619251,920
76,619252,2602
228,619253,790
107,619254,3270
110,619254,396
77,619254,270
138,619254,3078
134,619254,1184
48,619254,1590
29,619255,204
92,619255,748
101,619255,1496
123,619255,726
141,619255,7916
67,619256,6992
202,619256,1424
61,619256,8972
90,619256,3948
40,619256,4668
61,619257,2604
109,619258,2404
202,619258,224
67,619259,3590
202,619259,254
61,619259,4832
160,619259,1560
29,619260,584
92,619260,1472
138,619260,896
75,619260,1252
101,619260,654
10,619261,996
22,619262,2402
6,619263,3216
61,619263,3284
72,619263,4804
107,619264,1614
77,619264,670
42,619264,944
102,619264,220
186,619265,1698
74,619266,296
75,619266,1890
102,619266,400
101,619266,896
76,619266,2620
123,619266,752
72,619268,974
10,619270,186
9,619270,1562
40,619270,1512
25,619271,2496
25,619272,1108
57,619272,292
9,619273,880
42,619274,744
102,619274,216
5,619275,224
76,619275,1008
20,619276,3060
5,619277,322
138,619277,836
123,619277,752
5,619280,700
42,619280,794
101,619280,860
227,619281,1198
187,619281,204
20,619282,1714
84,619282,982
69,619283,866
85,619284,276
29,619284,744
92,619284,786
71,619285,420
42,619285,406
76,619285,666
77,619286,572
42,619286,1034
20,619287,1148
182,619287,224
20,619288,744
121,619289,498
84,619289,790
130,619289,318
66,619292,382
111,619292,994
111,619293,748
138,619293,270
72,619302,1800
123,619302,2216
29,619303,640
10,619303,660
92,619303,1554
76,619303,2670
85,619304,180
29,619304,200
141,619304,1874
84,619305,336
57,619305,2606
107,619306,15650
85,619306,496
77,619306,372
92,619306,220
134,619306,550
75,619306,1540
147,619306,3120
101,619306,300
76,619306,1250
141,619306,12180
107,619307,4524
85,619307,1784
92,619307,480
49,619307,400
101,619307,1138
76,619307,3900
141,619307,6462
5,619310,416
71,619310,474
77,619310,420
92,619310,1424
123,619310,460
110,619311,3178
109,619311,680
48,619312,1820
110,619313,1664
48,619313,426
144,619318,208
29,619318,332
49,619318,1288
42,619318,520
141,619318,1302
21,619319,7974
169,619319,1176
0,619319,1568
97,619319,2080
37,619319,1548
97,619320,1644
126,619320,560
21,619323,1030
169,619323,2006
56,619323,216
126,619323,1718
24,619323,864
65,619323,616
5,619324,3294
92,619324,1476
102,619324,288
76,619324,1232
25,619325,880
46,619325,276
47,619325,1056
32,619326,3442
54,619326,264
32,619327,4080
221,619327,620
64,619328,1040
81,619328,576
120,619329,1056
221,619329,190
157,619329,216
108,619330,2028
45,619330,954
112,619331,3716
54,619331,680
54,619332,7448
112,619333,520
235,619333,224
25,619334,1080
112,619334,3412
191,619335,528
21,619335,880
159,619335,700
81,619335,1728
32,619336,960
131,619336,340
21,619337,946
159,619337,480
25,619338,552
25,619339,516
66,619339,350
25,619340,580
66,619340,552
32,619341,586
229,619341,234
25,619342,1086
146,619342,700
131,619342,288
108,619342,390
25,619344,1342
146,619344,1732
221,619344,1134
47,619344,2664
25,619345,540
146,619345,356
66,619346,504
66,619347,528
64,619350,3100
32,619352,516
228,619352,438
32,619353,720
96,619353,564
81,619353,338
162,619354,350
81,619354,612
25,619355,984
131,619355,340
228,619356,9406
119,619357,286
128,619357,264
12,619357,690
32,619358,2928
221,619358,198
228,619358,646
32,619359,1324
32,619360,624
228,619360,6352
146,619362,700
229,619362,272
146,619363,546
108,619363,3384
78,619363,566
32,619364,426
93,619364,580
81,619364,548
96,619365,552
228,619365,480
32,619366,616
162,619366,432
112,619367,448
131,619367,660
54,619367,240
25,619368,624
32,619368,600
70,619372,720
140,619372,456
140,619373,418
166,619373,600
25,619374,960
221,619374,1458
32,619375,200
111,619375,600
54,619375,812
32,619376,480
228,619376,706
108,619377,676
78,619377,288
125,619377,700
50,619378,552
140,619378,544
96,619378,336
32,619379,1040
191,619380,520
229,619380,936
81,619380,720
32,619382,506
229,619382,448
125,619382,952
7,619385,1170
21,619385,6682
99,619385,1536
8,619385,1178
75,619385,924
43,619386,1990
3,619386,960
163,619386,902
130,619386,588
89,619386,778
72,619389,8460
58,619389,1860
86,619390,3084
57,619390,1926
106,619391,2602
110,619391,3700
235,619391,720
48,619391,460
25,619393,1870
67,619393,426
77,619395,672
134,619395,776
182,619396,1008
84,619396,1970
147,619396,1588
20,619397,1714
182,619397,842
182,619399,2010
147,619399,210
20,619400,1708
147,619400,348
1,619401,1242
166,619401,2536
72,619401,1244
72,619402,1698
57,619402,870
146,619406,1800
19,619406,556
132,619407,1508
32,619407,966
47,619407,2484
95,619408,2016
32,619408,5614
140,619408,1182
25,619409,640
119,619409,1578
26,619410,662
99,619410,758
65,619410,754
25,619411,4440
84,619411,4084
128,619412,964
17,619412,1544
31,619412,996
24,619412,366
91,619412,820
39,619413,588
4,619414,4948
133,619414,716
94,619417,1330
82,619417,3112
25,619418,1038
169,619418,1792
56,619418,5028
66,619419,864
125,619419,292
228,619420,660
66,619421,1116
188,619422,264
41,619422,436
144,619422,300
125,619422,728
188,619423,624
125,619423,1072
188,619424,624
108,619424,816
125,619425,636
41,619428,612
235,619428,220
62,619429,756
62,619430,512
235,619430,208
62,619431,1716
142,619433,704
191,619436,270
108,619436,468
32,619437,1168
51,619437,884
26,619438,862
25,619440,778
26,619440,216
119,619440,276
12,619440,664
24,619440,718
121,619441,684
25,619442,1248
23,619442,576
119,619442,328
17,619442,716
65,619442,840
37,619442,192
25,619443,1632
26,619443,1906
128,619443,1144
24,619443,672
89,619443,992
23,619444,3410
0,619444,5120
142,619444,1178
59,619445,466
17,619445,688
65,619445,576
21,619446,1232
68,619446,692
105,619450,844
52,619450,240
235,619453,788
4,619456,1480
38,619456,2328
84,619457,424
38,619457,1916
23,619458,8002
21,619458,2198
17,619458,1188
37,619458,424
23,619459,430
7,619459,1534
55,619459,7392
68,619459,964
65,619459,312
0,619461,1634
130,619461,860
110,619462,1234
138,619462,584
115,619462,614
0,619467,2198
17,619467,776
25,619468,1106
24,619468,1768
91,619469,800
25,619470,786
99,619471,464
68,619471,984
56,619471,600
21,619472,1088
56,619472,576
65,619472,624
55,619473,622
68,619473,3102
169,619473,544
119,619473,2146
24,619473,832
26,619474,198
27,619474,636
0,619474,216
84,619474,720
37,619474,1342
68,619475,1242
49,619475,800
65,619475,920
23,619476,774
7,619476,1824
21,619476,1650
68,619476,1896
56,619476,492
37,619476,198
38,619477,5410
136,619478,1720
0,619478,1182
136,619479,3484
0,619479,6090
148,619480,270
38,619480,6836
37,619482,488
148,619483,3846
128,619483,296
24,619483,2850
89,619483,3524
68,619484,1746
128,619484,1640
37,619484,1388
38,619485,1484
148,619486,3634
17,619486,1212
12,619486,744
31,619486,5240
68,619487,3280
12,619487,520
31,619487,1084
27,619488,566
129,619488,1286
142,619488,384
8,619488,476
127,619488,464
27,619489,276
178,619489,1714
55,619489,546
129,619489,454
142,619489,580
8,619489,1146
3,619490,1272
27,619491,520
27,619492,1630
55,619492,432
27,619493,880
127,619493,608
52,619493,740
27,619494,840
27,619495,316
129,619495,936
127,619495,788
27,619496,252
80,619496,400
129,619496,984
8,619496,408
127,619496,558
27,619497,390
142,619497,846
27,619498,264
178,619498,196
142,619498,1384
142,619500,252
235,619500,360
125,619500,330
235,619501,900
71,619502,216
74,619502,1100
164,619503,1160
90,619503,740
109,619504,828
187,619505,1200
164,619505,846
115,619505,206
186,619506,600
74,619506,2724
187,619507,208
138,619507,1176
109,619508,950
90,619508,640
48,619508,380
67,619517,1024
57,619517,230
95,619518,3120
124,619518,1296
141,619518,5596
20,619519,1512
182,619519,5232
25,619520,836
58,619520,238
1,619522,716
72,619522,1328
58,619522,3422
25,619523,696
120,619523,312
195,619523,412
12,619524,912
195,619524,1406
51,619525,944
159,619525,800
54,619525,1286
25,619530,2108
66,619530,894
178,619530,990
74,619530,942
125,619530,4460
106,619531,1098
98,619532,2200
117,619532,600
117,619533,504
88,619533,288
27,619534,288
106,619534,480
52,619534,2016
98,619535,680
106,619535,2442
117,619536,3920
88,619536,208
106,619537,2248
8,619537,684
88,619538,1092
98,619539,288
117,619539,384
88,619539,608
27,619540,192
142,619540,296
8,619540,980
80,619541,886
105,619541,1258
27,619542,2056
55,619542,3304
127,619542,1260
106,619543,378
117,619545,1008
88,619545,756
98,619546,1168
117,619546,740
88,619546,2454
52,619547,620
27,619548,718
105,619549,308
25,619562,996
86,619562,1970
72,619562,204
57,619562,4312
140,619565,1560
96,619565,340
228,619565,1484
30,619566,144
133,619566,188
30,619567,364
256,619567,138
251,619567,756
30,619568,1146
251,619568,370
251,619569,234
133,619569,266
256,619570,360
94,619581,1752
72,619581,1092
32,619582,1356
228,619582,308
34,619583,1380
228,619583,1108
120,619584,1510
150,619584,482
155,619584,264
228,619585,1302
150,619585,204
122,619585,1256
140,619586,1512
112,619586,238
93,619587,1104
122,619588,1554
81,619588,1164
32,619589,1320
140,619589,2310
228,619590,1728
159,619590,696
95,619592,210
64,619592,1470
228,619592,1104
96,619593,676
150,619593,276
120,619594,640
70,619595,804
62,619595,300
146,619596,606
199,619596,286
132,619597,1206
195,619597,3936
25,619598,264
199,619599,1196
120,619600,1550
32,619601,2278
150,619601,288
139,619602,1960
131,619603,228
235,619603,820
45,619604,958
199,619604,1584
70,619605,936
140,619606,1320
93,619606,294
64,619606,240
32,619607,1162
162,619607,208
32,619608,1980
186,619609,1656
71,619609,236
90,619609,914
54,619610,676
25,619612,1684
32,619613,11632
139,619613,10444
64,619613,5400
54,619613,1800
235,619615,264
228,619616,1346
228,619617,2088
32,619618,2052
139,619619,2012
95,619620,280
228,619620,1248
54,619621,1408
146,619622,1150
94,619623,1896
131,619624,2020
47,619625,1940
143,619626,264
146,619627,2080
47,619628,968
32,619629,230
140,619629,1044
62,619630,576
82,619630,4062
47,619631,688
32,619632,1930
96,619632,792
54,619633,1880
54,619634,1960
54,619635,1960
32,619636,2000
21,619637,2140
235,619639,686
25,619640,1760
21,619641,1958
54,619642,1360
23,619644,522
7,619644,966
128,619644,988
91,619644,540
21,619645,504
25,619646,384
26,619646,204
21,619646,2572
119,619646,300
141,619646,4906
0,619647,866
37,619647,528
225,619648,552
0,619650,1926
4,619651,572
59,619652,454
4,619653,970
163,619653,462
130,619653,1792
23,619654,482
21,619654,612
68,619654,578
107,619655,1938
23,619655,1120
21,619655,1932
128,619655,224
97,619655,288
126,619655,384
23,619656,388
21,619656,580
56,619656,232
39,619657,410
121,619657,360
0,619658,1604
68,619659,1312
169,619659,216
89,619659,2876
23,619660,7300
21,619660,828
90,619660,7290
126,619660,478
23,619661,1456
21,619661,1962
99,619661,216
128,619661,448
97,619661,1102
126,619661,248
59,619662,1930
26,619663,192
148,619663,1476
12,619663,474
12,619664,1068
89,619664,592
12,619665,1486
12,619666,1336
25,619667,1320
120,619667,1296
221,619667,580
94,619667,872
112,619667,1304
229,619667,264
199,619667,1216
112,619668,1204
229,619668,780
32,619669,1392
146,619670,2448
178,619670,3498
32,619670,3536
139,619670,3340
124,619670,8252
96,619670,10296
93,619670,3500
228,619670,8712
235,619670,5762
157,619670,1296
155,619670,3552
54,619670,3240
108,619671,1576
78,619671,788
21,619672,19092
32,619672,17436
124,619672,3494
93,619672,4386
229,619672,6932
228,619672,7152
150,619672,480
155,619672,1794
122,619672,17688
54,619672,7052
139,619673,2026
93,619673,1448
131,619673,4490
122,619673,540
141,619673,1320
81,619673,840
32,619674,2240
51,619674,558
94,619674,1170
93,619674,2460
195,619674,1282
54,619674,940
95,619675,1764
32,619675,2082
93,619675,384
228,619675,1692
235,619675,3872
157,619675,2088
27,619681,2766
55,619681,1368
129,619681,1872
98,619682,588
88,619682,534
98,619683,924
88,619683,828
52,619683,880
106,619684,1488
48,619684,414
98,619685,1012
88,619685,2032
27,619686,1748
55,619686,2534
129,619686,1348
142,619686,4122
8,619686,1872
27,619687,1850
4,619689,7110
84,619689,856
130,619689,960
214,619689,272
3,619691,696
121,619691,660
38,619691,432
25,619692,1662
26,619692,664
148,619692,224
119,619692,210
12,619692,7068
24,619692,666
37,619692,1992
141,619693,2456
107,619694,1366
49,619694,216
42,619695,684
134,619696,376
42,619696,612
76,619697,1054
67,619698,3108
10,619698,1290
57,619698,280
6,619699,846
57,619699,210
49,619701,204
42,619701,812
77,619702,438
72,619702,912
123,619702,776
75,619703,388
123,619703,676
5,619704,732
49,619704,546
49,619705,296
101,619705,702
20,619706,974
84,619706,500
5,619707,1098
49,619707,480
90,619707,720
42,619710,824
102,619710,604
5,619711,1024
49,619711,1142
29,619712,824
42,619712,948
39,619713,7276
39,619714,2760
119,619714,1392
56,619714,840
24,619714,5780
91,619714,2964
89,619714,1236
62,619715,1640
138,619716,642
134,619716,158
72,619716,524
43,619717,4362
4,619717,960
24,619717,2980
85,619718,204
141,619718,1800
67,619719,1134
40,619719,1830
9,619720,590
2,619721,696
145,619722,896
202,619722,1154
9,619722,1178
9,619723,2034
101,619724,706
141,619726,1196
101,619727,1360
123,619727,214
102,619728,1146
43,619729,1964
121,619729,382
0,619729,2066
12,619729,286
37,619729,2220
7,619730,2352
21,619730,5228
65,619730,308
4,619731,834
50,619732,278
90,619732,792
188,619733,280
62,619733,1008
41,619734,672
191,619735,266
54,619735,760
134,619737,356
107,619738,2740
29,619738,640
134,619738,440
90,619738,9846
141,619738,1392
92,619739,726
49,619739,216
76,619739,4012
141,619739,1764
160,619741,1608
85,619743,200
72,619743,2222
10,619744,2174
61,619744,320
72,619744,4736
90,619744,972
10,619745,1102
40,619745,2702
58,619745,250
67,619746,1056
145,619748,510
10,619748,1386
9,619748,928
57,619748,272
160,619748,1076
58,619749,1680
82,619749,184
70,619750,1590
72,619750,3166
72,619751,2840
202,619752,1368
57,619752,248
29,619754,504
72,619754,236
75,619754,3834
86,619755,710
57,619755,680
20,619756,4174
84,619756,292
147,619756,3156
77,619757,698
42,619757,412
72,619758,2374
20,619759,816
4,619759,1092
21,619760,788
99,619760,640
97,619760,1644
7,619762,500
59,619762,266
91,619762,424
23,619763,1666
7,619763,792
169,619763,588
39,619764,2632
3,619769,6474
0,619769,4544
4,619769,1232
121,619771,556
130,619771,856
37,619771,748
56,619773,2284
23,619774,5028
21,619774,6410
169,619774,380
119,619774,288
126,619774,2832
37,619774,250
163,619778,1350
65,619778,236
91,619778,1004
68,619779,1134
119,619779,240
97,619779,220
12,619780,890
128,619781,668
97,619781,260
26,619782,212
37,619782,600
7,619783,1176
21,619784,1216
99,619784,288
23,619785,948
91,619785,248
4,619786,562
56,619786,242
233,619788,854
143,619788,1080
120,619788,688
244,619788,1804
162,619788,1556
17,619788,874
186,619789,200
71,619789,392
115,619789,1320
90,619789,1232
107,619790,5236
5,619790,4922
29,619790,2550
77,619790,1726
49,619790,1408
134,619790,368
75,619790,1456
40,619790,5388
42,619790,1820
102,619790,820
101,619790,1840
76,619790,10388
141,619790,3662
107,619791,3844
85,619791,616
187,619791,784
29,619791,450
49,619791,2506
75,619791,1856
101,619791,2060
76,619791,1632
123,619791,1458
106,619792,1196
110,619792,740
191,619793,718
140,619796,252
96,619796,612
66,619797,300
3,619804,500
57,619805,464
188,619806,708
50,619806,5584
62,619806,3426
88,619806,4300
235,619806,13590
3,619823,574
163,619823,428
38,619823,1196
53,619824,640
105,619825,718
88,619825,216
98,619826,620
98,619827,672
98,619828,312
52,619828,836
117,619829,1098
44,619830,796
72,619830,3336
46,619831,1344
47,619831,1610
199,619831,2010
29,619833,1340
119,619833,876
89,619833,2014
19,619834,2864
251,619835,642
25,619836,2866
44,619836,1936
58,619836,6880
256,619837,516
30,619838,3126
256,619839,760
30,619842,204
133,619842,110
25,619843,2510
72,619843,5256
58,619843,3204
125,619844,720
66,619845,288
191,619845,666
52,619847,2224
66,619848,700
82,619849,850
108,619850,1678
55,619851,1416
32,619852,720
125,619853,914
27,619855,796
55,619856,456
142,619857,1068
55,619858,276
38,619858,858
55,619859,294
127,619859,424
55,619860,288
127,619860,480
19,619862,5700
58,619862,1786
27,619863,2328
27,619864,360
142,619864,594
55,619865,2156
27,619866,514
0,619867,708
130,619868,1258
23,619869,2136
99,619869,598
23,619870,1002
99,619870,432
25,619871,1248
130,619871,248
24,619871,224
0,619872,1582
89,619873,1234
89,619874,1344
26,619875,310
31,619875,722
26,619876,360
31,619876,864
30,619877,190
30,619880,500
251,619881,480
251,619882,560
30,619883,936
23,619884,336
99,619884,496
148,619885,196
12,619885,288
24,619885,486
21,619886,660
128,619886,238
21,619887,816
126,619887,238
25,619888,210
68,619888,768
148,619889,196
31,619889,504
0,619891,336
99,619892,702
7,619893,652
99,619893,206
21,619894,1144
227,619895,436
78,619897,768
54,619898,1716
157,619899,1084
25,619900,1000
146,619904,756
47,619904,3418
195,619904,504
221,619905,1398
229,619905,684
195,619905,624
108,619907,678
19,619908,676
66,619909,1254
25,619911,1188
47,619912,1066
25,619913,960
66,619916,708
19,619939,832
120,619940,730
46,619940,682
228,619941,216
54,619941,726
112,619942,736
131,619942,180
32,619943,210
46,619943,408
228,619943,666
32,619944,936
46,619944,648
32,619945,864
228,619945,672
95,619946,594
235,619947,616
46,619948,532
112,619948,280
122,619949,600
120,619951,588
229,619952,640
112,619953,728
32,619954,1452
38,619954,1664
32,619955,1100
235,619955,5918
54,619955,3124
81,619955,770
32,619956,1008
228,619956,17140
54,619956,1100
81,619956,1596
93,619957,950
228,619957,682
62,619958,1098
93,619959,5686
81,619959,720
32,619960,1902
155,619960,776
229,619962,280
54,619962,660
32,619963,938
221,619963,204
125,619963,572
19,619964,792
54,619965,704
82,619966,594
78,619967,628
32,619969,1550
228,619971,2160
81,619971,960
233,619972,880
54,619972,2568
81,619973,484
112,619974,728
146,619975,1334
228,619975,864
159,619975,192
38,619979,988
32,619981,726
32,619983,2728
93,619984,836
25,619985,1056
32,619987,1176
32,619988,1188
78,619990,920
62,619994,3488
120,619995,1924
62,619995,878
32,619995,3096
46,619995,4724
120,619996,1498
96,619996,462
75,619996,248
39,619998,3158
21,619999,1232
31,619999,600
23,620000,1382
31,620000,468
23,620001,1330
65,620001,396
27,620003,728
130,620003,478
25,620004,1330
119,620004,400
65,620004,408
0,620005,1240
37,620006,1104
23,620011,850
142,620011,576
37,620011,432
148,620012,420
12,620012,1254
119,620014,218
24,620014,1176
59,620018,208
24,620018,800
68,620019,1368
56,620019,364
68,620020,1954
23,620021,426
21,620021,1464
2,620028,456
107,620029,696
10,620030,372
90,620031,736
90,620032,1096
69,620033,280
58,620033,428
49,620034,206
42,620034,702
120,620036,576
125,620036,1156
82,620036,620
107,620037,1784
85,620037,486
61,620038,1514
147,620038,198
182,620039,2090
29,620040,234
141,620040,2026
69,620041,1116
107,620042,1984
85,620042,452
107,620043,1466
49,620043,204
40,620044,346
32,620045,3846
139,620045,3666
96,620045,220
93,620045,2080
131,620045,252
150,620045,230
159,620045,342
81,620045,950
90,620048,3022
26,620055,428
65,620055,1170
27,620056,888
101,620057,680
102,620058,724
2,620059,306
10,620060,736
20,620061,512
20,620063,288
72,620064,632
42,620065,796
75,620066,384
160,620067,632
40,620068,438
42,620069,788
256,620070,1758
30,620071,680
256,620071,1950
256,620072,878
30,620073,560
256,620074,992
256,620075,1364
30,620076,2256
256,620076,1170
30,620077,1044
30,620079,832
25,620080,1608
169,620081,194
128,620081,472
91,620081,384
119,620082,824
128,620082,1268
17,620082,752
56,620082,520
91,620082,138
38,620083,1408
65,620085,1116
43,620086,990
4,620086,264
84,620086,240
31,620086,1810
24,620086,5460
3,620087,2890
56,620087,306
12,620087,2582
27,620088,1244
7,620088,1784
21,620088,1464
39,620089,2748
7,620089,5270
128,620089,794
17,620089,438
12,620089,4028
65,620089,1964
7,620090,644
21,620090,10038
27,620092,4004
55,620092,3790
8,620092,304
138,620093,768
71,620094,360
90,620094,620
90,620095,984
74,620096,216
90,620096,1052
138,620097,828
74,620097,502
186,620098,672
71,620099,702
109,620100,200
48,620100,768
110,620101,190
109,620101,640
138,620102,740
109,620103,1094
115,620104,840
187,620105,204
74,620105,840
115,620106,710
71,620107,474
74,620107,224
21,620108,600
126,620108,492
89,620108,960
21,620109,798
59,620109,298
99,620109,252
21,620110,640
99,620110,364
17,620110,576
117,620111,760
106,620112,1136
3,620113,578
27,620114,3136
80,620114,11356
117,620114,2042
55,620114,6900
38,620114,4920
88,620114,1416
27,620115,12050
8,620115,4870
98,620116,600
53,620116,3952
233,620117,730
54,620117,1474
32,620118,240
221,620118,1438
94,620118,1728
112,620118,2248
45,620118,1400
125,620118,4292
25,620119,1430
131,620119,420
157,620119,3102
195,620119,1686
32,620120,4478
169,620120,728
162,620120,3048
131,620120,3048
228,620120,2156
108,620121,1548
78,620121,936
44,620122,6050
46,620122,544
95,620123,1684
32,620124,682
162,620124,1076
227,620125,1424
187,620125,252
191,620126,498
186,620126,804
32,620126,300
8,620126,1038
106,620127,1132
106,620128,3520
88,620128,420
97,620130,992
126,620130,930
7,620132,4902
68,620132,960
31,620132,1242
24,620132,420
85,620133,1160
85,620134,204
49,620134,672
85,620135,216
49,620135,900
29,620136,440
182,620137,714
141,620138,730
182,620139,1188
5,620140,180
76,620140,820
182,620141,876
58,620142,2508
23,620148,748
21,620148,1248
97,620148,298
126,620148,560
59,620151,634
130,620151,852
23,620152,1128
21,620152,1776
99,620152,502
12,620153,588
31,620153,920
89,620153,236
99,620154,336
65,620154,792
117,620161,980
53,620161,520
30,620162,310
3,620162,708
133,620162,192
106,620168,2466
8,620168,1472
53,620168,204
107,620169,2982
107,620170,2500
102,620170,464
107,620171,1700
147,620172,1478
134,620173,892
72,620173,1524
182,620174,216
84,620174,936
92,620175,280
145,620176,234
61,620176,288
147,620176,208
107,620177,1704
77,620177,636
101,620178,1676
76,620179,3108
69,620180,874
9,620181,1258
134,620182,1418
25,620183,3132
39,620185,4802
225,620185,978
33,620185,1904
61,620186,2550
147,620186,2450
44,620188,858
136,620188,1624
69,620188,5912
189,620188,1860
151,620188,1244
107,620189,5006
90,620189,590
42,620189,520
76,620189,7674
123,620189,252
25,620190,3038
1,620190,1880
72,620190,6962
57,620190,1690
82,620190,1688
29,620191,612
92,620192,1500
138,620192,1608
133,620208,396
111,620211,896
27,620212,594
72,620214,220
40,620214,3670
85,620215,200
61,620215,1044
101,620215,5822
20,620216,4806
182,620216,8434
84,620216,526
147,620216,6730
92,620219,1200
49,620219,240
134,620219,4880
102,620219,420
123,620219,2718
141,620219,3534
107,620220,4474
92,620220,3434
49,620220,580
90,620220,2360
75,620220,1362
102,620220,456
191,620221,478
32,620221,1420
129,620221,1072
94,620221,2020
25,620222,2274
52,620225,772
244,620227,562
32,620227,3028
139,620227,4352
124,620227,9166
64,620227,516
110,620228,1330
48,620228,280
233,620232,1216
32,620232,330
64,620232,230
46,620233,1492
166,620233,1300
72,620233,2326
58,620233,2196
166,620235,1296
25,620237,1660
23,620237,3370
68,620237,1456
107,620238,1416
23,620238,2516
0,620238,1316
128,620238,480
68,620239,1440
27,620240,450
55,620240,524
8,620240,388
80,620241,452
55,620241,480
8,620241,264
84,620242,518
38,620242,1032
148,620243,240
119,620243,1708
128,620243,624
65,620243,1176
89,620243,1204
25,620244,842
25,620245,1032
23,620246,10502
21,620246,1878
0,620246,4934
71,620246,1046
23,620247,3246
21,620247,2814
0,620247,204
21,620248,3956
99,620248,1488
68,620248,564
65,620248,396
21,620249,2556
59,620249,540
99,620249,692
68,620249,1668
97,620249,932
37,620249,1756
7,620250,638
59,620250,552
68,620250,3128
0,620251,1172
163,620251,944
130,620252,884
37,620252,1268
43,620253,756
4,620253,1766
163,620253,560
23,620254,1722
7,620254,2100
59,620254,716
169,620254,1420
119,620254,488
23,620255,5944
7,620255,1540
121,620256,744
163,620256,832
130,620256,1692
121,620257,2654
0,620257,2256
89,620257,1968
121,620258,648
89,620258,864
43,620259,1720
4,620259,1260
62,620277,672
62,620281,440
32,620285,612
121,620286,286
0,620286,294
38,620286,916
0,620289,1568
25,620293,320
90,620303,860
27,620354,910
142,620354,300
25,620355,1200
142,620356,240
8,620356,892
3,620357,644
142,620359,224
8,620359,832
27,620360,400
80,620360,2328
27,620361,2896
27,620362,240
38,620362,650
38,620363,788
8,620364,308
38,620364,420
27,620365,544
127,620365,216
27,620366,230
8,620366,444
80,620367,1010
7,620369,1088
90,620371,1172
4,620372,1176
31,620372,1692
12,620373,1740
91,620373,708
8,620374,486
88,620374,540
53,620374,760
8,620375,160
53,620375,672
0,620376,1360
24,620376,696
23,620377,1376
21,620377,752
128,620377,1076
65,620377,616
23,620378,524
21,620378,4626
126,620378,372
65,620378,216
23,620379,1044
21,620379,560
128,620379,876
37,620379,280
21,620380,5142
59,620380,208
24,620381,3440
3,620382,668
163,620382,760
12,620382,1008
26,620383,284
21,620383,624
97,620383,848
37,620383,816
99,620384,388
68,620384,368
65,620384,342
12,620385,1056
227,620386,6948
187,620386,1584
110,620389,1920
109,620389,1688
164,620389,3070
10,620390,470
40,620390,714
120,620392,288
12,620404,2292
31,620404,208
43,620407,1346
121,620408,320
23,620409,718
91,620409,364
7,620411,498
117,620413,1004
117,620418,1494
117,620419,2144
53,620420,1016
80,620421,216
129,620421,774
80,620422,992
106,620424,460
117,620425,792
106,620426,270
29,620434,3614
72,620434,884
123,620434,870
95,620437,902
162,620437,544
54,620437,1348
96,620438,692
229,620438,282
160,620438,1512
65,620439,864
21,620440,950
31,620440,298
37,620442,688
130,620443,934
31,620445,648
55,620446,306
59,620448,554
91,620448,198
68,620449,536
37,620449,288
99,620450,744
24,620450,228
39,620451,642
105,620455,280
31,620470,996
37,620470,554
31,620471,1254
37,620471,424
23,620472,724
89,620472,214
37,620474,1588
31,620475,1112
68,620476,2978
26,620477,360
31,620477,1126
3,620478,2664
23,620479,1518
91,620479,368
23,620480,1122
91,620480,452
23,620483,2596
27,620483,432
23,620484,2604
65,620484,440
56,620485,2870
66,620492,480
32,620492,1808
199,620492,1272
82,620499,264
70,620503,272
146,620517,288
195,620520,276
62,620524,280
22,620542,5724
225,620542,260
28,620542,3296
2,620543,3268
22,620543,3292
225,620543,286
80,620544,1848
47,620544,540
32,620545,1858
228,620545,2212
81,620545,1160
85,620546,696
86,620547,206
47,620554,1108
32,620555,832
64,620555,1216
157,620555,690
202,620556,2274
9,620556,4216
72,620556,520
67,620557,1714
202,620557,736
9,620557,1408
61,620557,4542
72,620557,336
25,620559,400
64,620559,2272
47,620559,3554
44,620560,5280
166,620560,640
32,620561,1200
93,620561,612
64,620561,252
139,620562,4516
162,620562,1268
32,620563,584
96,620563,422
228,620563,2442
45,620563,232
54,620563,1176
72,620565,1620
61,620566,1492
72,620566,216
67,620574,1620
202,620574,784
57,620574,252
202,620575,468
9,620575,1716
57,620575,224
23,620576,546
126,620576,288
169,620577,276
31,620577,306
39,620578,610
24,620579,760
0,620581,544
89,620582,848
21,620585,926
25,620586,656
109,620591,260
48,620591,982
71,620592,770
138,620592,264
115,620592,814
90,620593,1252
106,620594,428
90,620594,800
48,620594,6318
115,620595,952
186,620596,756
71,620596,544
74,620596,480
57,620597,772
39,620598,500
39,620599,396
35,620599,210
146,620600,510
19,620600,1164
107,620605,1512
99,620605,650
56,620605,1144
188,620622,1560
41,620623,4122
138,620623,1924
235,620623,1456
90,620623,240
191,620624,312
32,620624,320
90,620624,726
41,620650,2208
62,620650,5584
121,620651,932
130,620651,1134
133,620652,2460
25,620653,4956
128,620653,270
25,620655,612
68,620655,7452
110,620655,828
56,620655,512
37,620655,1582
23,620656,1056
7,620656,1078
21,620656,918
68,620656,736
21,620657,900
17,620657,270
27,620662,504
129,620662,1244
142,620662,636
8,620663,1304
88,620663,480
120,620684,272
131,620691,260
140,620700,298
20,620734,210
182,620734,720
41,620735,286
98,620735,5820
109,620735,952
90,620735,15776
35,620736,216
26,620741,392
65,620741,1044
141,620798,1320
3,620799,680
121,620799,1130
84,620799,2150
23,620806,1908
21,620806,3416
128,620806,384
29,620815,2286
29,620816,2106
85,620834,2640
72,620834,7326
90,620834,384
123,620834,272
107,620835,14870
77,620835,3654
75,620835,2630
102,620835,220
76,620835,4160
141,620835,3746
85,620836,1050
29,620836,6186
92,620836,4328
138,620836,1404
134,620836,246
72,620836,5062
140,620837,260
93,620837,204
235,620837,544
81,620837,824
32,620841,6018
94,620841,2566
112,620841,2568
229,620841,5038
54,620841,448
69,620874,2450
189,620874,438
1,620900,4450
90,620901,2954
25,620913,1426
107,620920,1276
85,620920,260
77,620920,2904
123,620920,230
141,620920,4104
77,620921,240
49,620921,3052
102,620921,1040
123,620921,234
141,620921,1142
25,620922,1956
72,620922,3924
57,620922,2490
128,620923,264
95,620928,612
112,620928,732
96,620928,3760
45,620928,1700
81,620928,3656
32,620931,654
25,620932,562
159,620933,590
127,620959,252
169,620964,290
0,620976,300
43,620992,296
101,621001,1602
67,621002,1706
86,621005,1012
57,621005,272
62,621037,1948
117,621037,2112
144,621038,900
110,621038,208
138,621038,2040
164,621038,198
90,621038,1696
121,621039,820
163,621039,2348
0,621040,1194
23,621046,4284
97,621046,224
65,621046,888
120,621058,2028
235,621058,1784
54,621059,1520
146,621060,790
32,621069,1980
62,621071,2300
105,621071,3016
52,621071,2672
32,621074,1196
112,621074,1042
228,621074,1154
34,621086,1150
95,621086,1548
221,621086,204
121,621090,280
121,621104,760
163,621105,966
12,621106,864
121,621109,218
4,621109,492
88,621110,800
7,621123,1230
169,621123,246
7,621125,380
21,621125,2232
9,621136,1652
72,621136,220
43,621140,576
26,621140,4350
0,621140,898
4,621140,2074
24,621140,4310
95,621141,224
21,621141,576
139,621141,432
96,621144,394
81,621144,612
32,621145,864
140,621145,700
25,621146,864
107,621181,1050
77,621181,642
49,621181,588
76,621181,7740
107,621182,7980
85,621182,216
77,621182,730
76,621182,6556
90,621194,576
76,621194,930
140,621219,846
122,621219,10006
140,621257,1150
157,621257,340
54,621257,1772
109,621258,874
164,621258,210
77,621259,1074
77,621260,1002
102,621260,206
110,621280,600
109,621280,2096
53,621280,200
109,621281,280
61,621281,682
48,621281,1800
147,621283,748
40,621283,1150
109,621284,576
90,621284,192
29,621285,4314
92,621285,638
138,621285,3008
74,621285,4440
134,621285,1566
72,621285,5836
90,621285,3760
123,621285,4386
229,621290,200
64,621290,770
25,621297,990
31,621297,222
37,621297,722
89,621297,338
163,621298,180
127,621298,588
25,621299,1080
97,621299,372
51,621313,914
47,621313,930
24,621314,1096
89,621314,422
25,621315,540
0,621315,252
90,621316,1040
21,621323,1370
65,621323,964
178,621329,564
55,621329,224
25,621331,1286
47,621331,2880
46,621332,1966
64,621332,850
228,621333,1492
25,621334,5634
139,621334,1308
64,621334,11356
235,621334,4914
47,621334,6400
54,621334,5670
138,621336,1008
160,621336,918
46,621347,2684
162,621348,1804
8,621379,520
66,621413,2344
66,621414,892
111,621414,630
20,621442,274
48,621443,280
68,621477,1132
37,621477,444
21,621478,19652
139,621478,714
159,621478,2680
54,621478,10270
235,621479,3414
54,621479,952
19,621480,1040
228,621481,800
125,621482,724
19,621483,600
54,621484,1342
112,621486,1200
21,621488,2460
91,621489,1574
68,621490,1840
21,621491,1576
23,621569,360
26,621569,216
7,621569,2568
88,621570,1552
27,621571,1186
80,621571,272
31,621575,884
37,621576,600
65,621577,800
21,621578,730
24,621588,1596
23,621589,966
24,621589,318
68,621594,1312
91,621594,390
25,621595,1588
31,621595,452
68,621596,2538
84,621597,3114
25,621599,540
68,621599,5880
126,621600,536
91,621600,228
68,621604,1416
24,621604,330
32,621606,7348
96,621606,4554
228,621606,9636
5,621608,210
49,621608,684
0,621609,698
31,621609,354
24,621609,700
89,621609,510
85,621749,308
49,621751,3324
123,621751,216
42,621752,420
77,621754,950
42,621794,344
77,621795,794
4,621832,4750
3,621833,2320
115,621866,624
90,621866,130
29,621867,448
71,621867,1188
90,621867,2356
101,621867,4312
123,621867,688
107,621868,5268
89,621899,568
186,622053,732
187,622053,192
115,622054,210
90,622054,480
141,622061,1400
29,622062,1700
76,622063,762
40,622064,482
67,622065,482
75,622066,778
134,622067,788
134,622068,784
7,622314,1140
10,622315,1590
10,622316,1394
61,622435,216
90,622435,2210
24,622637,290
89,622637,1160
9,622863,5162
160,622863,4496
